Code,BGBC ,Aspect,Clay fraction,DEM,Year,"Slope length 
factor","Valley bottom
flatness index",Sand fraction,Silt fraction,Slope,"Soil parent
material","Terrain roughness
index","Topographic wetness
index",Curvature,Longitude,Latitude,NDVI,NPP,"Annual mean
temperature","Annual mean
precipitation","Annual
evapotranspiration","Surface solar
radiation","Nighttime landsurface
temperature","Daytime land surface
temperature",OC Emissions,NOx Emissions,NH3 Emissions,CO Emissions,BC Emissionse,Population density,GDP,"Distance from the
railway","Distance from the
road","Nighttime light
index",CO2 Emissions,Land use,Total nitrogen,pH,"Cation exchange
capacity",Bulk density
B0001,0.2328,130.8650055,14,1284,2011,120,6.86219E-09,54,32,9.036370277,92,15.29710007,16,0.024691399,109.39,36.82,0.7301,300.1000061,9.75,625.6569824,517.0020142,160744000,16.94879913,16.94879913,142.8670044,522.9069824,324.7990112,5983.060059,81.3302002,14,192.3600006,9899.5,3605.550049,11,1700.23999,1,1507,83,184,126
B0002,0.2818,319.7149963,14,1191,2011,0,2.22763E-06,54,32,20.40579987,97,24.13299942,1,0.024691399,109.33,36.75,0.6806,336.5,10.1583004,615.8259888,518.9199829,160274000,18.77709961,18.77709961,460.4450073,2407.97998,968.9849854,23527.09961,273.3129883,15,252.6620026,19105,1000,174,3197.570068,1,1572,83,186,129
B0003,0.5811,54.22990036,14,1192,2011,0,0.090915702,54,32,8.80477047,92,12.1573,-1,0.024691399,109.25,36.75,0.7303,327.3999939,10.10000038,608.2210083,511.8880005,160072000,18.72820091,18.72820091,460.4450073,2407.97998,968.9849854,23527.09961,273.3129883,11,191.8529968,24041.59961,2236.070068,12,3197.570068,1,1588,83,195,119
B0004,1.0686,235.6199951,14,1219,2011,4,0.00101105,54,32,5.332049847,92,17.61249924,3,0.024691399,109.27,36.76,0.6559,310,10.10000038,604.9429932,518.9199829,160334000,18.74360085,18.74360085,460.4450073,2407.97998,968.9849854,23527.09961,273.3129883,12,178.5780029,22627.40039,1000,1,3197.570068,1,1577,82,201,123
B0005,2.6337,242.5800018,36,165,2005,72,0.0267892,39,25,11.44639969,219,13.01539993,16,0.024691399,117.95,26.467,0.7833,542.2000122,20.08329964,1952.930054,932.6699829,145574000,21.78319931,21.78319931,399.196991,926.7999878,1306.420044,28328.40039,157.9490051,29,296.2189941,0,2236.070068,276,11233.40039,1,1870,55,163,122
B0008,0.0806,128.5169983,43,616,2012,20,1.61726E-06,24,33,4.837389946,104,10.86279964,1,0,108.4992,28.0472,0.8241,811.0999756,15.43330002,1317.130005,702.3339844,104121000,20.63540077,20.63540077,598.9840088,802.0689697,1309.579956,21765.40039,268.8099976,13,220.5010071,40012.5,3162.280029,36,10791.09961,1,3466,64,211,124
B0009,0.1072,57.72439957,43,932,2012,120,0.535587013,24,33,10.3263998,104,16.67930031,16,0,108.4694,28.0353,0.8223,864.5,14.4083004,1328.089966,702.3339844,104121000,21.97450066,21.97450066,598.9840088,802.0689697,1309.579956,21765.40039,268.8099976,3,256.5150146,43104.5,4242.640137,20,25343.09961,1,3305,62,203,121
B0010,0.1788,107.5009995,43,1055,2012,0,1.34501E-07,24,33,17.46150017,104,21.83119965,16,0,108.4859,28.0533,0.8248,880.0999756,14.13329983,1334.810059,698.0360107,104088000,21.63059998,21.63059998,598.9840088,802.0689697,1309.579956,21765.40039,268.8099976,8,210.4600067,42011.89844,5099.02002,6,10791.09961,1,3246,60,217,122
B0011,0.2594,64.48930359,25,832,2012,56,3.98689E-08,45,30,26.22590065,224,30.44339943,16,0,108.4357,27.9518,0.8793,696.2999878,15.17500019,1351.640015,715.0800171,104680000,18.6602993,18.6602993,885.3610229,4244,1880.98999,37066.10156,408.1470032,28,215.2259979,46840.19922,0,2,23186.30078,1,3746,58,223,121
B0012,0.2758,116.4560013,43,969,2012,143,1.87887E-07,24,33,17.66609955,104,20.88059998,-2,0,108.4853,28.0467,0.8138,870.7000122,14.52499962,1324.829956,702.3339844,104121000,21.63059998,21.63059998,598.9840088,802.0689697,1309.579956,21765.40039,268.8099976,8,220.5010071,42011.89844,5099.02002,6,10791.09961,1,3251,60,209,121
B0013,0.451,328.2990112,25,632,2012,0,0.863497019,45,30,6.164430141,224,8.809089661,1,0,108.4469,27.9686,0.8229,791.7999878,15.69169998,1313.869995,715.0800171,104680000,20.46890068,20.46890068,598.9840088,802.0689697,1309.579956,21765.40039,268.8099976,3,217.3959961,45354.19922,1000,5,23186.30078,1,3581,64,203,123
B0014,0.7558,145.9369965,43,831,2012,137,3.22583E-08,24,33,21.94529915,104,23.90819931,16,0,108.5011,28.0553,0.8594,775.2999878,15.05000019,1325.349976,698.0360107,103890000,20.63540077,20.63540077,598.9840088,802.0689697,1309.579956,21765.40039,268.8099976,33,220.5010071,40000,3605.550049,22,10791.09961,1,3394,60,201,119
B0015,1.2708,345.0050049,43,692,2012,88,0.000758754,24,33,8.905090332,104,27.70919991,0,0,108.5067,28.0522,0.8594,745.0999756,15.125,1325.349976,698.0360107,103890000,20.63540077,20.63540077,598.9840088,802.0689697,1309.579956,21765.40039,268.8099976,33,220.5630035,40000,3605.550049,85,10791.09961,1,3466,64,211,119
B0016,1.587,324.1619873,25,662,2012,89,0.735738993,45,30,6.843870163,224,9.979980469,16,0,108.4492,27.9542,0.9679,712.4000244,15.01669979,1303.359985,702.3339844,104680000,20.02809906,20.02809906,598.9840088,802.0689697,1309.579956,21765.40039,268.8099976,2,209.0859985,44922.19922,0,4,23186.30078,1,3443,62,209,125
B0017,1.716,224.3840027,36,447,2002,78,1.90319E-07,39,25,28.06780052,219,30.31830025,0,0,112.52,23.17,0.9281,1175.099976,21.05830002,1756.98999,1091.910034,136210000,23.33469963,23.33469963,449.394989,3779.719971,2646.090088,22958.69922,199.5480042,0,1296.579956,1000,2828.429932,938,85344.89844,1,3354,51,140,111
B0018,2.072,243.4349976,17,3993,2011,0,0.157787994,44,39,6.550310135,197,6.797060013,3,0,101.68,30.23,0.7491,465,2.799999952,1100.050049,517.9719849,148147008,19.70820045,19.70820045,24.0461998,47.0544014,121.1999969,796.5830078,9.743940353,33,29.74970055,124788,34438.39844,2,7927.040039,1,6794,65,240,112
B0019,3.8598,7.765170097,21,4630,2011,0,0.000343409,47,32,16.70179939,193,19.20420074,16,-0.024691399,101.79,29.99,0.3278,125.5,-2.791670084,1279.219971,482.5150146,137040000,12.27859974,12.27859974,20.48310089,37.21960068,103.3759995,661.7670288,8.24203968,4,29.90929985,112752,21954.5,0,226.7169952,1,6184,63,281,105
B0020,1.9135,203.4290009,36,356,2011,0,2.65058E-06,39,25,19.4666996,219,21.6378994,0,-0.395062,117.94,26.38,0.8596,500.5,19.41670036,1180.630005,935.9539795,151403008,23.39439964,23.39439964,280.6300049,1617.119995,1317.27002,15782.09961,130.8659973,10,764.960022,3000,2000,4,5562.689941,1,1919,54,155,124
B0021,1.9565,229.8789978,36,160,2011,10,0.00977489,39,25,8.938260078,219,13.09959984,16,-0.074074097,117.93,26.36,0.8183,589.5999756,19.7833004,1188.72998,935.9539795,151403008,23.46349907,23.46349907,280.6300049,1617.119995,1317.27002,15782.09961,130.8659973,75,765.1710205,0,0,0,5562.689941,1,1917,56,160,124
B0022,0.2051,320.7109985,19,706,2011-2012,90,3.91531992,54,27,1.100309968,17,1.732049942,16,0,128.1081,42.4209,0.52975,524.75,3.320834994,727.3865051,644.5870056,133510996,10.34549046,10.34549046,98.95914841,43802.98541,184.3909988,6220.735107,59.09869957,2618.5,202.4985046,2000,12000,2207.5,78849.89844,1,6517,61,336,126
B0023,0.2143,233.1300049,35,1137,2011-2012,0,3.948260069,24,41,0.77421999,23,1.341639996,16,0.209876999,128.3117,42.1914,0.8354,544.5499878,1.170835018,780.4359741,599.3720093,125534000,6.070489883,6.070489883,6.466414928,43158.19542,16.82074928,445.5285034,3.651335001,6,41.85634995,33241.5,41048.80078,1,264.7754974,1,6506,57,290,112
B0024,0.2605,105.2549973,35,764,2011-2012,0,0.511250973,24,41,1.76504004,23,2.645750046,0,0.296296,128.0946,42.3993,0.91325,611.3999939,3.129164934,741.3735046,644.5870056,134667496,7.647155046,7.647155046,98.95914841,43090.42764,184.3909988,6220.735107,59.09869957,1026.5,143.8014984,5000,15000,1022,7384.564941,1,4752,58,283,114
B0025,1.71,25.97439957,14,1697,2003,77,1.936179996,44,42,3.355089903,199,4.404540062,1,0.086419798,128.06,42.07,0.8402,552.0999756,-0.449999988,693.8829956,565.8200073,114359000,4.10777998,4.10777998,8.222240448,53.95399857,15.89000034,514.5380249,4.642449856,0,16.54369926,42000,33955.89844,0,2589.879883,1,5803,55,295,103
B0026,3.2,45,19,1171,2003,104,2.74052,54,27,0.766439974,17,0.774596989,16,0.086419798,128.09,42.17,0.8955,660,2.616669893,621.9970093,571.065979,130157000,6.82806015,6.82806015,8.222240448,53.95399857,15.89000034,514.5380249,4.642449856,3,13.14939976,33241.5,37735.89844,0,4441.77002,1,4507,57,238,101
B0027,3.28,28.61050034,20,824,2003,100,0.811940014,44,36,1.93956995,149,2.236069918,0,0.296296,128.13,42.35,0.9213,621.4000244,3.974999905,587.882019,658.0679932,133866000,9.58041954,9.58041954,117.2639999,483.947998,173.1049957,5761.819824,56.58039856,4,14.36839962,10770.2998,20396.09961,0,3304.689941,1,4575,58,267,115
B0028,0.2676,115.7099991,29,-2,2005,0,7.174640179,33,38,2.318949938,176,1.612450004,0,0.296296,113.67,23.05,0.3545,122.6999969,22.39170074,1883.140015,1013.98999,149212000,25.63870049,25.63870049,1303.219971,45982,1272.73999,198819,1400.849976,1005,8974.05957,4472.140137,2236.070068,6215,2601780,1,3785,59,182,111
B0030,0.702,73.44290161,29,18,2005,0,5.635779858,33,38,2.986010075,176,7.028510094,16,0.086419798,113.85,22.81,0.3296,311.2999878,22.60829926,1964.02002,1105.719971,152200992,27.07250023,27.07250023,1303.219971,45982,1272.73999,198819,1400.849976,343,13204.7998,2000,3000,5853,623952,1,3345,58,162,115
B0032,0.8162,101.6110001,43,76,2005,25,0.631052971,28,29,5.750850201,216,9.241209984,0,0.086419798,114.16,22.87,0.7709,807.7999878,22.00830078,2097.25,1040.579956,149580992,24.9715004,24.9715004,790.4699707,22723.5,816.7969971,138766,976.7639771,20,5289.790039,3605.550049,0,5586,112252,1,2637,52,146,112
B0033,0.9626,50.71060181,43,11,2005,0,6.733389854,28,29,1.100309968,216,1.732049942,16,0.296296,114.01,23.02,0.6311,511.2000122,22.54999924,2019.800049,1001.400024,145855008,26.79330063,26.79330063,748.0289917,7123.779785,2323.389893,58609.89844,491.1489868,496,8609.200195,2828.429932,0,6043,459689,1,3322,58,168,114
B0035,1.3798,204.2279968,25,529,2010-2011,105,3.45907E-07,45,30,16.50849915,219,17.42410088,-1,0.296296,114.45,24.55,0.87005,1402.549988,17.26669979,1825.675049,1046.030029,148144496,20.52395058,20.52395058,80.43495178,317.5049896,285.8869934,3726.400024,37.16685104,43.5,343.4654999,49010.19922,13000,1,2912.349976,1,2879,53,173,117
B0036,2.1627,352.769989,36,831,2010-2011,137,1.72535E-05,39,25,20.05540085,219,24.71439934,16,0.0123457,114.48,24.58,0.9109,828.1500244,16.80000019,1838.560059,1077.73999,148144496,19.63290024,19.63290024,80.43495178,317.5049896,285.8869934,3726.400024,37.16685104,1,345.1504974,47000,10440.2998,0,2912.349976,1,2969,54,174,115
B0037,2.7786,120.4660034,36,803,2010-2011,0,1.01688E-07,39,25,20.46249962,224,23.56270027,16,0.358025014,114.45,24.56,0.9299,1394.399963,16.69999981,1851.290039,1077.73999,147794496,20.52165031,20.52165031,80.43495178,317.5049896,285.8869934,3726.400024,37.16685104,43.5,343.6764984,49000,13416.40039,0.5,2912.349976,1,3110,53,174,115
B0038,3.3673,226.177002,25,829,2010-2011,0,3.72422E-06,45,30,29.1685009,224,34.26660156,16,0.358025014,114.44,24.52,0.88525,781.7999878,16.27500057,1882.984924,1046.030029,148003496,19.55580044,19.55580044,80.43495178,317.5049896,285.8869934,3726.400024,37.16685104,2,343.8805084,49254.39844,12041.59961,1,122635,1,3231,52,160,116
B0042,0.1922,353.1220093,14,1138,2009,94,1.44145E-07,54,32,19.28059959,92,23.63899994,0,-0.493826985,109.513,36.5353,0.7655,329.2999878,10.76669979,547.4119873,540.8389893,163400000,19.04780006,19.04780006,441.6270142,2088.27002,920.9559937,22448.5,267.4679871,10,325.322998,4000,4123.109863,937,3035.629883,1,1681,82,195,127
B0043,0.5378,305.5379944,14,1363,2009,0,0.396174014,54,32,3.989840031,92,9.664369583,16,-0.728394985,109.557,36.4528,0.7741,420,9.633330345,584.8380127,551.3969727,165282000,18.19219971,18.19219971,144.2189941,463.7529907,356.3800049,5816.5,77.38079834,9,233.4819946,9000,6324.560059,50,57366.19922,1,2422,75,202,124
B0044,0.1,75.96379852,7,243,2007,0,4.714009762,80,13,0.63845098,101,2.323790073,-1,0.308642,122.25,42.78,0.7081,239.1999969,8.566670418,393.0320129,442.0589905,148024000,17.37750053,17.37750053,106.0979996,178.3379974,698.1030273,3046.810059,39.30189896,9,47.66030121,9219.540039,14142.09961,3,347.1820068,1,1615,76,224,140
B0045,0.574,270,7,249,2007,0,4.873650074,80,13,0.154853001,101,1.414209962,0,0,122.24,42.79,0.7109,242.1999969,8.533329964,391.625,442.0589905,150271008,17.07850075,17.07850075,106.0979996,178.3379974,698.1030273,3046.810059,39.30189896,10,47.50500107,7071.069824,15000,2,347.1820068,1,1907,76,227,140
B0046,1.172,217.875,7,248,2007,9,4.86935997,80,13,0.88273102,101,1.341639996,16,-0.580246985,122.22,42.78,0.7413,278.7999878,8.508330345,390.9020081,442.0589905,150271008,16.91139984,16.91139984,106.0979996,178.3379974,698.1030273,3046.810059,39.30189896,11,47.52199936,8062.259766,17029.40039,48,347.1820068,1,1819,77,224,140
B0047,0.8016,45,20,727,2009,0,3.018640041,44,36,0.218995005,149,0.632456005,-1,-0.45679,121.51,50.82,0.8812,439,-4.416669846,555.2860107,451.9970093,119789000,1.444169998,1.444169998,98.73139954,2068.090088,59.74649811,11685.2002,87.7736969,3,47.21340179,0,198063,785,1906.469971,1,8464,61,260,99
B0048,2.1214,225,20,732,2009,0,4.029089928,44,36,0.437983006,1,0.632456005,5,-0.061728399,121.51,50.83,0.8647,393.7000122,-4.416669846,556.5230103,451.9970093,119789000,1.096250057,1.096250057,98.73139954,2068.090088,59.74649811,11685.2002,87.7736969,1,11.31729984,0,199063,19,1906.469971,1,8339,62,265,97
B0049,2.4131,220.9140015,20,742,2009,61,0.515776992,44,36,1.536509991,149,1.732049942,0,0.123457,121.51,50.84,0.8532,455.7999878,-4.433330059,558.15802,451.9970093,119789000,0.302082986,0.302082986,98.73139954,2068.090088,59.74649811,11685.2002,87.7736969,0,15.36190033,0,200062,7,1906.469971,1,8203,64,248,97
B0051,0.0527,-1,29,282,2011,0,4.935400009,33,38,0,176,0.894427001,16,-0.037037,116.42,25.68,0.7958,633,19.31669998,1439.339966,1051.880005,152328000,25.61059952,25.61059952,414.3919983,932.9130249,1825.359985,11269.09961,133.4259949,124,443.572998,0,2236.070068,794,5128.180176,1,1666,58,143,128
B0052,0.0675,150.3439941,36,443,2011,0,1.32639E-05,39,25,18.00440025,219,21.31200027,3,0.074074097,116.31,25.75,0.7567,819.0999756,18.57500076,1428.280029,989.4760132,154519008,24.08169937,24.08169937,414.3919983,932.9130249,1825.359985,11269.09961,133.4259949,2,339.5599976,5000,2000,2,70974,1,2210,52,157,123
B0053,0.0684,327.6799927,29,338,2011,0,0.00484329,33,38,13.22809982,219,16.26650047,16,0.074074097,116.35,25.71,0.761,881,19.04170036,1435.170044,1051.880005,154519008,24.31570053,24.31570053,414.3919983,932.9130249,1825.359985,11269.09961,133.4259949,56,313.2669983,3162.280029,1000,504,70974,1,1953,56,156,125
B0054,0.0851,113.8389969,29,279,2011,42,3.426029921,33,38,3.63499999,223,7.628890038,16,0.074074097,116.39,25.58,0.7228,699.2999878,19.35829926,1454.280029,1075.530029,154316000,25.17679977,25.17679977,414.3919983,932.9130249,1825.359985,11269.09961,133.4259949,109,356.0589905,10295.59961,4472.140137,353,43441.39844,1,1720,57,180,125
B0055,0.9975,228.576004,43,231,2011,0,0.912733972,28,29,3.506390095,216,9.93982029,16,0.074074097,107.1167,22.0167,0.8522,1202.800049,21.44169998,1422.77002,1095.579956,139844000,23.35050011,23.35050011,53.13869858,246.1349945,307.6300049,1935.160034,20.53440094,1,141.2709961,15000,17804.5,18,8310.25,1,2743,56,195,117
B0056,1.0253,332.8649902,29,86,2011,0,0.567170024,33,38,13.6559,176,19.74839973,-1,-0.333332986,111.2833,23.4333,0.7531,863.2340088,21.39170074,1205.550049,1151.72998,150700992,25.27759933,25.27759933,254.2319946,836.2559814,1261.119995,9823.44043,116.6240005,7,350.8080139,6324.560059,7071.069824,1912,114453,1,2455,53,161,116
B0057,2.3558,88.71749878,36,377,2011,0,7.14896E-05,39,25,19.91309929,219,24.2446003,5,-0.296296,107.2,22.0167,0.9204,1504,20.56669998,1478.109985,1115.780029,140462000,23.52869987,23.52869987,53.13869858,246.1349945,307.6300049,1935.160034,20.53440094,1,145.3710022,19313.19922,23600.80078,7,2518.100098,1,2600,55,181,114
B0058,0.188,208.5399933,29,200,2011,0,3.484240055,33,38,5.010980129,176,7.22495985,16,0.790122986,110.45,25.35,0.934,870.2000122,18.27499962,1179.660034,998.3629761,139344000,23.05520058,23.05520058,408.9230042,2761.5,1729.390015,27413.90039,269.0639954,36,349.7640076,1414.209961,10198,268,15141.2002,1,2449,58,186,125
B0059,0.7002,175.8999939,36,301,2011,0,4.5677E-05,39,25,21.65119934,219,25.66710091,16,0.222222,111.75,24.4333,0.8859,721.7999878,19.10000038,1346.48999,1016.47998,142592000,22.61400032,22.61400032,232.4810028,620.1959839,842.3300171,7341.490234,81.15049744,0,290.4989929,10630.09961,13453.59961,426,25272.5,1,2815,55,187,114
B0060,0.8942,242.1990051,36,121,2009,63,0.00663383,39,25,9.539219856,219,12.20660019,16,-0.395062,114.7833,27.6,0.7834,687.5999756,18.20000076,1479.5,955.5560303,148683008,22.53070068,22.53070068,266.9509888,679.822998,1583.709961,10358.2998,116.0690002,174,323.6019897,11401.7998,0,48,5027.160156,1,1731,56,179,122
B0065,0.4164,314.0119934,36,470,2010,0,4.43152E-08,39,25,18.39609909,219,18.62260056,16,0.185185,118.15,27.05,0.9013,439,18.29999924,2448.149902,884.2860107,139988992,21.84280014,21.84280014,119.0879974,232.4909973,420.2229919,3166.860107,35.76319885,5,227.473999,11180.2998,13000,6,9568.269531,1,2060,51,149,123
B0068,1.549,273.5450134,36,244,2011,0,2.8509E-05,39,25,8.698539734,219,11.19820023,16,0.135802001,117.7247,26.5131,0.7804,767.0999756,19.3416996,1169.430054,939.5139771,151452000,23.67539978,23.67539978,280.6300049,1617.119995,1317.27002,15782.09961,130.8659973,14,581.6099854,4123.109863,3000,452,41441.5,1,1850,53,136,124
B0069,2.1259,30.13459969,19,4146,2010,0,1.26054E-08,54,27,32.64509964,17,38.18379974,16,-0.074074097,94.0167,29.15,0.7745,530.2000122,3.033329964,837.9799805,427.9519958,110839000,5.293610096,5.293610096,1.685570002,71.00939941,27.49370003,231.5249939,2.118259907,0,10.1868,9433.980469,35510.60156,2,8102.759766,1,5086,59,193,100
B0070,0.5931,238.8079987,14,1543,2009,0,5.96301E-05,64,22,13.07349968,45,15.37530041,1,0.629630029,116.76,41.89,0.8304,455.5,3,346.3699951,460.2940063,157382000,11.64120007,11.64120007,19.37660027,63.46350098,108.9909973,718.0910034,9.882080078,3,39.3771019,16278.7998,50921.5,1,955.3569946,1,4120,73,242,115
B0071,0.2785,40.10089874,14,1376,2009,0,0.48764199,64,22,3.840719938,45,4.753950119,16,0.024691399,117.12,42.25,0.5933,359.8999939,2.349999905,328.1730042,480.5599976,149676992,13.34990025,13.34990025,27.42259979,63.12459946,108.0739975,917.4539795,12.06729984,15,43.69459915,38626.39844,57384.69922,6,642.4400024,1,3042,75,256,134
B0072,0.5011,154.5919952,14,1347,2009,100,0.224176005,64,22,6.824940205,13,10.12919998,16,0.567901015,117.02,42.07,0.6996,291.3999939,3.566669941,325.7799988,440.2489929,154572000,14.69540024,14.69540024,49.24089813,152.378006,192.9440002,1804.5,22.79150009,5,48.62170029,35171,55000,8,1577.77002,1,3424,77,229,125
B0073,0.736,161.5650024,7,1529,2009,135,0.451480001,80,13,3.179709911,101,4.35890007,16,-0.320987999,117.06,42.66,0.6689,352.7999878,1.149999976,340.3139954,426.0830078,147064992,11.23040009,11.23040009,27.88339996,36.74879837,81.98760223,936.1220093,13.98330021,7,41.87599945,42011.89844,68000,2,131.9660034,1,3685,76,236,121
B0074,0.7989,315,7,1414,2009,32,3.417759895,80,13,0.547473013,101,1,1,-0.185185,116.75,42.56,0.3975,241.1000061,1.666669965,314.0209961,400.2890015,148971008,12.88930035,12.88930035,18.82290077,25.61870003,94.20809937,616.992981,9.792550087,7,84.1977005,43046.5,61131,1,364.5270081,1,2863,78,217,133
B0075,0.5612,133.8309937,43,1039,2012,106,0.000712604,24,33,5.350900173,224,12.49800014,16,0.432099015,107.08,26.92,0.8736,748.9000244,14.60830021,1207.609985,732.914978,108202000,21.65299988,21.65299988,239.6340027,655.2930298,872.315979,10041.2998,105.3199997,36,493.2340088,9000,1000,131,4892.509766,1,2813,56,189,117
B0076,0.7097,300.5,25,1251,2012,84,0.158681005,45,30,12.89729977,224,14.09959984,0,0.086419798,107.14,26.87,0.8525,844.7999878,13.45829964,1257.719971,732.914978,108441000,19.51300049,19.51300049,239.6340027,655.2930298,872.315979,10041.2998,105.3199997,194,568.3239746,15132.7002,6403.120117,0,8962.25,1,3152,58,185,115
B0077,1.1601,147.3880005,29,259,2012,84,0.00712827,33,38,18.7010994,219,25.5734005,-2,-0.049382702,111.98,26.85,0.8516,782.4000244,17.49169922,1424.719971,912.2550049,125549000,23.10880089,23.10880089,501.4020081,2730.360107,2086.590088,24779,269.9509888,15,810.8740234,6324.560059,22203.59961,6,27758.5,1,2603,56,186,120
B0078,1.2119,210.9640045,22,1110,2012,0,5.989260197,45,33,0.451462001,186,0.632456005,0,-0.395062,106.26,38.491,0.3004,195.0939941,9.100000381,252.5749969,281.0409851,170956992,18.46139908,18.46139908,828.9119873,16149.5,1584.469971,63593.10156,794.2390137,4349,13670,6403.120117,6000,5759,154076,1,1172.73999,85.0388031,151.7960052,145
B0082,0.297,16.12759972,26,2113,2009,190,0.000301377,33,41,13.14379978,6,15.10630035,16,0.580246985,104.82,26.46,0.8766,979.5999756,12.36670017,1016.080017,793.6420288,135892000,17.77330017,17.77330017,572.3410034,369.8729858,948.9359741,16830.59961,208.1849976,2396,64.96530151,1000,2000,485,817011,1,3820,58,236,111
B0083,0.1085,222.1380005,48,314,2010,0,7.23935E-06,22,30,4.376850128,107,3.435110092,16,0.148148,111.24,30.94,0.9031,782.7000122,15.9083004,1115.550049,777.026001,143868992,19.61529922,19.61529922,480.9190063,2659.26001,1437.630005,26937.90039,337.0589905,2,395.5870056,20808.69922,1000,0,14640.09961,1,2409,63,182,124
B0084,0.1323,221.0090027,26,1299,2010,0,5.19956E-05,33,41,9.355669975,104,20.83270073,-3,-0.679012001,110.69,30.76,0.8631,616.2000122,13.19169998,1301.199951,780.8629761,133623000,18.5503006,18.5503006,231.375,303.8410034,1053.579956,6595.899902,79.56030273,121,135.5370026,15000,15000,6,7975.330078,1,3607,58,172,118
B0085,0.2124,345.75,43,1147,2010,0,2.01448E-05,24,33,9.96380043,104,13.33419991,1,0.666666985,110.04,31.12,0.8281,632.2999878,13.74170017,1161.939941,776.7620239,134796992,18.01329994,18.01329994,449.6480103,1370.030029,1291.310059,17197.09961,181.3139954,74,190.4199982,0,4123.109863,0,13964.5,1,3305,61,194,126
B0086,0.3154,15.94540024,7,1410,2008,77,4.417250156,80,13,1.127200007,101,2.049390078,16,-0.271605015,116.84,42.62,0.3637,216.6999969,1.866670012,449.4289856,486.9360046,141808992,12.50189972,12.50189972,27.35659981,38.72790146,116.3339996,892.664978,13.32680035,9,41.01079941,39357.30078,67268.10156,0,195.7870026,1,3126,79,236,132
B0087,0.5234,240.9450073,18,1585,2008,177,0.026751,57,25,6.351109982,137,8.354640007,16,-0.234568,117.82,42.45,0.8418,433.7000122,3.858330011,486.4970093,576.4199829,149047008,13.80070019,13.80070019,47.87170029,95.94319916,172.5119934,1590.560059,20.56150055,13,44.74649811,45177.39844,57428.19922,0,1632.449951,1,3667,73,232,110
B0088,2.128,29.45019913,22,1411,2008,0,0.000173492,49,29,12.85079956,13,16.60720062,1,0.567901015,117.65,41.84,0.8944,544.7999878,4.091670036,551.0510254,546.4160156,157451008,8.667360306,8.667360306,71.2901001,128.4199982,257.9890137,2308.139893,30.15909958,1,43.65629959,13000,10770.2998,53,596.3800049,1,3842,69,177,110
B0089,1.0122,349.7690125,22,1095,2008,151,5.0369E-05,49,29,15.72210026,13,18.51490021,16,0.172839999,118.02,41.62,0.8647,477.5,6.474999905,520.8779907,534.7839966,158327008,12.34959984,12.34959984,118.5540009,248.4700012,514.3579712,4042.72998,55.33330154,1,82.18299866,14866.09961,3000,2,1557.670044,1,2867,72,172,112
B0090,1.862,65.4260025,36,366,2010,99,0.00288447,39,25,16.47310066,219,23.79080009,16,-0.160494,109.93,26.88,0.8337,652.4000244,16.81669998,1283.939941,759.7509766,126748000,20.5230999,20.5230999,184.2619934,239.0579987,597.2719727,5669.779785,66.97810364,18,127.901001,18000,16000,1,5105.799805,1,3866,56,201,112
B0092,2.986,275.973999,36,472,2010,68,0.0038028,39,25,13.15400028,219,15.79240036,0,0.765432,109.82,26.97,0.8057,614.0999756,16.4666996,1302.810059,836.4780273,126013000,21.97500038,21.97500038,184.2619934,239.0579987,597.2719727,5669.779785,66.97810364,29,127.7860031,5000,5385.169922,0,27844.30078,1,3454,56,200,119
B0093,0.8907,125.538002,29,24,2011,0,5.881360054,33,38,0.666019976,176,1.095450044,16,0.395062,120.8167,29.5833,0.6252,619.8549805,16.89999962,1413.800049,921.1389771,145000000,24.22130013,24.22130013,348.2799988,7426.580078,1969.27002,36121.69922,301.473999,1216,3559.820068,2828.429932,2000,5998,96994.79688,1,1902.609985,61.58409882,169.9819946,114
B0099,0.472,111.2330017,36,414,2002,0,0.00277493,39,25,12.82279968,219,20.36660004,16,0.814814985,118.55,26.65,0.8611,779,19.24169922,1870.25,902.5130005,143320992,22.41939926,22.41939926,419.0889893,268.7420044,1047.469971,7629.839844,103.2979965,36,246.9380035,16278.7998,2236.070068,0,2375.850098,1,2545,55,193,124
B0100,0.533,143.3659973,36,130,2002,0,0.0126751,39,25,7.483099937,219,8.330670357,-1,0.814814985,118.29,27.03,0.758,580.2999878,19.9666996,1945.01001,1000.309998,143696992,24.0387001,24.0387001,635.8359985,504.4110107,1803.400024,12636.59961,171.3359985,56,136.723999,0,3000,3084,1569.449951,1,1703,54,137,124
B0101,0.206,150.720993,36,483,2008,0,0.000220706,39,25,15.00399971,219,19.1310997,16,0.814814985,111.992,23.42,0.8785,1313.199951,19.36669922,1938.910034,1104.430054,151824000,23.0067997,23.0067997,135.0899963,261.0440063,570.8150024,3862.439941,39.00889969,34,212.1340027,37336.30078,17029.40039,3,4914.259766,1,3115,53,157,108
B0102,0.405,117.0189972,43,219,2008,0,0.00118734,28,29,12.90120029,216,16.79290009,16,0.135802001,112.02,23.45,0.9178,1339,20.67499924,1912.709961,1104.430054,151367008,23.94449997,23.94449997,135.0899963,261.0440063,570.8150024,3862.439941,39.00889969,4,212.8540039,41593.30078,20396.09961,0,1426.939941,1,3191,55,192,112
B0103,0.648,8.630800247,14,1313,2007,0,0.0687185,54,32,17.02300072,92,20.1989994,16,0.135802001,111.78,37.52,0.7311,416,8.425000191,657.684021,657.5499878,172256000,14.16289997,14.16289997,287.5580139,656.0430298,224.1199951,21498.5,209.0619965,14,375.9490051,18384.80078,20099.80078,0,328.45401,1,3105,71,172,118
B0104,0.7839,217.1640015,21,1570,2007,0,7.96039E-05,50,29,11.87479973,31,16.35849953,16,0.135802001,111.75,37.49,0.8448,437.6000061,7.108329773,695.2420044,637.5720215,169695008,14.39330006,14.39330006,1154.180054,4810.77002,2339.459961,65494.89844,779.3880005,2,284.7850037,15132.7002,19209.40039,0,328.45401,1,2698,71,190,116
B0105,1.305,206.0859985,25,1827,2007,0,2.56097E-06,44,31,16.11330032,13,17.7595005,16,-0.197531,111.65,37.47,0.8684,374.2000122,5.966670036,716.2319946,666.9130249,168764992,14.38609982,14.38609982,1154.180054,4810.77002,2339.459961,65494.89844,779.3880005,7,205.2720032,13000,14212.7002,2,345.4140015,1,3574,68,180,114
B0106,1.3833,237.8359985,25,1712,2007,18,6.41413E-06,44,31,8.802129745,31,12.11610031,16,0.358025014,111.58,37.48,0.8449,359.6000061,5.683330059,720.7230225,666.9130249,168532000,12.53219986,12.53219986,328.5750122,715.0789795,206.3639984,8989.830078,258.3160095,44,295.9750061,10770.2998,10000,10,775.5750122,1,3626,68,179,113
B0107,1.6083,201.9960022,21,1414,2007,32,3.2731E-06,50,29,30.61359978,29,39.37260056,1,0.358025014,111.82,37.54,0.8741,353,8.300000191,666.6680298,657.5499878,172188992,16.02470016,16.02470016,287.5580139,656.0430298,224.1199951,21498.5,209.0619965,2,280.4089966,20248.5,17720,7,700.2310181,1,3231,70,174,115
B0108,0.1023,351.1579895,7,624,2012,110,1.854590058,80,13,3.521660089,101,3.872980118,16,0.358025014,119.7181,42.4294,0.6294,284.3999939,6.699999809,513.7390137,435.1000061,137923008,15.63739967,15.63739967,326.8089905,1747.089966,1056.5,19164.5,183.7089996,25,173.2380066,8000,4123.109863,303,34352.30078,1,2153,79,203,126
B0109,0.1134,326.618988,16,684,2012,0,0.000599192,65,19,11.79199982,63,12.5777998,16,-0.074074097,119.6764,42.4453,0.6103,325.3999939,6.641670227,501.0589905,435.1000061,138164992,14.80780029,14.80780029,326.8089905,1747.089966,1056.5,19164.5,183.7089996,20,151.8910065,4000,1000,9,39778.10156,1,1752,80,198,133
B0110,0.1213,69.77510071,7,628,2012,0,0.650757015,80,13,3.132420063,101,3.405879974,16,0.037037,119.7178,42.4331,0.6294,298.7999878,6.699999809,513.7390137,435.1000061,137923008,15.63739967,15.63739967,326.8089905,1747.089966,1056.5,19164.5,183.7089996,25,174.8280029,8000,4123.109863,303,34352.30078,1,2153,79,203,125
B0111,0.1381,345.3429871,16,638,2012,0,0.735032976,65,19,5.187789917,63,7.238780022,1,0.098765403,119.6861,42.4483,0.6987,274.6000061,6.675000191,507.5150146,435.1000061,138164992,14.64439964,14.64439964,326.8089905,1747.089966,1056.5,19164.5,183.7089996,7,148.7100067,5000,1414.209961,9,39778.10156,1,1776,79,197,133
B0112,0.1539,34.93090057,7,698,2012,57,0.078790903,80,13,11.73279953,101,12.24740028,0,0.037037,119.7114,42.4236,0.6448,334.2000122,6.525000095,515.5859985,435.1000061,137923008,15.78470039,15.78470039,326.8089905,1747.089966,1056.5,19164.5,183.7089996,1,173.2380066,7071.069824,4242.640137,21,34352.30078,1,2017,79,202,123
B0113,0.1573,280.3049927,16,629,2012,67,0.954635978,65,19,3.458420038,63,4.218999863,0,0.69135797,119.6783,42.4403,0.6103,277.7999878,6.658329964,507.5150146,435.1000061,138164992,14.94810009,14.94810009,326.8089905,1747.089966,1056.5,19164.5,183.7089996,8,164.7299957,5000,2236.070068,8,39778.10156,1,1768,79,195,133
B0114,0.1858,268.4790039,16,665,2012,0,0.074635401,65,19,8.685159683,63,11.94149971,16,-0.135802001,119.6814,42.4461,0.6339,281.2999878,6.675000191,507.5150146,435.1000061,138164992,14.94810009,14.94810009,326.8089905,1747.089966,1056.5,19164.5,183.7089996,7,151.8910065,5000,1414.209961,9,39778.10156,1,1776,79,197,133
B0115,0.1869,19.98310089,7,724,2012,128,0.0124917,80,13,10.74720001,101,11.54990005,-2,0.086419798,119.7172,42.3839,0.5766,280.6000061,6.583330154,510.7330017,435.1000061,138808992,15.83930016,15.83930016,326.8089905,1747.089966,1056.5,19164.5,183.7089996,5,131.8679962,10440.2998,9219.540039,0,1446.349976,1,2359,79,197,127
B0116,0.2075,341.5650024,18,610,2012,50,0.372803986,51,31,11.12110043,55,13.37160015,1,0.419752985,119.7214,42.4053,0.602,285.7999878,6.650000095,519.9060059,435.1000061,137923008,15.40600014,15.40600014,326.8089905,1747.089966,1056.5,19164.5,183.7089996,2,124.427002,9486.830078,7071.069824,3,34352.30078,1,2281,79,199,125
B0117,0.2288,162.9790039,18,669,2012,11,0.454593986,51,31,3.961369991,55,4.31276989,16,0.320987999,119.7117,42.4061,0.6387,322.2999878,6.675000191,511.4450073,435.1000061,137923008,15.73680019,15.73680019,326.8089905,1747.089966,1056.5,19164.5,183.7089996,3,124.427002,8544,6403.120117,3,34352.30078,1,2293,79,212,125
B0118,0.2288,51.70980072,7,604,2012,80,0.560419023,80,13,3.74326992,101,4.266149998,0,0.296296,119.7133,42.445,0.6579,318.2000122,6.800000191,504.0580139,435.1000061,137923008,15.48939991,15.48939991,326.8089905,1747.089966,1056.5,19164.5,183.7089996,19,150.4100037,7000,2000,484,34352.30078,1,1899,79,199,135
B0119,0.2362,239.5339966,20,749,2007-2008,126,0.515776992,44,36,3.051300049,149,3.549649954,-1,0.814814985,121.5105,50.84,0.83865,431.25,-2.545835018,422.2094879,420.0435028,129011500,4.160874963,4.160874963,70.75090027,1846.480042,68.70999908,7941.570068,55.08104897,0,14.56085014,0,200062,119,1741.555054,1,8446,61,257,97
B0120,0.4426,220.9140015,20,742,2007-2008,61,1.265390038,44,36,1.536509991,149,1.732049942,0,0.814814985,121.5089,50.84,0.83865,425.1999969,-2.545835018,422.2094879,420.0435028,129011500,2.744864941,2.744864941,70.75090027,1846.480042,68.70999908,7941.570068,55.08104897,0,14.56085014,0,200062,119,1741.555054,1,8203,64,248,97
B0121,0.589,225,20,732,2007-2008,0,4.029089928,44,36,0.437983006,1,0.632456005,5,0.814814985,121.5097,50.83,0.85745,381,-2.52916503,420.3860016,420.0435028,129011500,4.433705091,4.433705091,70.75090027,1846.480042,68.70999908,7941.570068,55.08104897,1,12.02355003,0,199063,353.5,1741.555054,1,8339,62,265,97
B0122,1.0577,90,20,732,2007-2008,0,2.930310011,44,36,0.154853001,149,0.632456005,5,0.814814985,121.5124,50.83,0.85745,423.3999939,-2.52916503,420.3860016,420.0435028,129011500,4.433705091,4.433705091,70.75090027,1846.480042,68.70999908,7941.570068,55.08104897,1,12.02355003,0,199063,374,1741.555054,1,8339,62,265,97
B0123,1.1651,198.4349976,20,728,2007-2008,0,4.19133997,44,36,0.489677995,149,0.774596989,16,-0.0123457,121.5145,50.82,0.89345,409.6499939,-2.5625,419.134491,420.0435028,129011500,3.565490007,3.565490007,70.75090027,1846.480042,68.70999908,7941.570068,55.08104897,1,36.87010002,1000,198091,757,1741.555054,1,8464,61,260,99
B0124,1.2241,56.30989838,27,739,2007-2008,0,1.672940016,41,32,3.902280092,1,3.633179903,0,-0.172839999,121.5032,50.82,0.87725,530.3500061,-2.52916503,424.8845062,420.0435028,129011500,2.865210056,2.865210056,70.75090027,1846.480042,68.70999908,7941.570068,55.08104897,2,36.87010002,0,197063,1048,1741.555054,1,8464,61,260,99
B0125,1.7357,187.779007,20,822,2007-2008,0,0.0229898,44,36,14.01439953,149,16.46820068,16,0.69135797,121.5112,50.85,0.88635,410.0999908,-2.579164982,426.8375092,431.9064941,129011500,3.200559974,3.200559974,70.75090027,1846.480042,68.70999908,7941.570068,55.08104897,0,9.959410191,0,201040,42.5,1741.555054,1,8358,62,240,100
B0126,1.2127,187.404007,14,1211,2008,0,6.86603E-07,54,32,13.56070042,97,18.69219971,-2,-0.135802001,108.53,36.08,0.7678,441.1000061,9.083330154,474.6940002,611.8770142,166987008,15.80430031,15.80430031,74.70420074,101.7440033,158.6909943,2436.209961,27.74399948,54,52.5223999,60016.69922,5385.169922,0,358.4140015,1,2431,76,191,124
B0130,1.297,80.02230072,36,969,2007,143,1.08256E-05,39,25,16.50849915,219,21.18020058,-2,-0.061728399,107.483,24.983,0.9026,1060.800049,17.54170036,1399.569946,962.9329834,138164000,22.62779999,22.62779999,105.0759964,181.1029968,237.6609955,3440.51001,42.18909836,19,79.85690308,6324.560059,9433.980469,284,77192.70313,1,3215,60,204,117
B0133,1.3687,60.94540024,43,179,2005,2,0.345254004,28,29,3.979370117,216,8.40237999,16,-0.641974986,108.35,22.9667,0.7809,618.7999878,21.5916996,1385.52002,994.8690186,131872000,25.94199944,25.94199944,1914.02002,16438.90039,4571.839844,179760,1382.01001,64,1596.079956,4242.640137,3000,624,96648.10156,1,2382,54,167,120
B0136,0.3509,187.8829956,43,512,2010,4,2.559570074,24,33,5.067500114,104,5.761940002,16,0.024691399,107.9167,24.8333,0.8232,744.7000122,18.8416996,1524.420044,896.2600098,125594000,22.69650078,22.69650078,34.21260071,67.77670288,161.6750031,994.6500244,12.76159954,10,324.1629944,8000,13341.7002,0,67327.60156,1,2841,59,186,116
B0139,0.3146,140.2420044,43,430,2010,31,4.92963E-06,24,33,22.70289993,104,24.07900047,16,0.234568,108.3189,24.7404,0.8097,932,19.58329964,1474.140015,931.1920166,125075000,24.3220005,24.3220005,198.8500061,556.375,840.0130005,7644.850098,67.0759964,8,67.09829712,5000,7071.069824,41,34947.69922,1,2215,58,193,122
B0140,0.4569,294.5280151,43,765,2010,0,5.42976E-08,24,33,17.0135994,104,20.42550087,16,0.234568,108.02,25.14,0.8553,799.2000122,17.7833004,1445.560059,929.6450195,125161000,21.64139938,21.64139938,23.42399979,14.84420013,63.24639893,613.2150269,7.789110184,6,63.25279999,14866.09961,31906.09961,1,1389.329956,1,2867,57,189,115
B0145,0.2814,89.06079865,31,696,2011,0,7.31459E-05,36,33,13.89220047,220,18.26469994,16,-0.308642,106.87,22.04,0.9063,1400.699951,20.19169998,1385.900024,1079.23999,137984992,22.15299988,22.15299988,4.942259789,50.90390015,23.34639931,302.4249878,2.610140085,2,377.0150146,7071.069824,5830.950195,0,-9999,1,2605,56,173,116
B0146,0.3463,139.7640076,22,356,2011,0,0.737109005,51,27,1.318300009,220,6.292850018,0,-0.308642,106.88,22.05,0.8736,1414.5,21.125,1351.160034,1084.819946,137984992,23.35230064,23.35230064,4.942259789,50.90390015,23.34639931,302.4249878,2.610140085,57,400.3609924,6324.560059,5656.850098,10,23873.80078,1,2176,57,167,115
B0147,0.4467,61.06000137,36,318,2008,0,0.00128056,39,25,7.477620125,219,14.12090015,0,-0.308642,118.4517,26.2433,0.7633,708.2000122,19.30830002,1506.829956,902.3289795,156330000,22.72999954,22.72999954,250.7579956,348.8970032,974.059021,6185.919922,76.93859863,18,227.647995,18027.80078,2236.070068,3,5597.430176,1,2153,57,159,124
B0148,0.4593,49.89910126,36,831,2008,137,3.07406E-06,39,25,21.93969917,176,25.91909981,16,0.037037,116.6508,25.1728,0.9047,757.2999878,17.5,1649.219971,898.1790161,155155008,21.83110046,21.83110046,179.8410034,367.7640076,735.4310303,5207.490234,58.40409851,20,402.2269897,1000,1000,21,17578.19922,1,2821,52,161,125
B0149,0.4857,205.1150055,36,353,2008,86,0.000345713,39,25,15.98970032,219,20.82789993,-1,-0.074074097,116.3836,26.1386,0.7445,924.0999756,18.97500038,1527.530029,1043.619995,155060000,24.91189957,24.91189957,254.6929932,362.70401,842.8880005,6923.740234,81.56369781,34,109.2409973,17117.19922,11045.40039,0,6257.200195,1,1688,55,193,126
B0150,1.1072,225,26,257,2008,0,0.000481731,36,38,11.8718996,177,13.32670021,16,-0.037037,117.3514,27.3175,0.8664,870.7000122,18.20829964,1649.030029,870.8179932,152536992,24.1093998,24.1093998,335.3359985,3086.169922,1756.609985,12894.40039,137.9909973,5,385.8529968,11313.7002,12083,107,4308.140137,1,1752,51,159,126
B0151,1.5757,357.5100098,29,257,2008,0,0.687469006,33,38,7.093520164,176,11.36660004,16,0.111111,117.8022,27.2756,0.8018,487.1000061,18.61669922,1570.98999,892.7109985,154668000,22.82360077,22.82360077,65.01470184,101.9929962,214.1239929,1644.680054,19.76449966,11,187.6970062,17464.30078,11704.7002,0,2162.5,1,1827,50,157,125
B0152,0.7337,137.6029968,17,968,2010,41,0.81111002,55,28,2.410020113,67,2.44949007,1,0.111111,88.0975,47.8994,0.3544,363.5,3.400000095,414.1130066,333.8670044,119796000,8.986949921,8.986949921,68.09850311,554.882019,625.552002,3067.600098,34.6590004,22,55.30020142,22203.59961,18439.09961,614,160388,1,3865,77,221,132
B0159,0.5161,45,22,1113,2010,110,5.88436985,46,32,0.547473013,152,1.732049942,0,-0.45679,80.2431,41.2172,0.29,165.3999939,11.44169998,197.1950073,177.2740021,165566000,19.90699959,19.90699959,153.8880005,5171.089844,1141.869995,25476.5,96.94889832,109,87.14369965,9055.379883,2236.070068,1363,5900.169922,1,1686,80,145,143
B0162,0.0706,304.6950073,7,252,2004,46,5.341219902,80,13,1.224040031,101,1.549190044,0,0.037037,122.35,42.78,0.5541,239.3999939,8.25,517.4000244,506.1109924,144076992,16.58209991,16.58209991,157.6600037,192.1119995,912.5150146,3869.580078,49.48730087,10,39.33879852,5385.169922,7810.25,0,451.3959961,1,2068,77,242,136
B0163,0.3738,65.55599976,7,242,2006,0,0.809216022,80,13,6.520559788,101,8.062259674,2,-0.098765403,122.23,42.79,0.7786,277.2000122,7.458330154,366.7349854,467.6799927,151147008,14.97249985,14.97249985,103.0029984,158.253006,613.0419922,103.0029984,37.00540161,10,38.8791008,7810.25,15620.5,19,369.1130066,1,1907,76,227,140
B0164,0.4888,356.5169983,7,200,2006,0,0.960969985,80,13,8.849510193,101,11.71319962,16,0.222222,122.22,42.75,0.8348,356.2000122,7.616670132,360.7149963,458.875,148707008,14.4392004,14.4392004,103.0029984,158.253006,613.0419922,103.0029984,37.00540161,6,39.25310135,12083,19105,6,369.1130066,1,1689,77,218,139
B0165,0.5463,6.340189934,7,240,2006,78,4.819379807,80,13,0.701093972,101,2.09762001,-1,0.209876999,122.23,42.76,0.8293,312.3999939,7.541669846,362.2550049,467.6799927,151147008,14.76509953,14.76509953,103.0029984,158.253006,613.0419922,103.0029984,37.00540161,6,38.43880081,10816.7002,16970.59961,10,369.1130066,1,1579,77,221,140
B0166,0.5463,143.1300049,7,245,2006,0,4.835690022,80,13,1.548159957,101,3,16,-0.197531,122.25,42.79,0.688,285.5,7.491670132,365.3970032,467.6799927,149234000,15.62709999,15.62709999,103.0029984,158.253006,613.0419922,103.0029984,37.00540161,10,39.03430176,7810.25,14212.7002,5,369.1130066,1,1634,75,225,140
B0167,0.5751,153.4349976,7,250,2006,0,4.84871006,80,13,0.346258998,101,0.632456005,16,-0.197531,122.24,42.78,0.7423,286.7000122,7.474999905,366.4230042,467.6799927,151147008,14.76060009,14.76060009,103.0029984,158.253006,613.0419922,103.0029984,37.00540161,12,39.07600021,9219.540039,15556.2998,8,369.1130066,1,1615,76,224,140
B0168,0.8339,351.8699951,7,250,2006,0,4.868500233,80,13,1.094849944,101,1.183220029,16,-0.197531,122.23,42.78,0.7011,286.2999878,7.458330154,365.7250061,467.6799927,151147008,15.02830029,15.02830029,103.0029984,158.253006,613.0419922,103.0029984,37.00540161,8,38.94789886,8602.330078,16278.7998,8,369.1130066,1,1663,77,227,140
B0169,0.3849,170.3399963,14,947,2006,0,0.0030837,54,32,14.45110035,92,14.54650021,-2,-0.197531,109.27,35.52,0.7374,435.7000122,12.0333004,582.3330078,625.2940063,160000992,18.58289909,18.58289909,179.0859985,1617.369995,475.730011,179.0859985,102.538002,20,163.2550049,8062.259766,7211.100098,8,6733.209961,1,1662,82,192,128
B0170,0.4507,278.1300049,24,413,2006,0,5.945030212,29,47,0.547473013,33,1.414209962,-2,0.395062,108.58,34.14,0.604,475,14.9666996,577.6359863,882.5910034,150392992,20.56150055,20.56150055,911.5960083,2038.709961,2602.169922,911.5960083,353.4190063,857,607.2869873,4123.109863,6324.560059,2005,1139100,1,1021,75,184,137
B0171,0.523,33.69010162,14,1055,2006,0,1.78853E-05,54,32,1.674520016,92,15.27740002,16,0.049382702,109.28,35.53,0.71,424.2999878,11.89999962,587.9199829,625.2940063,160000992,18.29929924,18.29929924,179.0859985,1617.369995,475.730011,179.0859985,102.538002,37,170.2350006,7211.100098,6708.200195,6,6733.209961,1,1731,81,200,128
B0172,0.5379,24.44400024,24,407,2006,0,5.968790054,29,47,0.935468018,33,1.612450004,16,-0.382716,108.59,34.142,0.7296,444.2000122,14.88329983,577.6209717,882.5910034,150392992,20.33760071,20.33760071,911.5960083,2038.709961,2602.169922,911.5960083,353.4190063,686,654.7849731,3162.280029,6082.759766,3706,1139100,1,1033,76,184,137
B0173,1.0059,219.8059998,24,407,2006,0,5.979660034,29,47,1.209259987,33,2.09762001,16,0.234568,108.57,34.15,0.7941,455.7999878,14.8416996,576.8300171,838.6799927,150392992,20.39220047,20.39220047,911.5960083,2038.709961,2602.169922,911.5960083,353.4190063,446,554.5880127,5385.169922,7615.77002,1297,1139100,1,1038,76,175,138
B0174,0.8704,199.8849945,43,171,2010,71,1.544250011,28,29,3.863919973,216,6.099180222,-2,0.604937971,108.32,22.68,0.8446,675.2999878,21.86669922,1513.040039,1032.349976,136087008,26.0258007,26.0258007,350.6619873,2269.419922,1560.119995,20166.69922,204.5130005,23,910.8120117,3162.280029,3000,802,136755,1,2151,55,170,118
B0175,0.984,233.6009979,31,413,2003,0,0.000599213,36,33,12.95320034,220,19.67230034,-2,0.246913999,110.09,26.89,0.7832,668.2000122,16.45000076,1259.459961,847.5830078,130595000,20.67869949,20.67869949,111.5360031,212.1569977,467.0469971,3739.899902,43.31809998,28,61.84379959,32249,31064.40039,0,5829.390137,1,3911,56,193,115
B0176,1.1893,326.3789978,36,576,2003,0,1.03899E-08,39,25,31.79540062,224,37.75180054,-1,2.111109972,109.89,27.03,0.8696,692.9000244,16.0333004,1258.160034,783.6439819,127763000,20.79509926,20.79509926,249.8179932,294.7460022,1060.650024,7198.990234,86.54979706,84,61.64550018,13038.40039,14317.7998,0,6313.169922,1,3401,53,193,114
B0177,1.2116,125.3949966,31,306,2003,0,1.851559997,36,33,7.180729866,220,9.391489983,-1,-0.0123457,109.59,26.74,0.8022,635.5,17.00830078,1228.920044,884.7890015,125780000,23.20639992,23.20639992,233.0070038,164.5,416.8410034,6924.830078,82.42919922,200,61.86909866,9848.860352,12041.59961,0,6850.97998,1,3467,56,192,122
B0178,1.8033,273.5450134,36,244,2007,0,2.8509E-05,39,25,8.698539734,219,11.19820023,16,0.246913999,117.7247,26.5131,0.7711,803,20.20829964,1413.869995,852.5360107,150667008,23.5965004,23.5965004,350.1059875,1200.27002,1377.800049,30930.40039,142.5740051,13,316.723999,4123.109863,3000,420,31902.69922,1,1850,53,136,124
B0179,1.8257,321.3399963,22,293,2009,0,2.7292099,49,29,0.991446972,13,2.049390078,0,0.296296,124.98,42.45,0.8793,549,5.883329868,623.1110229,662.7869873,142300992,9.997779846,9.997779846,122.9960022,300.2810059,334.6140137,4057.570068,51.57640076,329,270.8900146,23769.69922,26925.80078,0,1597.079956,1,3023,62,255,125
B0180,3.1244,90,22,433,2009,0,0.277060002,49,29,3.865459919,13,4.939640045,16,0.407406986,125.08,42.65,0.85,501.3999939,5.316669941,600.4320068,728.2709961,135163008,10.05420017,10.05420017,180.4029999,383.4809875,661.7199707,5687.279785,67.36910248,29,373.8880005,14866.09961,17804.5,437,16333.90039,1,2614,63,283,123
B0181,3.5258,17.30050087,22,533,2009,0,0.091302201,49,29,4.934599876,13,7.758870125,16,0.407406986,125.21,42.38,0.8797,587.7000122,5.316669941,668.9069824,661.6019897,137184000,9.038749695,9.038749695,318.355011,1042.719971,1086.310059,12060.90039,131.6750031,25,227.7409973,6708.200195,10000,3,1715.790039,1,3349,61,266,118
B0182,0.368,156.5950012,36,102,2011,59,0.058700699,39,25,5.634449959,219,5.709640026,-2,0.407406986,112.21,28.53,0.7627,785.9000244,17.43330002,976.4099731,1005.570007,146710000,21.95170021,21.95170021,829.8699951,2372.5,3184.439941,34995.60156,391.256012,44,692.6660156,2828.429932,4123.109863,581,13573,1,2554,60,199,126
B0183,0.608,210.6459961,12,166,2011,28,0.00852123,62,26,26.61370087,121,32.62210083,16,0.086419798,116.27,31.36,0.8532,627.7000122,15.60830021,1080.790039,885.4970093,150763008,18.74099922,18.74099922,589.5150146,2564.830078,1426.73999,30665,313.7539978,19,392.3510132,36674.19922,11704.7002,1365,42508.80078,1,2224,57,175,123
B0184,0.484,276.2260132,43,209,2011,79,1.91149E-06,28,29,16.64990044,216,19.11540031,16,0.086419798,117.52,25.02,0.8257,1121.400024,20.10000038,1366.689941,994.1920166,154928000,25.90130043,25.90130043,168.6239929,479.5740051,761.3579712,5292.740234,56.54380035,23,525.7490234,2236.070068,1000,1888,14083.7002,1,2488,56,182,119
B0185,0.49,78.34069824,36,210,2011,30,0.0144939,39,25,9.862719536,219,12.87629986,16,0.086419798,119.19,28.94,0.8599,675.9000244,17.29999924,1529,921.9550171,152006000,21.15970039,21.15970039,309.7829895,29664.90039,3199.889893,80215.5,234.5919952,16,938.9639893,7810.25,4000,319,84563.79688,1,2605,55,167,117
B0186,0.526,95.99250031,36,439,2011,0,1.13673E-05,39,25,13.81700039,219,17.44129944,16,0.432099015,118.34,27.01,0.8956,682.9000244,18.60000038,1228.189941,1008.559998,153972000,22.87540054,22.87540054,446.6940002,1058.910034,1503.160034,12194.2998,146.9960022,28,313.3070068,2828.429932,1000,1511,2739.719971,1,2007,53,146,125
B0187,0.604,184.0859985,29,32,2011,17,2.128750086,33,38,2.172430038,221,2.75680995,0,1.320989966,119.74,30.95,0.7878,632.5,16.02499962,1265.859985,949.7349854,150240000,21.2765007,21.2765007,417.1109924,22200,1677.589966,47754.69922,224.0410004,178,2168.060059,0,1414.209961,727,95165.79688,1,2068,62,171,123
B0188,0.63,243.0599976,36,107,2011,7,0.217472002,39,25,5.28290987,219,5.830949783,2,-0.234568,115.32,28.76,0.7556,600.0809937,17.48329926,1208.939941,1025.560059,150710000,23.44190025,23.44190025,65.5223999,656.5830078,386.6539917,4220.140137,42.41149902,305,445.598999,29698.5,1414.209961,58,8062.790039,1,1627,58,176,124
B0189,2.2471,178.4089966,36,870,2011,19,1.7591E-05,39,25,11.01599979,219,19.6977005,16,-1.950620055,109.85,22.55,0.861,1378.199951,18.77499962,1614.48999,1105.949951,143511008,22.00300026,22.00300026,418.1180115,762.6140137,1739.930054,11126.90039,125.4530029,3,709.1019897,18357.59961,15297.09961,4,2462.23999,1,3140,53,164,109
B0190,0.5393,30.96380043,36,49,2009,0,4.08701992,39,25,0.451462001,176,1.095450044,16,-0.111111,119.7,30.2333,0.589,601.2819824,16.89170074,1473.579956,895.2280273,147980000,24.44879913,24.44879913,246.2709961,6673.680176,1394.430054,45572.39844,265.3710022,2439,1821.25,1000,3605.550049,4901,19722.19922,1,2029,59,162,112
B0193,0.8189,59.95859909,22,1233,2010,160,1.30923E-06,49,29,14.52779961,13,17.98329926,-3,0.135802001,118.04,41.84,0.7717,435.7999878,4.941669941,672.4959717,466.855011,152266000,11.37779999,11.37779999,279.6229858,1631.339966,897.6030273,21552.30078,143.1690063,9,95.10630035,7071.069824,8485.280273,0,2677.159912,1,3493,74,175,113
B0199,0.1393,4.843999863,25,1305,2010,0,1.785640001,45,30,4.574800014,224,6.46529007,-1,-0.0123457,106.76,26.86,0.8542,921.7000122,14.18330002,1065.589966,768.0009766,120502000,21.52409935,21.52409935,290.3640137,3254.830078,682.2479858,24141.40039,193.6349945,393,1853.400024,1000,5000,520,369791,1,2996,61,195,114
B0200,1.0618,48.01279831,25,1028,2010,0,0.921966016,45,30,4.159359932,224,5.458940029,0,-0.283951014,107.22,26.58,0.6116,611,15.69169998,1167.030029,798.3300171,120673000,21.44449997,21.44449997,624.5930176,3607.840088,837.1209717,28156.80078,310.9909973,8686,428.0339966,0,1000,1198,106130,1,2831,61,183,119
B0201,1.2793,143.1300049,43,1266,2010,4,0.000802592,24,33,5.403789997,104,6.148169994,16,-0.83950597,106.27,26.34,0.8558,640.9000244,15.3416996,1195.920044,760.8839722,122077000,21.39080048,21.39080048,797.0120239,705.1710205,1761.560059,24775,290.625,60,346.1470032,5000,7615.77002,309,19978.40039,1,2995,59,173,117
B0202,1.4747,162.473999,25,1267,2010,0,0.486945003,45,30,6.147170067,224,6.797060013,0,-0.0123457,106.43,26.91,0.8156,619.7000122,14.99170017,985.2130127,744.0469971,121680000,21.73800087,21.73800087,1051.459961,4490.640137,2244.800049,49074.30078,527.8120117,58,378.2470093,12041.59961,12041.59961,0,8389.080078,1,2825,55,201,117
B0203,0.0225,76.42960358,22,434,2009,37,0.207890004,50,28,4.609749794,131,4.669050217,1,-0.074074097,128.94,46.54,0.9606,519.2000122,1.850000024,774.539978,525.3670044,132177000,3.946810007,3.946810007,8.210840225,88.69789886,60.78340149,517.2860107,4.938610077,0,116.5680008,33600.60156,50289.19922,4,260.177002,1,6556,62,249,107
B0204,0.2871,27.68110085,27,374,2009,0,0.0171999,45,28,10.5461998,126,10.4975996,2,-1.308640003,128.99,46.68,0.8349,548.2000122,1.941669941,770.0700073,522.5819702,130943000,5.979440212,5.979440212,8.210840225,88.69789886,60.78340149,517.2860107,4.938610077,0,109.7509995,31241,55145.30078,1,97.98049927,1,6175,62,243,110
B0205,0.3173,315,19,319,2009,0,3.649749994,54,27,0.109498002,17,0.447214007,16,0.111111,128.95,46.58,0.8717,505.8999939,2.041670084,763.473999,576.9439697,131689000,7.178470135,7.178470135,8.210840225,88.69789886,60.78340149,517.2860107,4.938610077,1,115.3919983,36069.39844,52924.5,0,29.50009918,1,5888,62,245,110
B0206,0.4487,141.5299988,19,561,2009,114,7.72818E-09,54,27,17.70899963,17,19.39590073,16,-0.0123457,129.12,46.75,0.9235,553.0999756,1.408329964,808.1950073,503.4639893,130730000,5.436940193,5.436940193,1.291460037,53.23770142,7.923049927,231.7669983,1.99356997,0,103.3079987,19849.40039,52201.5,1,386.177002,1,5963,62,264,113
B0207,0.4716,257.8559875,19,534,2009,0,2.68816E-05,54,27,6.232039928,17,7.628890038,16,-0.296296,129.22,46.73,0.8917,554.5,1.524999976,792.6459961,578.4760132,130000000,6.353189945,6.353189945,1.291460037,53.23770142,7.923049927,231.7669983,1.99356997,0,101.7919998,14764.7998,44598.19922,2,48.56710052,1,6621,62,255,110
B0208,0.5225,359.2290039,19,972,2009,0,4.66559E-06,54,27,16.77169991,17,17.72570038,-1,-0.283951014,129.02,46.79,0.9292,461.2999878,-0.108332999,831.4470215,509.6600037,130511000,2.655560017,2.655560017,1.291460037,53.23770142,7.923049927,231.7669983,1.99356997,0,129.5590057,22627.40039,60440.10156,13,1.529039979,1,5887,60,253,110
B0209,0.8469,283.92099,19,329,2009,67,0.00535638,54,27,9.251790047,17,10.41149998,16,-0.234568,129.25,46.62,0.9029,681.4000244,1.908329964,756.3660278,584.2210083,131155000,7.718470097,7.718470097,8.210840225,88.69789886,60.78340149,517.2860107,4.938610077,0,96.37270355,23345.19922,36124.80078,43,412.4790039,1,6278,62,258,116
B0210,2.632,177.8090057,25,1464,2011,1,4.87552E-10,45,30,26.33340073,224,32.49919891,4,-0.308642,117.65,27.74,0.9285,772.7000122,12.625,1669.01001,855.5939941,154982000,17.05820084,17.05820084,25.26709938,215.5299988,256.7940063,1243.5,11.81739998,4,253.9600067,26907.19922,26870.09961,8,1976.880005,1,4357,48,198,101
B0212,0.6944,158.0910034,21,1163,2011,76,0.00293848,47,32,15.00290012,142,33.89989853,0,0.518518984,106.1992,33.9314,0.8887,697,12.5,814.4489746,670.2689819,133843000,15.74510002,15.74510002,104.401001,257.2449951,389.4549866,4002.800049,45.1955986,0,89.56800079,19105,1000,0,25577,1,2731,72,205,128
B0213,1.4602,276.6010132,21,1025,2011,102,1.31669E-08,47,32,24.62879944,30,32.10609818,0,-0.641974986,106.2219,33.9539,0.8278,690.4000244,11.04170036,794.2780151,682.7860107,135890000,14.90209961,14.90209961,104.401001,257.2449951,389.4549866,4002.800049,45.1955986,0,92.63800049,20248.5,2000,0,22039.69922,1,2851,69,193,126
B0214,2.5033,135.7120056,21,940,2011,0,0.00122944,47,32,17.10370064,30,22.22610092,0,-0.617284,106.2075,33.9267,0.8784,651.7999878,12.70829964,803.276001,670.2689819,133733000,15.70670033,15.70670033,104.401001,257.2449951,389.4549866,4002.800049,45.1955986,5,89.52600098,18439.09961,1000,0,25577,1,2605,72,211,127
B0215,3.6211,235.2120056,22,1079,2011,0,3.77924E-08,47,31,27.8423996,142,34.06169891,-2,-0.074074097,106.1894,33.9317,0.8887,684.7000122,12.13329983,764.0479736,670.2689819,133843000,16.3246994,16.3246994,104.401001,257.2449951,389.4549866,4002.800049,45.1955986,23,100.4909973,19799,1414.209961,0,25577,1,2614,72,205,130
B0216,1.6,233.4019928,39,1233,2004,160,7.28384E-11,34,27,38.58449936,217,45.23939896,-3,-1.012349963,100.1925,21.5214,0.8503,1482.099976,19.98329926,1595.589966,930.0800171,168715008,22.80249977,22.80249977,0.198540002,0.111954004,1.141829967,4.935709953,0.0691856,31,-9999,76216.79688,53225.89844,0,78.55529785,1,3457,52,172,114
B0217,1.657,124.2610016,43,1031,2004,65,4.02366E-05,28,29,18.69879913,216,24.28170013,0,0.234568,101.1666,21.9751,0.8771,1607.599976,20.74169922,1555.359985,1014.77002,163283008,24.00900078,24.00900078,51.582901,148.0950012,301.9830017,2895.77002,23.60659981,5,39.6794014,16031.2002,6082.759766,0,549.4819946,1,2945,50,170,112
B0218,1.834,259.0190125,43,1314,2004,109,1.82338E-05,28,29,10.45119953,216,14.17739964,0,-0.086419798,101.4618,21.6329,0.8706,1493.099976,19.88330078,1545.23999,948.625,164334000,22.2935009,22.2935009,61.48600006,111.7249985,288.6900024,2627.47998,30.12820053,4,26.50180054,5385.169922,1414.209961,0,969.4829712,1,2800,51,169,110
B0219,2.308,234.6600037,43,1328,2004,120,8.5249E-08,28,29,20.02449989,216,22.97389984,16,-0.135802001,101.4618,21.6364,0.8706,1485.699951,19.67499924,1545.23999,948.625,164334000,22.2935009,22.2935009,61.48600006,111.7249985,288.6900024,2627.47998,30.12820053,4,21.87070084,5385.169922,1414.209961,0,969.4829712,1,2800,51,169,110
B0220,2.677,182.6320038,43,988,2004,147,5.14517E-05,28,29,13.24540043,216,17.53849983,-3,-0.432099015,100.8776,22.2138,0.9206,1575.699951,21.11669922,1577.810059,928.0219727,165524992,23.96680069,23.96680069,10.98760033,21.22489929,43.56679916,428.4930115,5.063759804,18,61.92760086,1000,0,830,12837.40039,1,2522,52,182,115
B0221,2.021,221.1000061,39,910,2004,0,0.000447207,34,27,9.568240166,112,14.49139977,16,0.037037,101.0904,22.4281,0.8579,1792.900024,20.97500038,1572.47998,946.4520264,162724000,24.36109924,24.36109924,24.67259979,157.5310059,77.00710297,2059.75,15.96710014,18,61.57690048,16492.40039,3605.550049,194,32631,1,2300,52,188,120
B0222,0.1459,1.054399967,21,689,2009,0,0.000453881,50,29,12.42420006,29,17.49290085,0,0.444444001,116.82,40.96,0.8142,405.7999878,8.791669846,387.7529907,541.4500122,161107008,16.89889908,16.89889908,106.1640015,214.6929932,582.1389771,3315.570068,48.85020065,5,57.10329819,11313.7002,43737.89844,0,8449.290039,1,2324,71,158,125
B0223,0.3248,116.4540024,21,527,2009,0,8.49898E-08,50,29,17.3512001,29,21.37759972,16,-0.024691399,116.88,40.67,0.8195,390.1000061,10.10000038,439.9060059,518.4199829,163178000,16.8567009,16.8567009,556.2059937,731.8900146,985.5789795,25923,305.2330017,0,410.1289978,12206.59961,24351.59961,2,830.6110229,1,2480,71,189,126
B0224,0.5356,202.6000061,22,773,2009,13,2.46264E-06,49,29,17.0102005,13,17.83819962,2,0.037037,116.45,40.78,0.8493,414.3999939,8.783329964,408.5809937,569.4630127,162496000,15.85789967,15.85789967,69.95600128,170.0310059,231.9279938,2939.139893,35.71310043,2,67.68289948,20591.30078,50010,0,4050.110107,1,2652,70,158,117
B0225,0.7849,138.0299988,21,664,2009,0,0.000133666,50,29,18.02190018,29,25.2784996,-1,0.851852,116.37,40.75,0.7714,405.7999878,9.558329582,379.7000122,573.3239746,161896992,17.32920074,17.32920074,69.95600128,170.0310059,231.9279938,2939.139893,35.71310043,86,374.0280151,23086.80078,43566,0,4654.740234,1,2170,73,171,122
B0226,1.3544,359.7520142,21,855,2009,52,2.59841E-08,50,29,17.33650017,29,25.76429939,1,1.432100058,116.35,40.45,0.9031,302.8999939,9.983329773,471.0429993,531.0269775,163266000,15.96969986,15.96969986,479.2739868,1293.880005,666.1110229,27497.5,274.446991,1,478.3280029,11704.7002,21931.69922,1,19676.59961,1,2717,70,193,124
B0227,1.9685,349.1499939,21,1046,2009,13,0.00595004,50,29,18.27470016,13,19.43709946,16,-0.308642,116.73,40.57,0.9063,262.1000061,8.691670418,522.0239868,593.8969727,163935008,11.31429958,11.31429958,75.28410339,378.8110046,84.60449982,7091.220215,47.17819977,0,407.1270142,7071.069824,25455.80078,0,10750.2002,1,3387,68,188,119
B0228,0.2882,280.473999,14,1216,2009,0,1.66422E-07,54,32,18.11149979,92,27.07769966,2,-0.432099015,109.3333,36.85,0.7604,318.2999878,10.39999962,549.375,501.7730103,162010000,19.24510002,19.24510002,116.5339966,405.2659912,299.3710022,4995.060059,68.01270294,82,233.5,11661.90039,1000,1610,1415.949951,1,1547,83,170,124
B0232,0.5435,216.5010071,21,193,2011,0,0.000100058,50,29,9.542849541,29,10.17840004,-2,-0.049382702,116.42,40.38,0.85,396.7999878,11.20829964,540.1939697,534.0219727,164954000,17.67070007,17.67070007,1550.800049,5848.540039,1781.400024,81628.29688,905.3569946,1,902.1409912,8062.259766,18439.09961,562,49995.10156,1,2275,72,154,126
B0233,1.3665,312.5499878,21,174,2011,0,0.0141233,50,29,19.68230057,29,26.4008007,-1,0.197531,116.44,40.35,0.8376,412.2000122,10.92500019,540.8400269,534.0219727,165266000,18.70969963,18.70969963,1550.800049,5848.540039,1781.400024,81628.29688,905.3569946,177,699.875,6324.560059,14212.7002,707,62836.89844,1,2791,69,148,128
B0234,1.968,196.3899994,21,229,2011,19,7.72148E-07,50,29,6.827519894,29,12.28009987,16,-0.061728399,116.41,40.37,0.8561,386.2000122,10.89169979,545.7990112,534.0219727,164954000,17.66139984,17.66139984,1550.800049,5848.540039,1781.400024,81628.29688,905.3569946,0,715.2119751,7211.100098,17691.80078,751,49995.10156,1,2355,71,168,126
B0235,0.0596,210.9640045,22,85,2007-2008,0,5.837349892,49,29,0.902867973,132,0.774596989,2,-0.703704,118.3,35.25,0.51055,441.7480011,14.07500029,998.2875061,796.1640015,152418504,21.87949944,21.87949944,864.4505005,4456.27002,2730.744995,62093.15234,537.4700012,788.5,5475.865234,5000,4000,2773,493786.5,1,865,69,198,132.7140045
B0244,0.098,210.9640045,22,85,2006,0,5.837349892,49,29,0.902867973,132,0.774596989,2,-0.024691399,118.3,35.25,0.532,399.7869873,14.20829964,742.4320068,721.5650024,156794000,21.90390015,21.90390015,843.697998,4228.350098,2788.469971,843.697998,552.7509766,814,4627.990234,5000,4000,2939,355060,1,865,69,198,132.7140045
B0247,0.5492,312.8789978,36,283,2012,15,0.790228009,39,25,2.955849886,219,8.752140045,1,0.567901015,108.61,23.19,0.8272,537.7999878,20.5,1550.550049,1032.01001,123298000,23.53680038,23.53680038,141.2980042,1108.189941,558.9019775,6759.140137,63.94070053,41,502.0220032,26076.80078,0,113,41446.69922,1,2585,53,151,117
B0250,0.1992,223.6029968,29,644,2011,1,1.69842E-05,33,38,13.23190022,176,14.66289997,16,0,105.0036,31.9069,0.7632,661.0999756,15.97500038,1078.130005,797.9639893,125166000,19.73259926,19.73259926,550.5889893,17550.90039,2279.870117,38949.69922,261.5169983,667,703.0999756,0,2000,456,22073.19922,1,3354,70,252,129
B0251,0.2039,355.3439941,22,612,2011,59,3.76369E-07,51,27,22.59889984,112,24.48259926,16,0.074074097,105.0375,31.9047,0.7451,486.6000061,16.01670074,1082.609985,797.9639893,125166000,19.80260086,19.80260086,550.5889893,17550.90039,2279.870117,38949.69922,261.5169983,78,598.8510132,0,2236.070068,325,60268.30078,1,3501,68,265,130
B0252,0.4478,234.1759949,29,638,2011,0,9.80525E-06,33,38,14.12590027,176,15.60770035,1,1.345679998,105.0028,31.9078,0.7632,661.0999756,15.97500038,1078.130005,797.9639893,125166000,19.73259926,19.73259926,550.5889893,17550.90039,2279.870117,38949.69922,261.5169983,555,703.0999756,1000,2236.070068,456,22073.19922,1,3272,71,259,129
B0253,0.4516,151.3609924,22,653,2011,0,8.00599E-05,51,27,12.24890041,112,13.87080002,16,0.0123457,105.0164,31.8903,0.6582,480.1000061,15.93330002,1080.050049,797.9639893,125504000,19.79430008,19.79430008,550.5889893,17550.90039,2279.870117,38949.69922,261.5169983,1279,645.5650024,1000,0,598,22915.80078,1,3187,71,269,131
B0254,0.427,225,22,9,2012,7,7.981900215,47,31,0.109498002,142,1.183220029,16,-0.024691399,116.75,38.96,0.825,298.1000061,12.49170017,814.0280151,574.3790283,155963008,19.75209999,19.75209999,771.1900024,18031.80078,2124.590088,135212,546.0490112,167,1132.900024,13416.40039,10049.90039,1905,140862,1,1501,80,232,135
B0255,0.519,315,22,5,2012,0,7.979499817,47,31,0.547473013,142,1.095450044,16,-1.086420059,117.44,39.32,0.8484,346.7000122,11.7166996,907.1450195,708.7910156,158816000,18.00690079,18.00690079,393.8250122,2593.790039,1586.579956,29820.90039,240.7910004,168,2929.899902,8602.330078,2000,1411,82966,1,1341,80,212,134
B0256,0.94,84.80560303,22,12,2012,0,6.925710201,47,31,0.855143011,142,1.183220029,16,-0.123457,116.87,39.61,0.8194,305.7999878,11.7833004,851.4970093,618.0100098,155728000,19.59309959,19.59309959,2319.860107,17462.30078,3039.219971,206146,1548.560059,62,5250.759766,2828.429932,0,1237,237821,1,1263,80,201,135
B0257,0.424,26.56509972,22,55,2008,0,7.868219852,47,31,0.346258998,142,1.183220029,16,0.296296,114.83,34.38,0.9223,470.2000122,15.25829983,689.8950195,792.8439941,154828992,20.02860069,20.02860069,765.5960083,2858.550049,6104.970215,33654.60156,413.9729919,313,1043.859985,40706.30078,5099.02002,273,55095.80078,1,911,86,217,133
B0258,0.4418,71.56500244,22,57,2008,16,7.847420216,47,31,0.489677995,142,1.095450044,1,0.790122986,115.37,34.47,0.8878,471.2000122,15.14169979,717.6820068,787.559021,153820000,19.29969978,19.29969978,542.9229736,2081.290039,3655.080078,24214.09961,295.9419861,602,755.4370117,8944.269531,2000,640,172997,1,778,90,223,137
B0259,0.6834,149.0359955,11,55,2008,0,7.87940979,53,36,0.451462001,142,0.632456005,16,0.814814985,114.85,34.32,0.8468,479.3999939,15.29170036,699.1329956,812.7709961,154968000,19.87849998,19.87849998,852.7550049,2675.72998,6141,35274.39844,422.4490051,291,1046.48999,45880.30078,11180.2998,538,55095.80078,1,910,85,223,131
B0260,1.0786,353.6600037,11,57,2008,16,7.843989849,53,36,0.701093972,147,0.894427001,1,0.197531,115.27,34.49,0.8136,421.7999878,15.19169998,705.4439697,786.5410156,153954000,20.22920036,20.22920036,542.9229736,2081.290039,3655.080078,24214.09961,295.9419861,301,735.2800293,11000,1414.209961,779,74940.10156,1,754,88,204,136
B0261,1.0834,81.86990356,22,55,2008,0,7.872570038,47,31,0.547473013,142,0.894427001,16,-0.074074097,115.25,34.35,0.8406,520.7000122,15.23330021,722.9370117,807.3289795,153232992,20.35610008,20.35610008,542.9229736,2081.290039,3655.080078,24214.09961,295.9419861,866,738.1060181,26248.80078,5656.850098,716,33830.30078,1,793,86,201,134
B0262,1.2866,180,22,64,2008,44,7.773200035,47,31,0.619390011,142,1.549190044,-1,-0.074074097,114.47,34.43,0.8499,450,15.32499981,664.4060059,764.8870239,154799008,20.26000023,20.26000023,579.7410278,2362.209961,4749.220215,26714.30078,333.8500061,573,1387.079956,40447.5,1000,548,76137.29688,1,958,83,214,132
B0263,0.5484,198.4349976,22,33,2011,38,8.977239609,47,31,0.244843006,142,0.447214007,16,-0.333332986,118.34,34.52,0.8013,463.2999878,13.8416996,769.90802,666.572998,150979008,19.47640038,19.47640038,529.1380005,7920.990234,4631.830078,44701.10156,336.0969849,840,1660.920044,2000,4472.140137,1135,99812,1,976,75,185,134
B0264,0.597,147.529007,21,62,2011,0,0.787521005,50,29,3.025749922,29,2.645750046,16,-0.037037,117.23,34.95,0.7136,288.1000061,14.31669998,811.8200073,640.6560059,152640000,20.30179977,20.30179977,1168.630005,17483.59961,3625.409912,112085,808.4959717,41,4731.470215,2000,1000,957,1857300,1,1145,71,224,134
B0265,0.7586,341.5650024,37,28,2011,6,8.873840332,30,33,0.244843006,133,2.144759893,16,-0.45679,116.83,33.75,0.8352,443.3999939,15.25829983,750.1669922,631.6870117,150204992,21.71069908,21.71069908,546.4030151,8674.730469,2275.77002,21140.59961,222.3999939,149,783.25,7071.069824,2236.070068,577,63522,1,1011,83,195,130
B0266,0.5572,149.0359955,22,33,2011,38,8.846590042,47,31,0.451462001,142,1.612450004,16,-0.45679,116.78,34.05,0.7265,450.7000122,14.9083004,741.1469727,664.367981,151842000,20.07390022,20.07390022,1185.109985,8011.709961,3457.860107,54705.5,663.6699829,380,905.9229736,5656.850098,5099.02002,1123,249479,1,953,82,211,133
B0267,0.8258,180,22,34,2011,17,8.85943985,47,31,0.309704006,142,1.183220029,16,-0.45679,116.96,34.69,0.7758,353.2000122,14.4083004,775.8369751,656.6049805,151800000,19.75429916,19.75429916,545.2709961,5217.959961,5723.779785,40091.30078,318.2590027,109,2643.23999,1414.209961,7810.25,719,28859.90039,1,826,79,177,133
B0268,1.0488,326.3099976,11,24,2011,0,8.956020355,53,36,0.558314025,147,1.095450044,16,-0.45679,117.47,33.95,0.8258,492.3999939,14.95829964,828.6879883,639.3880005,151094000,20.06259918,20.06259918,366.6579895,2236.179932,2902.350098,17545,179.0879974,1979,512.6160278,13000,13928.40039,84,29754.19922,1,1064,82,197,133
B0269,0.2168,252.128006,14,1407,2011,0,2.36382E-06,54,32,19.18110085,92,25.25469971,16,-0.45679,108.97,36.87,0.6078,306.6000061,9.233329773,598.7369995,535.7059937,159960000,18.7784996,18.7784996,107.3809967,154.3959961,244.9620056,3261.629883,58.15100098,2,128.0950012,33241.5,1000,1063,2320.780029,1,1854,83,188,122
B0270,0.3678,51.8091011,16,1076,2011,152,2.031500101,56,28,7.347919941,97,9.176059723,16,0.888889015,109.21,36.79,0.5967,296.3999939,10.26669979,587.7490234,532.0100098,160072000,18.29249954,18.29249954,142.8670044,522.9069824,324.7990112,5983.060059,81.3302002,642,179.8650055,24207.40039,0,227,3197.570068,1,1516,83,192,124
B0271,1.049,198.2769928,14,1355,2011,0,3.2334E-06,54,32,17.23629951,92,27.16620064,0,-0.222222,109.32,37.25,0.5635,250.1000061,9.108329773,622.9500122,511.9899902,160511008,17.94470024,17.94470024,159.9190063,277.3559875,401.2520142,5005.959961,76.51540375,31,187.7149963,13000,26248.80078,13,1877.329956,1,1719,83,186,129
B0272,1.173,160.7189941,16,1151,2011,141,3.91534E-09,56,28,22.0557003,92,25.99230003,-1,-0.641974986,109.41,36.67,0.6944,323.3999939,10.30830002,632.0170288,510.8500061,161043008,18.58709908,18.58709908,460.4450073,2407.97998,968.9849854,23527.09961,273.3129883,46,513.7609863,10630.09961,1414.209961,2573,7700.879883,1,1749,83,197,129
B0273,1.3102,136.7489929,14,1347,2011,100,2.40239E-07,54,32,14.06159973,92,22.32040024,16,-0.493826985,108.99,37.12,0.6252,256.8999939,9.208330154,583.8029785,512.5430298,161268992,18.6678009,18.6678009,131.1300049,481.7250061,296.5570068,5509.069824,75.21099854,16,150.4250031,17492.90039,4242.640137,592,15807.5,1,1452,83,183,127
B0274,1.7026,133.4850006,14,1281,2011,0,0.000191492,54,32,19.86599922,92,21.72559929,16,-0.296296,109.06,36.95,0.54,280.2999878,9.616669655,600.4130249,545.96698,160562000,18.75279999,18.75279999,107.3809967,154.3959961,244.9620056,3261.629883,58.15100098,12,106.1279984,21213.19922,11313.7002,1144,794.5189819,1,1643,83,183,124
B0275,2.3054,255.3240051,36,279,2008,42,0.175510004,39,25,6.692599773,219,5.966569901,16,0.419752985,117.7167,27.083,0.8227,585,18.50830078,1548.910034,911.3129883,154854000,22.06640053,22.06640053,228.5890045,319.4410095,785.0889893,5582.379883,69.12509918,123,357.6440125,2236.070068,5000,2,3556.01001,1,1886,51,148,120
B0290,0.2351,78.69010162,7,358,2012,0,6.599760056,80,13,0.394793987,101,1.341639996,16,0.148148,120.6989,42.9311,0.5568,277,6.783329964,510.7090149,423.8699951,132131000,16.01009941,16.01009941,126.2060013,340.7479858,542.3400269,5444.490234,66.3884964,6,121.427002,0,14317.7998,8,730.367981,1,2162,79,211,141
B0292,1.526,327.125,22,1795,2012,0,2.80915E-08,49,29,26.58359909,13,33.69269943,-1,0.0123457,108.43,33.41,0.9397,625.0999756,7.258329868,926.59198,779.3109741,136576000,10.5781002,10.5781002,34.8404007,56.7737999,88.8286972,1030,15.27970028,3,43.04380035,33241.5,14142.09961,2,1356.099976,1,3881,60,200,119
B0293,0.2812,216.0690002,15,1467,2011,11,0.00152563,61,24,15.15429974,61,19.87459946,16,-0.086419798,111.34,37.49,0.7801,391.3999939,7.699999809,680.0980225,559.3770142,167376992,16.19239998,16.19239998,356.0570068,768.8239746,223.7610016,10484,268.5599976,33,381.1849976,2000,3000,22,63552.69922,1,2311,78,209,121
B0294,0.7883,155.3760071,14,1062,2011,12,0.00119603,54,32,4.081329823,92,5.761940002,2,0,111.27,37.55,0.6426,291.5,9.100000381,626.3430176,567.4609985,164824992,16.58309937,16.58309937,356.0570068,768.8239746,223.7610016,10484,268.5599976,4140,519.8989868,2828.429932,1000,1426,136332,1,1625,80,235,125
B0295,0.7402,81.61440277,16,1123,2011,0,5.78348E-07,56,28,18.92449951,97,23.64319992,-2,0.074074097,111.2,36.35,0.7697,326,9.616669655,708.5479736,660.1040039,164292992,17.73240089,17.73240089,179.0780029,1603.119995,180.9179993,16213.59961,134.1990051,6,249.4069977,2000,30083.19922,624,65005.39844,1,2095,79,222,125
B0296,0.8295,37.95420074,21,1299,2011,0,1.99611E-05,50,29,18.91990089,142,22.71559906,-3,0.074074097,113.19,37.26,0.7351,418.1000061,7.883329868,637.9019775,595.9799805,165434000,15.59860039,15.59860039,108.3820038,294.6889954,111.1709976,4362.470215,65.79029846,27,145.1419983,17720,18000,0,4083.969971,1,2237,75,196,124
B0297,1.2257,355.6010132,21,1308,2011,142,0.000174918,50,29,1.009420037,29,13.52770042,-1,0.074074097,112.45,36.36,0.8612,506.8999939,9.050000191,657.7540283,586.3770142,163700000,14.91390038,14.91390038,311.2120056,751.6859741,366.9450073,10675.7998,213.6040039,20,219.2359924,26400.80078,17000,1,63679.39844,1,3137,67,197,122
B0298,1.6346,236.9759979,14,918,2011,75,0.000261049,54,32,17.86660004,92,20.2534008,0,0.074074097,110.36,36.11,0.6829,374.2000122,11.32499981,703.2199707,501.8590088,159696992,19.34059906,19.34059906,55.35279846,138.8289948,168.1799927,1890.209961,22.13540077,6,55.50149918,8944.269531,4123.109863,0,2303.449951,1,1702,80,213,129
B0299,1.8358,22.09420013,21,789,2011,0,0.000658013,50,29,16.41530037,29,17.97780037,1,0.074074097,111.45,36.2,0.5357,227,12.19169998,643.9229736,562.0449829,161784000,20.51040077,20.51040077,1321.170044,4191.370117,1283.369995,58090.5,878.1069946,10,1605.569946,4472.140137,3605.550049,2522,300406,1,1609,81,245,126
B0300,0.585,30.96380043,36,49,2005,0,4.08701992,39,25,0.451462001,176,1.095450044,16,0.074074097,119.7,30.2333,0.2879,558.7659912,16.6583004,1162.719971,897.8569946,149992000,24.21139908,24.21139908,336.9179993,6599.379883,1391.069946,48486.89844,326.2709961,2120,1326.589966,1000,3605.550049,5062,16446.90039,1,2029,59,162,112
B0301,0.245,335.6740112,25,327,2005,17,1.13574E-06,45,30,12.21710014,219,22.17210007,1,0.074074097,120.04,29.84,0.8452,554.7000122,14.57499981,1340.880005,888.0930176,148131008,17.9762001,17.9762001,214.3930054,2789.550049,1163.300049,17503.19922,138.5189972,4,923.0170288,14866.09961,7615.77002,10,14399.59961,1,2847,56,191,111
B0302,0.572,313.4089966,43,338,2005,0,0.00579628,24,33,11.66639996,104,16.63129997,16,0.481480986,119.72,30.15,0.8183,604.7000122,15.67500019,1213.180054,872.2949829,150206000,19.63439941,19.63439941,336.9179993,6599.379883,1391.069946,48486.89844,326.2709961,19,434.2390137,5000,5656.850098,470,16446.90039,1,2795,55,178,110
B0303,0.755,65.85449982,36,554,2005,99,7.21058E-09,39,25,23.24189949,219,31.66390038,-1,0.0123457,119.48,29.78,0.8209,589.5999756,15.36670017,1312.26001,885.1040039,148135008,19.01320076,19.01320076,315.1719971,7819.120117,1526.579956,30691.19922,216.2769928,5,540.3870239,12530,13038.40039,72,1282.689941,1,2924,55,191,111
B0304,0.826,29.55019951,31,289,2005,0,2.63146E-08,36,33,21.53249931,220,21.0760994,16,0.0123457,119.69,30.08,0.8236,557.9000244,16.04170036,1227.180054,872.2949829,149184992,19.73259926,19.73259926,247.7299957,4357.790039,791.4949951,20808.59961,197.2940063,28,949.2719727,9486.830078,12369.2998,159,6874.22998,1,2811,56,209,113
B0305,0.942,356.0419922,29,33,2005,38,0.648176014,33,38,12.15460014,179,13.11489964,16,0.209876999,120.03,30.01,0.7333,488.8999939,16.61669922,1203.459961,947.8289795,150376000,20.5916996,20.5916996,214.3930054,2789.550049,1163.300049,17503.19922,138.5189972,7,1071.160034,1000,1000,1561,104472,1,2524,59,183,113
B0306,1.256,69.89129639,31,107,2005,7,0.000574246,36,33,14.75389957,220,21.75779915,2,-0.320987999,119.85,29.96,0.8249,496,16.55830002,1229.219971,1012.150024,149815008,19.29360008,19.29360008,214.3930054,2789.550049,1163.300049,17503.19922,138.5189972,24,988.4420166,4123.109863,3000,574,37934.19922,1,2672,57,177,114
B0307,1.0665,72.71849823,21,448,2011,100,0.00351295,50,29,7.258769989,29,9.066419601,16,0.209876999,116.5833,40.7333,0.8817,440.3999939,9.883330345,508.0419922,586.0460205,165856000,17.20280075,17.20280075,111.1429977,310.8930054,152.0449982,6786.359863,65.60279846,1,609.2730103,29206.19922,48270.10156,179,38531.89844,1,2316,72,186,123
B0311,0.3619,21.23290062,27,1003,2011,0,3.91432E-05,41,32,12.82279968,1,14.07120037,0,0.753085971,120.7,51.15,0.8909,502.7000122,-3.683330059,498.6210022,489.4400024,132618000,2.281670094,2.281670094,0.107368998,0.692919016,2.527179956,1.613630056,0.106665,0,6.912740231,10770.2998,228983,147,101.6989975,1,8254,58,247,105
B0312,1.2088,341.5650024,22,623,2011,95,5.979020119,46,32,0.244843006,152,0.774596989,0,0.160494,122.05,52.05,0.689,367.7999878,-4.058330059,479.947998,459.8359985,127291000,1.893190026,1.893190026,0.246795997,2.803689957,3.771620035,8.511799812,0.271001011,209,54.38489914,1414.209961,351000,3728,18316.09961,1,8360,62,291,104
B0313,1.7867,9.462320328,20,825,2011,127,4.985099792,53,27,0.941851974,151,1.095450044,16,0.555555999,121.6167,50.0333,0.639,470.5969849,-3.416670084,486.0339966,477.0889893,130268000,4.110000134,4.110000134,3.229099989,22.8071003,66.89569855,111.7839966,2.951280117,27,587.1929932,1000,113225,1618,1346.069946,1,7474,66,297,99
B0314,2.3862,83.29019928,19,397,2011,91,0.447434008,54,27,2.648780107,17,4.753950119,-1,-0.950617015,123.9667,50.4,0.8637,480,-0.283333004,536.4320068,520.3549805,130754000,5.433889866,5.433889866,1.751360059,7.261209965,26.93950081,69.72319794,0.996230006,2,6.503660202,3000,172003,3,101.3470001,1,7246,64,281,102
B0315,0.7552,63.43489838,7,260,2011,53,4.674190044,80,13,1.038669944,101,1,16,-0.135802001,122.1833,42.8167,0.7786,307.6000061,7.141670227,294.0440063,466.8829956,148831008,15.59290028,15.59290028,94.79370117,570.4810181,765.4450073,4246.580078,43.81290054,0,81.66739655,4123.109863,17888.5,122,800.9959717,1,1510,76,241,138
B0316,0.7763,0,22,617,2011,114,5.037940025,47,31,0.77421999,142,1.341639996,-1,1,118.6333,43.5,0.6645,291,6.099999905,364.4450073,324.3200073,150144000,15.23260021,15.23260021,214.6670074,2050.939941,916.3800049,18111.69922,142.8970032,11,102.0309982,2236.070068,21213.19922,1127,42749.39844,1,2085,81,236,135
B0317,1.5535,37.03039932,12,907,2011,106,0.00650444,70,18,5.511229992,16,11.12650013,16,-0.0123457,118.45,41.4,0.8132,427.3999939,6.241670132,463.4909973,579.3140259,163058000,12.55360031,12.55360031,89.56900024,431.5589905,318.6239929,4297.959961,49.44680023,21,210.3059998,45453.30078,26683.30078,6,3221.320068,1,2612,71,178,121
B0318,0.2644,9.621520042,25,1198,2009,0,2.45506E-09,45,30,35.73809814,224,46.35950089,-1,0.049382702,114.08,26.55,0.87,702.7999878,13.36670017,1314.650024,862.3480225,147399008,18.33289909,18.33289909,116.5540009,427.6870117,328.3529968,7017.27002,56.81579971,0,120.4219971,18027.80078,18027.80078,0,2115.969971,1,4142,49,214,107
B0319,0.2988,75.1414032,25,1283,2009,151,0.000135012,45,30,11.61380005,224,18.52029991,-1,0.530864,114.12,26.62,0.9063,723.4000244,13.6583004,1328.949951,862.3480225,147862000,18.60429955,18.60429955,116.5540009,427.6870117,328.3529968,7017.27002,56.81579971,12,237.0299988,11000,12206.59961,13,28734.09961,1,4233,49,229,99
B0320,1.1886,126.1480026,29,447,2009,78,0.010146,33,38,13.27690029,176,13.74769974,0,-0.135802001,114.23,26.49,0.8455,656.7999878,17.7833004,1247.910034,867.1989746,148476000,22.01499939,22.01499939,154.2380066,390.7969971,432.3469849,5257.830078,63.85229874,7,233.5509949,25079.90039,24083.19922,0,7171.430176,1,2252,53,192,115
B0321,2.345,119.8199997,31,738,2009,24,0.0145622,36,33,14.3295002,220,15.19209957,16,-0.209876999,114.21,26.48,0.8878,667.7000122,16.20829964,1296.51001,867.1989746,148476000,21.83189964,21.83189964,154.2380066,390.7969971,432.3469849,5257.830078,63.85229874,6,234.5769958,27000,26000,0,29172.5,1,3318,51,205,110
B0322,2.4078,356.0090027,31,834,2009,0,2.0925E-05,36,33,27.66550064,224,33.18130112,-2,0.493826985,114.18,26.51,0.9119,595.2999878,16,1305.670044,867.1989746,148338000,20.64760017,20.64760017,154.2380066,390.7969971,432.3469849,5257.830078,63.85229874,5,234.779007,24000,23194.80078,0,29172.5,1,3461,50,190,113
B0323,0.4686,353.5580139,36,686,2013,112,7.99183E-07,39,25,9.571860313,219,19.64690018,-1,0.506173015,113.89,23.63,0.9282,1388.199951,19.14170074,2241.370117,1076.390015,143847008,21.9083004,21.9083004,74.1651001,596.1519775,440.7929993,4755.060059,35.18780136,2,509.2109985,29529.59961,5830.950195,415,21507.90039,1,3302,51,154,114
B0324,2.1484,99.29329681,25,749,2013,126,0.0145218,45,30,8.56581974,224,10.7517004,-1,-0.061728399,113.79,23.72,0.863,1249.199951,18.47500038,2271.620117,1057.369995,143140992,20.40209961,20.40209961,74.1651001,596.1519775,440.7929993,4755.060059,35.18780136,2,1241.040039,25612.5,3162.280029,159,16282,1,3706,49,126,112
B0325,1.7068,322.4809875,43,386,2013,31,0.142640993,28,29,10.80350018,216,13.3416996,16,-0.061728399,113.85,23.78,0.8887,1335.900024,19.72500038,2229.169922,1079.660034,144151008,22.75559998,22.75559998,74.1651001,596.1519775,440.7929993,4755.060059,35.18780136,4,1251.699951,34409.30078,3162.280029,291,14815.7998,1,3071,51,126,115
B0326,3.542,278.5780029,36,450,2012,0,1.65757E-06,39,25,13.74619961,219,24.01250076,0,-0.061728399,117.84,25.64,0.8942,834.5999756,18.18330002,1984.329956,844.2490234,141304000,22.66300011,22.66300011,252.8999939,1494.560059,711.1729736,11187.2002,103.8649979,46,566.9140015,7071.069824,0,524,94994,1,2342,56,160,123
B0327,0.2053,120.0690002,14,1112,2011,0,0.874022007,54,32,1.699370027,97,4.266149998,16,-0.061728399,109.201,36.067,0.848,441.6000061,9.816670418,665.0900269,543.8699951,160584992,16.91259956,16.91259956,56.49359894,62.42770004,153.5769958,1540.300049,21.91559982,23,51.56650162,13928.40039,2000,0,2075.659912,1,2442,74,190,129
B0328,0.1936,215.776001,36,128,2010-2012,42,0.366586,39,25,12.76369953,219,13.50559998,16,-0.061728399,113.31,28.4,1.33985,462.4333293,17.35833295,1611.496704,981.3843384,139006328,22.15896606,22.15896606,1018.746684,3530.646647,4070.383301,49951.36719,592.8493449,11.33333333,2195.189941,21095,10198,168,30411.83333,1,2696,59,199,121
B0330,0.2524,223.7810059,29,96,2010-2012,57,0.00630968,33,38,5.133780003,219,10.53569984,16,-0.160494,113.3,28.41,1.3652,576.990682,17.47500038,1599.710002,981.3843384,139148000,22.21386655,22.21386655,1018.746684,3530.646647,4070.383301,49951.36719,592.8493449,16,2960.93335,20099.80078,11401.7998,374,30411.83333,1,2356,61,194,124
B0331,1.2592,175.4989929,12,483,2012,0,1.08049E-05,62,26,24.93589973,121,30.85449982,16,-0.111111,117.1667,36.2833,0.7942,433.1000061,12.375,691.6870117,744.59198,160947008,17.22680092,17.22680092,126.7639999,1771.209961,245.2749939,11529.59961,123.151001,13,4031.929932,12083,2828.429932,715,358436,1,2607,69,227,124
B0336,0.0318,120.0690002,14,1112,2009-2010,0,0.874022007,54,32,1.699370027,97,4.266149998,16,-0.061728399,109.201,36.067,0.79795,427,10.21670008,561.5905151,572.6789856,163903496,17.64925003,17.64925003,33.74189949,46.81144905,140.8610001,961.5285034,14.71519995,23,44.02745056,13928.40039,2000,0,1914.190002,1,2442,74,190,129
B0337,0.2493,146.3099976,43,77,2006,53,7.372419834,28,29,0.558314025,216,2.09762001,16,-0.061728399,108.24,22.82,0.5587,380.2999878,22.45000076,1294.27002,1026.51001,140160000,28.18849945,28.18849945,625.2600098,4080.959961,1720.160034,625.2600098,400.3349915,131,4434.589844,1000,4472.140137,6027,15012.59961,1,1567,60,157,122
B0338,0.4827,197.5919952,29,160,2006,10,3.795510054,33,38,3.326509953,176,3.37638998,16,-0.061728399,108.43,23.12,0.872,538.7999878,22.19169998,1349.310059,1075.390015,135252000,29.0821991,29.0821991,191.7890015,782.0490112,451.993988,191.7890015,83.54190063,143,460.9609985,18681.5,13892.40039,41,2624.600098,1,2179,57,175,122
B0339,0.4946,315,43,159,2006,65,4.85505E-05,28,29,13.84910011,216,20.06990051,16,-0.061728399,108.58,22.89,0.7347,1204.900024,22.1583004,1432.609985,1046.150024,137574000,27.72470093,27.72470093,2025.26001,20078.09961,4501.569824,2025.26001,1533.650024,13,470.57901,0,3162.280029,155,42379.30078,1,2785,55,164,117
B0340,0.7231,300.9639893,29,18,2006,0,7.739250183,33,38,0.451462001,176,1.095450044,16,-0.061728399,108.72,22.07,0.7857,640.9000244,22.16670036,1607.26001,1046.550049,144214000,28.25440025,28.25440025,352.7730103,472.6419983,993.7930298,352.7730103,109.2089996,119,783.4180298,5000,5000,256,71192.20313,1,2436,58,167,130
B0341,1.2427,322.2940063,36,640,2006,0,0.00235433,39,25,13.54100037,219,19.48329926,16,-0.037037,108.64,23.21,0.7778,852.2999878,20.51670074,1477.599976,1066.22998,138728992,23.95269966,23.95269966,191.7890015,782.0490112,451.993988,191.7890015,83.54190063,16,189.4889984,26907.19922,0,5,27124.40039,1,3386,53,177,116
B0342,1.3075,281.3099976,43,136,2006,0,2.380850077,28,29,1.578799963,216,3,0,-0.037037,108.28,23.02,0.7614,525.2999878,22.30830002,1303.26001,1007.880005,138067008,29.03610039,29.03610039,401.2479858,728.4970093,1876.290039,401.2479858,140.0809937,8,553.4609985,2236.070068,2236.070068,1257,124141,1,1975,56,165,122
B0343,0.0421,321.5570068,29,253,2011,85,0.0030489,33,38,9.500989914,219,19.42160034,16,-0.061728399,118.26,27.47,0.8631,560.2999878,18.20000076,1299.73999,884.2199707,153423008,22.01320076,22.01320076,254.6499939,1456.48999,1178.26001,8966.259766,100.9629974,12,286.0979919,15524.2002,2000,0,2049.320068,1,2059,52,160,125
B0344,0.6309,96.34020233,29,17,2009,0,3.846999884,33,38,0.701093972,176,1,-1,-0.061728399,119.05,25.5,0.5931,812.2000122,21.0333004,1184.130005,969.8900146,159472992,27.65169907,27.65169907,1887.300049,2815.75,2836.610107,47314.60156,571.3359985,310,3572.399902,2000,6082.759766,2873,60213.80078,1,1918,59,168,130
B0349,0.152,215.2559967,21,1491,2004,163,0.0121798,50,29,10.86680031,29,16.43169975,16,0.024691399,109.89,35.78,0.8535,472.6000061,8.649999619,487.3940125,718.4400024,165564992,14.98929977,14.98929977,9.288470268,45.29940033,90.73960114,488.3190002,4.5479002,3,65.22859955,41109.60156,4123.109863,0,278.1940002,1,2659,74,175,119
B0350,0.376,48.94520187,21,1385,2004,56,0.000123948,50,29,12.52840042,29,15.98750019,16,0.024691399,109.94,35.82,0.8468,493,8.75,489.4549866,718.4400024,164534000,15.32209969,15.32209969,9.288470268,45.29940033,90.73960114,488.3190002,4.5479002,2,65.27749634,36400.60156,5385.169922,0,278.1940002,1,2628,74,162,118
B0351,0.534,296.8410034,21,1330,2004,0,1.03918E-05,50,29,14.11219978,29,14.97999954,-1,0.024691399,110.01,35.92,0.8585,483.1000061,9.516670227,456.3569946,716.5029907,166939008,15.82489967,15.82489967,9.288470268,45.29940033,90.73960114,488.3190002,4.5479002,0,66.082901,25553.90039,4123.109863,0,103.5210037,1,2423,76,160,119
B0352,0.592,220.4259949,21,1198,2004,0,0.000508778,47,32,16.0442009,30,18.78829956,-1,0.024691399,109.93,35.94,0.8544,468.7999878,9.675000191,452.105011,711.9140015,166240000,16.97459984,16.97459984,9.288470268,45.29940033,90.73960114,488.3190002,4.5479002,9,65.89679718,28653.09961,3000,0,447.1889954,1,2471,75,165,122
B0353,0.774,76.66079712,21,1480,2004,0,3.86063E-08,50,29,15.07919979,29,17.51569939,1,0.024691399,109.98,35.78,0.8834,447.6000061,8.25,488.9020081,731.052002,165290000,14.79030037,14.79030037,9.288470268,45.29940033,90.73960114,488.3190002,4.5479002,0,65.06529999,33837.80078,0,0,278.1940002,1,3048,74,181,120
B0354,0.6255,0,43,52,2009,45,2.854769945,28,29,2.166909933,216,3.405879974,16,0.024691399,113.5,23.3333,0.6917,626.5,22.22500038,1647.280029,1129.119995,156730000,26.2866993,26.2866993,1641.800049,69259.20313,2594.889893,240155,1606.829956,1612,6365.77002,2236.070068,1000,1263,16501.5,1,2741,54,130,117
B0355,1.6405,190.3049927,27,362,2010,0,0.018302999,45,28,5.17979002,126,5.983310223,0,0.024691399,128.8889,47.1806,0.9041,468.7000122,1.166669965,710.677002,508.7929993,124326000,4.613470078,4.613470078,3.874089956,45.90999985,43.72399902,246.7619934,3.21739006,177,90.54309845,18681.5,35440.10156,3,354.5339966,1,5658,61,258,113
B0357,0.0326,43.42829895,5,2110,2007-2008,0,1.01568E-11,65,30,32.09090042,34,37.24250031,16,0.432099015,103.8833,31.6833,0.90345,871.2000122,10.4625001,1017.620026,634.4125061,118743500,14.67964983,14.67964983,26.72079945,35.78190041,83.7179985,817.6430054,8.862869978,241,31.3032999,6324.560059,34655.39844,292.5,4285.369995,1,4823,57,265,126
B0361,0.176,272.2030029,23,2578,2011,202,1.22378E-05,47,30,19.37220001,37,23.68969917,16,-0.358025014,106.18,35.75,0.7733,467.3999939,2.616669893,604.8560181,551.7449951,145048992,13.01900005,13.01900005,193.6190033,1379.540039,837.3150024,10720.2998,105.2590027,6,108.685997,7615.77002,6000,2,6968.220215,1,3695,75,226,122
B0362,0.2284,276.8699951,14,2257,2011,198,2.65918E-05,54,32,12.73200035,92,13.17570019,-1,-0.061728399,106.11,35.72,0.4304,300.7000122,4.858329773,544.6129761,551.71698,143388000,17.4571991,17.4571991,193.6190033,1379.540039,837.3150024,10720.2998,105.2590027,55,140.5,14035.7002,12041.59961,1,12102.09961,1,3003,79,220,124
B0363,0.4646,189.9550018,14,2009,2011,0,5.94962E-06,54,32,18.57959938,92,21.31200027,-3,-0.518518984,106.04,35.58,0.6487,318.6000061,5.775000095,528.7689819,545.4730225,141879008,17.9307003,17.9307003,193.6190033,1379.540039,837.3150024,10720.2998,105.2590027,55,127.8809967,25238.90039,2828.429932,249,24405.90039,1,2293,79,222,124
B0364,0.3994,137.3220062,23,364,2010,0,0.000749748,42,35,8.055990219,17,8.843079567,16,0.0123457,127.53,45.39,0.9386,671.5999756,2.791670084,656.8519897,564.0549927,125885000,4.929860115,4.929860115,182.7879944,5699.290039,389.1000061,17191.40039,114.5589981,2,211.4900055,4472.140137,13341.7002,13,4153.100098,1,5897,62,259,110
B0365,0.5252,281.3099976,19,313,2010,0,0.258221,54,27,1.973219991,17,3.033149958,16,0.320987999,127.51,45.38,0.923,666.2000122,2.841670036,668.2230225,564.0549927,125885000,5.849440098,5.849440098,182.7879944,5699.290039,389.1000061,17191.40039,114.5589981,0,213.8070068,4242.640137,12165.5,35,4153.100098,1,5837,63,262,108
B0366,0.549,117.3499985,19,280,2010,0,1.623829961,54,27,2.526319981,17,2.569050074,1,0.320987999,127.52,45.36,0.894,663.5,2.916670084,649.0540161,564.0549927,125885000,6.07638979,6.07638979,182.7879944,5699.290039,389.1000061,17191.40039,114.5589981,99,211.647995,6403.120117,10440.2998,21,4153.100098,1,5505,62,269,112
B0367,0.6008,282.4500122,23,449,2010,17,0.00145854,42,35,12.0309,19,12.9538002,16,0.320987999,127.54,45.4,0.9394,675.0999756,2.375,679.6069946,564.0549927,126207000,5.177639961,5.177639961,182.7879944,5699.290039,389.1000061,17191.40039,114.5589981,0,788.1149902,4000,15297.09961,8,4153.100098,1,6279,63,256,111
B0368,0.7432,101.4489975,19,487,2010,0,0.000120813,54,27,12.28979969,17,13.12250042,3,-0.530864,127.56,45.39,0.9408,418.5,2.541670084,678.2479858,537.1190186,126496000,4.789030075,4.789030075,182.7879944,5699.290039,389.1000061,17191.40039,114.5589981,1,783.9609985,6082.759766,14866.09961,17,4153.100098,1,5792,63,263,113
B0369,1.0922,54.31710052,23,471,2010,0,3.99731E-05,42,35,13.92249966,19,15.76070023,16,-0.530864,127.55,45.41,0.9183,587.2999878,2.533329964,678.5949707,564.0549927,126207000,5.409719944,5.409719944,182.7879944,5699.290039,389.1000061,17191.40039,114.5589981,0,786.4530029,4000,16278.7998,4,4153.100098,1,6279,63,256,109
B0370,1.2126,161.5650024,19,311,2010,0,1.133180022,54,27,2.935570002,17,3.633179903,16,-0.530864,127.52,45.38,0.9283,673.0999756,2.858330011,653.6149902,564.0549927,125885000,5.37638998,5.37638998,182.7879944,5699.290039,389.1000061,17191.40039,114.5589981,0,212.5050049,4242.640137,12165.5,22,4153.100098,1,5837,63,262,113
B0371,0.9468,249.8869934,43,197,2008,57,0.00505931,28,29,11.54959965,216,15.80510044,16,-0.530864,117.8622,24.7714,0.8216,1075.699951,20.2833004,1607.75,998.8800049,157503008,24.89319992,24.89319992,523.2340088,522.4559937,1171.680054,11890.7998,154.8800049,2,561.1380005,21400.90039,1000,301,20088.80078,1,2470,55,182,117
B0376,0.219,40.60129929,19,1407,2011-2012,0,2.97055006,58,23,2.852999926,54,3.521359921,16,-1.283949971,115.78,42.46,0.5643,286.6000061,2.366665006,367.3829956,390.2035065,145940496,13.18515015,13.18515015,41.66954994,42183.29583,294.2084961,1602.155029,24.01675034,1.5,47.93264961,14866.09961,2828.429932,8.5,63.90315056,1,2733,79,217,130
B0377,0.252,340.79599,29,1540,2011-2012,87,0.258740008,39,32,7.257959843,46,8.473489761,0,-1.283949971,117.48,43.78,0.74825,398.9000092,-0.545833007,471.5175018,490.9009857,138652500,6.583194971,6.583194971,24.88850021,42081.90082,66.43249893,855.8989868,13.05294991,5.5,32.39789963,38833,61846.60156,2.5,157.6684952,1,4070,75,265,116
B0378,0.334,225,18,1316,2011-2012,38,0.920240998,51,31,3.172189951,55,3.714839935,16,0.074074097,114.89,42.25,0.3696,210.5,3.487499952,343.7164993,372.2915039,146745496,16.34259939,16.34259939,45.89990044,48413.58812,208.4410019,1772.164978,23.26585007,0.5,59.50100136,3605.550049,40706.30078,1.5,4865.844971,1,2130,81,201,136
B0379,0.353,251.5650024,18,1470,2011-2012,0,3.602610111,51,31,0.734493971,55,1.183220029,16,-0.259258986,112.45,41.78,0.33965,170,3.84583509,296.6529999,316.5919952,148217504,16.4921999,16.4921999,39.19540024,49137.5249,153.3680038,1567.460022,19.66825008,3.5,23.82420063,50010,46486.60156,0,1847.545044,1,1715,81,209,142
B0380,0.417,208.3009949,27,1808,2011-2012,0,0.0221809,45,28,1.143039942,55,4.024919987,16,0.419752985,110.45,41.25,0.41515,196.6500015,3.433334947,404.9315033,348.9474945,153006496,14.91844988,14.91844988,80.9504509,49862.63159,544.3894958,3443.590088,49.52540016,6,213.9110031,48093.69922,77833.20313,0.5,2347.380005,1,2286,77,237,130
B0381,0.464,288.4349976,18,1094,2011-2012,90,5.956210136,51,31,0.489677995,55,1.183220029,0,-0.444444001,114.67,44.35,0.3616,188.6500053,1.450001508,279.6210098,253.0435028,134886496,11.41701984,11.41701984,2.037890077,55931.57212,38.44499969,56.86179924,1.290595055,1,5.241715193,41231.10156,118596,2,33.77355003,1,2487,80,174,142
B0382,0.545,20.77230072,14,1081,2011-2012,30,0.554215014,54,32,4.791749954,92,13.5941,1,-0.777778029,110.88,39.56,0.3515,149.8499985,7.700000048,441.1125031,456.1210022,160000000,18.90240002,18.90240002,188.288002,62291.12145,341.3170013,11845.55029,142.5169983,5.5,1106.402985,4472.140137,18357.59961,4.5,387.3105011,1,1625,83,172,125
B0383,0.559,324.4620056,27,1381,2011-2012,0,5.932579994,45,28,0.666019976,126,1.949360013,16,-0.716049016,115.72,41.78,0.7068,311.5524902,2.929165006,393.8605042,463.6920013,149822504,13.27940035,13.27940035,62.5699501,49965.1753,440.5930023,2251.169922,31.52534962,1.5,49.37689972,28160.30078,27294.69922,1.5,6009.205078,1,2857,82,223,133
B0384,0.295,206.5650024,21,42,2011-2012,0,5.659649849,50,29,0.692492008,29,1.095450044,-1,-0.716049016,117.83,40.15,0.8083,343,10.72079992,802.5180054,571.8605042,156388000,19.20265007,19.20265007,571.3135071,49785.49525,1536.125,32773.2002,332.5014954,482,3889.72998,2000,8062.259766,896.5,107673,1,1329,77,192,133
B0385,0.0302,172.4049988,43,48,2007,0,0.030737599,28,29,2.342050076,216,5.176869869,0,0.753085971,112.8333,22.5667,0.8012,683.7999878,22.93330002,1463.51001,1128.599976,156248000,26.51549911,26.51549911,159.6809998,1377.420044,1016.450012,11451.90039,92.7609024,50,967.5709839,16492.40039,1414.209961,797,226843,1,2047,56,154,111
B0389,0.7254,218.7689972,19,2344,2011,56,3.91469E-11,54,27,37.76670074,17,45.69250107,1,-0.024691399,103.72,31.37,0.6517,459.2000122,7.25,1109.550049,628.2440186,112295000,12.36499977,12.36499977,29.59539986,356.1180115,103.2200012,2726.469971,18.08550072,4,806.9210205,27074,17088,6,636.572998,1,5704,60,344,113
B0390,1.1938,251.8339996,14,1066,2011,0,0.399046004,59,27,10.31750011,96,13.90680027,0,-0.0123457,103.79,31.25,0.7024,492.2000122,14.94999981,924.7440186,626.0570068,114010000,18.6201992,18.6201992,29.59539986,356.1180115,103.2200012,2726.469971,18.08550072,49,1105.079956,18973.69922,17691.80078,395,5997.240234,1,4185,64,321,119
B0391,1.03,11.30990028,43,1306,2011,0,1.986500025,24,33,7.070300102,104,8.831760406,16,-0.024691399,105.76,26.25,0.8985,773.5,14.82499981,900.2030029,780.3449707,125669000,24.69050026,24.69050026,1649.040039,3706.159912,1949.27002,72324.39844,955.7709961,440,350.5799866,6000,5000,699,33289.69922,1,2921,58,213,118
B0392,3.15,336.1940002,29,1440,2011,152,9.74734E-07,33,38,21.88780022,104,39.02050018,-1,0,105.94,26.43,0.9157,757.0999756,14.63329983,882.5629883,776.8029785,125587000,24.51000023,24.51000023,1152.319946,1707.76001,1580.790039,43179.10156,536.7780151,168,318.6960144,7071.069824,13038.40039,228,8552.919922,1,2989,56,171,117
B0393,0.5106,82.69419861,14,1026,2011,142,0.820484996,54,32,6.065949917,92,10.08959961,16,0.024691399,109.87,37.35,0.4389,197.1999969,9.958330154,606.1229858,541.8389893,161520992,18.43899918,18.43899918,202.0500031,240.8739929,451.7210083,5608.419922,76.12909698,62,143.5319977,18000,19235.40039,0,7492.740234,1,1550,84,187,127
B0394,0.267,92.53359985,14,1262,2007-2010,0,0.000329008,54,32,16.99860001,92,18.13279915,16,0,109.36,37.01,0.5671,274.3249969,10.03332496,519.1235123,542.957016,163139748,19.14227533,19.14227533,121.6204987,486.604744,293.1587524,5732.3125,76.99474907,79.5,179.6042519,1414.209961,7810.25,320.75,2762.067505,1,1480,83,174,126
B0395,0.95,78.53330231,22,1261,2007-2010,0,0.00328777,47,31,21.17950058,29,26.71699905,-1,0,111.22,37.32,0.566025,454.6249924,8.789582491,553.7105026,628.4160004,170660496,15.11550021,15.11550021,349.7357559,782.505249,261.4860001,10471.62744,268.4452553,11.25,262.3685036,1000,19313.19922,846.25,2728.592529,1,2194,79,206,123
B0396,0.3705,149.4570007,14,1087,2007-2010,0,4.83004E-05,54,32,14.17739964,92,16.02499962,5,0,110.76,36.27,0.779275,402,10.65830016,537.3129883,536.8517456,167115752,17.41375017,17.41375017,174.906002,629.2955017,198.963253,9671.374756,102.3283253,57,75.72807503,34655.39844,20025,5.5,51172.52539,1,1844,80,232,128
B0398,0.53,291.8009949,14,1480,2007-2010,0,0.00215136,54,32,13.10900021,121,16.33399963,1,-0.049382702,111.06,36.08,0.7588,308.7000046,9.168749809,571.1685028,723.4000092,165115500,16.3216002,16.3216002,253.7179985,695.4012451,186.6399994,9172.61499,178.4782486,10,133.2315502,30066.59961,4000,904.75,56418.70117,1,2882,71,196,121
B0399,0.7136,80.04190063,14,1242,2007-2010,0,2.52968E-06,54,32,10.18929958,92,13.82750034,-1,0.0123457,110.74,36.28,0.749575,460.4499969,10.36877513,543.4657516,505.2980042,167253752,17.43774986,17.43774986,174.906002,629.2955017,198.963253,9671.374756,102.3283253,30.75,74.30772591,35383.60156,21000,8.75,51172.52539,1,2074,72,215,126
B0400,0.8772,108.6539993,14,1276,2007-2010,65,0.036505599,54,32,12.62170029,92,15.13939953,1,-0.0123457,110.81,36.11,0.845475,576.75,10.19166756,548.993248,608.878006,164923000,18.64219999,18.64219999,174.906002,629.2955017,198.963253,9671.374756,102.3283253,6.25,73.17250061,38948.69922,4472.140137,4.25,3988.435059,1,2666,72,205,118
B0401,0.9902,266.6069946,14,1006,2007-2010,82,1.23639E-06,54,32,18.90589905,92,20.91889954,0,-0.024691399,107.83,35.13,0.8279,502.9250031,10.6812501,577.699501,593.7695007,155647000,18.26719999,18.26719999,523.2750015,4992.311417,989.2865143,16337.32495,192.541748,18,393.9345016,9000,8246.209961,46.75,3534730,1,2063,75,179,125
B0402,1.198,150.3760071,22,1250,2007-2010,0,3.92957E-06,47,31,9.010020256,29,14.76480007,16,0.037037,110.86,36.26,0.8308,470.5500031,10.29585004,545.9137573,574.5202484,167350244,18.16060019,18.16060019,174.906002,629.2955017,198.963253,9671.374756,102.3283253,13.25,62.38292503,29000,21840.30078,16.5,51172.52539,1,2387,70,207,125
B0403,1.3494,250.602005,14,1508,2007-2010,2,0.033236898,54,32,5.808149815,92,6.648310184,3,0.037037,110.6,36.19,0.8641,396.6500015,9.133332491,582.9712524,504.409996,166232496,15.61272502,15.61272502,174.906002,629.2955017,198.963253,9671.374756,102.3283253,1.75,64.81502628,29206.19922,13453.59961,2,1144.30249,1,3581,71,184,118
B0404,0.424,344.3580017,12,2303,2009,0,5.48541E-05,73,15,7.988289833,38,19.67230034,2,0.037037,106.25,35.47,0.895,586.7000122,4.150000095,526.4130249,610.5650024,146244000,10.49059963,10.49059963,342.1740112,593.9110107,974.8909912,11997.5,134.628006,42,59.7840004,24186.80078,7810.25,2,2620.23999,1,3340,73,204,118
B0405,0.527,120.848999,12,2579,2009,35,1.91337E-08,73,15,24.75880051,40,31.91860008,16,0.037037,106.21,35.49,0.8633,502.2000122,3.966670036,527.9849854,587.1459961,146647008,12.38580036,12.38580036,342.1740112,593.9110107,974.8909912,11997.5,134.628006,28,84.25189972,22803.5,9486.830078,3,2620.23999,1,3413,74,232,119
B0406,0.807,338.0700073,12,2332,2009,157,2.44335E-05,73,15,12.64439964,40,17.05870056,0,0.037037,106.21,35.46,0.8568,481.6000061,4.758329868,499.9100037,587.1459961,146647008,14.90750027,14.90750027,342.1740112,593.9110107,974.8909912,11997.5,134.628006,41,84.12249756,25709.90039,10816.7002,0,3406.800049,1,3227,73,252,119
B0407,0.822,190.6950073,17,2493,2009,0,7.77561E-10,53,30,23.95089912,36,25.87280083,16,0.037037,106.22,35.53,0.8438,508.7000122,3.783329964,515.2399902,587.1459961,146164000,11.19219971,11.19219971,342.1740112,593.9110107,974.8909912,11997.5,134.628006,24,59.90209961,18027.80078,6000,0,2620.23999,1,3797,69,210,116
B0408,0.855,84.61070251,12,2526,2009,20,0.000423388,73,15,8.187490463,40,17.54990005,2,-0.037037,106.26,35.52,0.8582,530.5999756,4.433330059,490.0429993,610.5650024,145654000,12.41670036,12.41670036,342.1740112,593.9110107,974.8909912,11997.5,134.628006,3,59.99750137,18248.30078,6000,7,2620.23999,1,3421,74,221,120
B0409,3.2601,242.1029968,29,757,2004-2005,9,0.000104831,52,19,15.95689964,214,17.12310028,16,0.160494,101.6,21.45,0.86875,1607.5,22.75415039,1612.170044,1004.345001,167727496,25.13714981,25.13714981,109.2584991,300.1025009,468.7590027,5351.434814,57.70400047,2,18.28875065,2236.070068,3162.280029,13.5,11691.9502,1,2354,50,169,117
B0410,3.5214,51.85509872,29,745,2004-2005,0,0.000469322,52,19,19.40480042,216,23.82439995,1,-0.148148,101.2,21.95,0.9101,1622.149963,22.72500038,1562.36499,1010.429993,165811504,23.87370014,23.87370014,54.00819969,169.2375031,298.2205048,3080.320068,25.58440018,7,30.63575077,14866.09961,4000,3,12518.1499,1,2629,49,145,116
B0415,0.8096,63.94649887,22,5022,2000,277,4.62396E-08,47,31,15.14999962,195,15.60770035,16,-0.111111,93.5,30,0.6363,51.40000153,-6.125,922.5449829,335.6159973,108500000,3.479549885,3.479549885,1.55419004,13.30140018,51.03099823,91.09490204,0.979565978,1,0.462538004,95000,13892.40039,0,218.1040039,1,3831,68,263,105
B0416,0.9284,311.9110107,19,4127,2000,0,1.75701E-10,54,27,28.0156002,17,33.59759903,16,-0.086419798,94.5919,29.5811,0.8317,279.2999878,-1.066669941,961.1640015,402.7680054,112299000,6.323029995,6.323029995,4.406949997,159.3990021,47.64410019,924.1500244,9.06289959,2,0.179030001,13928.40039,13152.90039,0,371.3980103,1,5127,58,220,102
B0417,0.963,201.3710022,19,3658,2000,225,7.00148E-05,54,27,14.94960022,17,19.70789909,-1,-0.0123457,94.5575,29.5589,0.8464,315.6000061,3.224999905,916.427002,402.7680054,112299000,7.244999886,7.244999886,4.406949997,159.3990021,47.64410019,924.1500244,9.06289959,14,0.218055993,10198,9848.860352,0,371.3980103,1,5142,59,202,105
B0418,1.0526,223.5310059,22,3085,2000,0,0.575083017,49,29,4.263929844,13,6.97137022,16,2.234570026,94.5075,29.5672,0.7389,297.3999939,7.125,875.0650024,407.1849976,115243000,15.14360046,15.14360046,4.406949997,159.3990021,47.64410019,924.1500244,9.06289959,15,0.257196009,5830.950195,5000,0,371.3980103,1,4740,60,192,108
B0419,1.1975,148.5700073,19,4261,2000,211,2.21399E-05,54,27,6.505179882,17,6.542170048,0,0.419752985,94.6228,29.6153,0.7391,265.7999878,-2.075000048,980.098999,402.7680054,102777000,6.100150108,6.100150108,4.406949997,159.3990021,47.64410019,924.1500244,9.06289959,19,0.255481005,18357.59961,17088,0,422.5490112,1,4288,65,256,107
B0420,1.2843,225,22,3063,2000,5,1.619799972,49,29,1.313740015,13,1.341639996,16,0.160494,94.2422,29.7536,0.8024,267.8999939,7.758329868,799.973999,344.6759949,103983000,15.44299984,15.44299984,0.509913027,10.40779972,10.39509964,63.2560997,0.638074994,8,0.271829993,31064.40039,2000,0,578.0380249,1,3796,62,180,116
B0421,2.2041,124.0149994,17,3885,2000,226,2.96569E-09,52,31,18.31200027,18,18.34119987,16,0.283951014,94.7142,29.6511,0.9356,457.1000061,1.616670012,951.3460083,420.2669983,111229000,7.642879963,7.642879963,4.406949997,159.3990021,47.64410019,924.1500244,9.06289959,2,0.256624997,27294.69922,26000,0,10.91040039,1,5225,60,235,99
B0422,2.3517,207.1809998,29,3112,2000,223,0.820611,42,29,3.217050076,127,3,16,-0.0123457,94.0219,29.7597,0.8263,216.5,7.016670227,791.5510254,447.9299927,123468000,13.9605999,13.9605999,4.732460022,139.526001,77.98059845,818.9329834,8.093020439,12,0.270458013,45803.89844,1000,0,726.7550049,1,3708,63,170,113
B0423,0.3141,15.25510025,27,3826,2000,0,0.00126132,41,32,9.619389534,233,11.29599953,16,0.123457,101.9681,29.5456,0.8283,275.6000061,0.016666699,1351.069946,410.2900085,111020000,2.024090052,2.024090052,7.371089935,3.139849901,27.73690033,174.0700073,2.163490057,1,12.16790009,89157.20313,51088.19922,0,58.51089859,1,5859,60,268,107
B0424,1.334,351.8699951,27,2982,2000,0,0.106581002,41,32,11.34659958,1,14.16329956,0,0.185185,101.9986,29.5761,0.7695,488.6000061,4.483329773,1234.550049,403.8919983,107968000,8.135609627,8.135609627,7.371089935,3.139849901,27.73690033,174.0700073,2.163490057,16,8.113840103,88102.20313,48846.69922,250,58.51089859,1,6439,57,279,112
B0426,1.6034,143.154007,27,2888,2000,0,1.12071E-10,41,32,33.43560028,1,41.18009949,0,0.506173015,102.0222,29.5861,0.8831,585.4000244,6.433330059,1232.790039,403.8919983,103113000,11.78299999,11.78299999,7.371089935,3.139849901,27.73690033,174.0700073,2.163490057,6,8.178469658,86769.79688,47169.89844,0,57.69499969,1,6192,56,267,108
B0427,3.0353,127.9960022,27,2564,2000,75,3.81029E-12,41,32,33.97660065,13,44.11349869,1,0.506173015,102.0572,29.6044,0.95,628.7000122,9.391670227,1168.02002,423.5180054,106619000,11.36940002,11.36940002,7.371089935,3.139849901,27.73690033,174.0700073,2.163490057,6,7.258349895,85586.20313,43324.39844,0,57.69499969,1,5901,58,277,113
B0428,1.2261,159.4440002,29,79,2010,0,3.595900059,33,38,1.322829962,219,2.645750046,1,-0.037037,115.0667,26.7333,0.7623,363.1000061,18.64999962,1821.550049,928.6220093,142620992,23.8185997,23.8185997,307.677002,611.5380249,1517.579956,9905.389648,123.9339981,15,257.1109924,9000,4242.640137,2,12673.7998,1,1872,54,187,122
B0433,2.8939,242.1029968,29,757,2006,9,0.000104831,52,19,15.95689964,214,17.12310028,16,-0.234568,101.6,21.45,0.8877,1707.300049,22.67499924,1876.890015,992.0689697,172868992,25.4993,25.4993,107.6119995,489.4330139,476.7489929,107.6119995,61.11510086,2,25.24620056,2236.070068,3162.280029,10,13171.40039,1,2354,50,169,117
B0434,3.1185,51.85509872,29,745,2006,0,0.000469322,52,19,19.40480042,216,23.82439995,1,0.864198029,101.2,21.95,0.8965,1754.099976,22.67499924,1641.76001,1050.829956,171784992,24.06739998,24.06739998,56.85070038,246.5559998,298.5409851,56.85070038,29.71829987,7,49.00139999,14866.09961,4000,9,14091.7002,1,2629,49,145,116
B0435,0.1723,251.5650024,20,275,2010,0,5.986179829,53,27,0.244843006,151,1,16,-0.432099015,84.9989,45.4532,0.4522,109.5,8.683329582,179.9320068,173.9530029,141858000,18.00289917,18.00289917,12.91699982,89.30699921,8.462719917,545.6290283,13.16329956,0,1219.660034,10049.90039,16552.90039,120,28231.69922,1,2365,81,207,140
B0436,0.2293,341.5650024,20,275,2010,0,5.987259865,53,27,0.244843006,151,0.632456005,16,0.148148,85.0161,45.4275,0.6254,94.09999847,8.616669655,183.4409943,190.345993,140678000,16.76650047,16.76650047,12.91699982,89.30699921,8.462719917,545.6290283,13.16329956,0,1258.800049,12083,16031.2002,2,28231.69922,1,2480,81,201,140
B0437,0.239,315,29,277,2010,37,5.98679018,42,29,0.218995005,127,0.774596989,1,0.740741014,85.0628,45.4326,0.3907,119.8000031,8.841670036,180.6399994,172.6060028,141248000,18.17639923,18.17639923,12.91699982,89.30699921,8.462719917,545.6290283,13.16329956,0,560.9279785,13038.40039,16492.40039,8,1143.390015,1,2194,82,215,141
B0438,0.2532,225,20,275,2010,0,5.986939907,53,27,0.218995005,151,1.897369981,16,-0.037037,85.008,45.4419,0.5063,99.40000153,8.600000381,181.5670013,190.345993,140678000,16.70820045,16.70820045,12.91699982,89.30699921,8.462719917,545.6290283,13.16329956,0,1258.800049,10440.2998,17000,16,28231.69922,1,2432,81,205,140
B0439,0.2685,45,29,278,2010,89,5.987269878,42,29,0.218995005,127,0.632456005,-3,-0.037037,85.0507,45.4442,0.6098,108.1999969,8.841670036,180.2189941,172.6060028,141248000,18.96879959,18.96879959,12.91699982,89.30699921,8.462719917,545.6290283,13.16329956,0,919.5549927,11000,18248.30078,8,1143.390015,1,2297,80,225,140
B0440,0.2829,180,20,271,2010,59,5.980770111,53,27,0.464549989,151,1.095450044,0,-0.037037,85.0066,45.4982,0.3326,63.70000076,8.866669655,173.1690063,173.9530029,141004992,17.61179924,17.61179924,12.91699982,89.30699921,8.462719917,545.6290283,13.16329956,0,1332.97998,4000,15524.2002,683,174366,1,1923,83,188,140
B0441,0.3217,135,29,278,2010,89,5.98706007,42,29,0.218995005,127,0.632456005,-3,0.148148,85.0299,45.3987,0.5778,77.30000305,8.841670036,187.3009949,190.345993,140264000,18.10289955,18.10289955,12.91699982,89.30699921,8.462719917,545.6290283,13.16329956,0,1188.030029,13416.40039,12041.59961,15,28231.69922,1,2111,82,200,141
B0442,0.3527,98.13009644,20,275,2010,0,5.987299919,53,27,0.547473013,151,0.894427001,16,0.148148,85.0219,45.4111,0.6249,103.8000031,8.758330345,185.8090057,190.345993,140678000,16.79439926,16.79439926,12.91699982,89.30699921,8.462719917,545.6290283,13.16329956,0,508.6690063,12649.09961,14035.7002,6,28231.69922,1,2136,82,198,141
B0443,0.4354,217.875,20,274,2010,0,5.985030174,53,27,0.88273102,151,1.095450044,0,-0.037037,85.0124,45.4799,0.3857,176.5919952,8.850000381,174.9819946,173.9530029,141004992,20.0060997,20.0060997,12.91699982,89.30699921,8.462719917,545.6290283,13.16329956,0,618.0510254,6000,16155.5,530,174366,1,2051,82,191,140
B0444,0.5079,198.4349976,29,274,2010,0,5.987279892,42,29,0.489677995,127,0.632456005,0,0.148148,85.0376,45.4555,0.4602,87.80000305,8.875,176.9450073,173.9530029,141004992,16.45540047,16.45540047,12.91699982,89.30699921,8.462719917,545.6290283,13.16329956,0,917.0479736,10000,19235.40039,40,28231.69922,1,2351,82,219,140
B0445,1.501,255.5789948,32,881,2011,136,0.633831978,31,37,2.795870066,4,2.932579994,-2,0.148148,128.8265,47.4701,0.8888,530.2999878,-0.100000001,731.3330078,534.7739868,129609000,4.210969925,4.210969925,4.196350098,134.1009979,22.89859962,551.2009888,4.290200233,1,68.82879639,25632,23000,0,136.5359955,1,6370,61,244,107
B0446,0.6571,164.7169952,22,1824,2009,177,5.08077E-09,49,29,25.72979927,13,30.42040062,16,0.370370001,108.43,33.45,0.9355,716.4000244,8.366669655,1034.420044,773.9199829,135768992,11.89239979,11.89239979,32.10319901,52.80970001,75.30819702,950.867981,12.46189976,5,60.97159958,29732.09961,11180.2998,0,19634.59961,1,4112,57,229,113
B0447,0.728,336.8819885,22,1862,2009,147,2.26299E-05,49,29,14.10400009,13,20.29780006,16,0.370370001,108.45,33.48,0.934,643.2999878,7.491670132,1046.380005,757.2080078,136206000,10.60029984,10.60029984,32.10319901,52.80970001,75.30819702,950.867981,12.46189976,5,60.82559967,28017.90039,10440.2998,1,19634.59961,1,3951,59,202,114
B0448,2.3336,194.2160034,22,2373,2009,0,0.000157047,49,29,5.968760014,13,11.48040009,-1,-0.432099015,108.47,33.47,0.9253,590.0999756,5.783329964,1090.680054,757.2080078,136206000,10.61030006,10.61030006,32.10319901,52.80970001,75.30819702,950.867981,12.46189976,21,61.84659958,30232.40039,12649.09961,0,19634.59961,1,4129,59,245,113
B0449,1.6928,52.26319885,22,807,2008-2010,39,0.55103302,47,31,11.11750031,142,11.8828001,16,0.074074097,118.61,41.24,0.878033333,382.6666768,7.29722325,512.3153483,573.3136597,158098672,15.28179995,15.28179995,90.6645991,367.8506673,313.6453247,4085.826579,48.62626648,25,259.274999,24839.5,33541,18.66666667,3830.640055,1,1823,76,183,125
B0450,2.3064,178.1000061,22,1401,2008-2010,0,6.73546E-08,49,29,15.92300034,13,20.18910027,16,0.185185,118.45,41.18,0.916,409.6333313,4.963890076,623.4516805,556.7753296,159625669.3,10.90733655,10.90733655,90.6645991,367.8506673,313.6453247,4085.826579,48.62626648,0.666666667,175.256663,22803.5,23021.69922,1.333333333,1026.296346,1,3919,68,194,116
B0451,2.312,309.9580078,12,982,2008-2010,141,0.000692927,70,18,7.43280983,142,14.20559978,16,-0.086419798,118.56,41.31,0.817033333,448.1666667,6.394443194,524.3019918,552.7010091,159077664,14.5381333,14.5381333,90.6645991,367.8506673,313.6453247,4085.826579,48.62626648,15,196.1626638,34828.10156,36000,1.666666667,1853.26001,1,2456,73,185,120
B0452,2.3332,200.2250061,21,647,2008-2010,0,0.56062299,50,29,3.132420063,29,11.65330029,16,0.469136,118.42,41.05,0.826466667,413.1666667,8.166666667,553.8723348,558.1020101,159914000,15.59849962,15.59849962,38.85440063,209.2649994,126.4896698,1787.993327,22.27833366,14,201.2143351,8485.280273,7000,91.66666667,2658.766602,1,2275,74,187,124
B0453,0.1077,18.90460014,19,759,2011,0,0.0265496,54,27,17.37070084,17,18.34670067,16,0.469136,128.94,46.67,0.9195,510.2999878,1.649999976,627.3330078,539.4959717,134392992,5.607079983,5.607079983,8.05366993,117.8939972,63.94010162,581.5280151,5.064320087,0,79.06069946,35355.30078,58008.60156,1,5.370610237,1,5579,62,251,110
B0454,0.2194,165.6060028,19,734,2011,0,0.000118432,54,27,17.50020027,17,18.69759941,16,-0.530864,128.96,46.82,0.9263,765,0.708333015,657.9580078,535.3809814,132529000,5.024859905,5.024859905,1.222370028,68.8470993,8.281780243,260.9289856,1.944790006,0,73.83070374,17691.80078,58180.80078,52,1.674589992,1,6412,60,241,106
B0455,0.5826,191.8890076,19,861,2011,17,0.000262599,54,27,14.7020998,17,15.60770035,2,-0.92592603,128.99,46.79,0.9179,524.5,0.258332998,655.4940186,535.3809814,133296000,3.971390009,3.971390009,1.222370028,68.8470993,8.281780243,260.9289856,1.944790006,0,74.46040344,21931.69922,62096.69922,5,1.674589992,1,5585,61,242,106
B0456,0.7232,263.7409973,19,489,2011,0,0.000124133,54,27,11.89900017,17,12.51399994,16,0.432099015,129.14,46.78,0.8902,526.4000244,1.733330011,595.8330078,529.6149902,133353000,6.325139999,6.325139999,1.222370028,68.8470993,8.281780243,260.9289856,1.944790006,1,71.7766037,17492.90039,53488.30078,0,417.8619995,1,6934,62,266,115
B0457,0.7767,237.8040009,19,597,2011,6,0.000278529,54,27,9.785280228,17,10.54510021,2,0.271605015,129.15,46.65,0.8989,516.4000244,1.700000048,590.6300049,567.7280273,133902000,5.195690155,5.195690155,8.05366993,117.8939972,63.94010162,581.5280151,5.064320087,0,74.9394989,25059.90039,44181.39844,1,448.2919922,1,6173,62,251,113
B0458,0.7849,116.0299988,19,555,2011,98,2.94466E-05,54,27,10.97910023,17,12.65699959,16,1.111109972,129.04,46.62,0.9176,537.7999878,2.041670084,569.9249878,600.6669922,134756000,7.054170132,7.054170132,8.05366993,117.8939972,63.94010162,581.5280151,5.064320087,0,79.01959991,32756.69922,49000,3,32.30820084,1,6028,63,252,108
B0459,0.841,12.9946003,19,457,2011,0,0.830049992,54,27,7.192979813,17,7.523300171,-2,-0.123457,129.08,46.58,0.8907,525.9000244,2.049999952,573.8410034,625.4990234,135368000,5.565000057,5.565000057,8.05366993,117.8939972,63.94010162,581.5280151,5.064320087,0,78.70480347,34539.80078,45000,1,32.30820084,1,6362,62,262,112
B0460,1.1232,42.16590118,19,641,2011,7,0.00597668,54,27,10.93799973,17,13.43879986,2,-0.765432,129.21,46.81,0.9156,514.2999878,1.399999976,650.684021,518.40802,133554000,4.858059883,4.858059883,1.222370028,68.8470993,8.281780243,260.9289856,1.944790006,0,70.54450226,11704.7002,51884.5,0,4.389999866,1,5714,62,256,107
B0461,1.7165,316.0809937,19,611,2011,121,0.0170948,54,27,5.784689903,17,8.012490273,-3,1.444440007,129.25,46.74,0.9109,490.3999939,1.666669965,602.7039795,606.9639893,133342000,5.940969944,5.940969944,1.222370028,68.8470993,8.281780243,260.9289856,1.944790006,0,71.69439697,12530,44384.69922,3,52.01079941,1,6306,61,243,106
B0462,2.2751,19.8852005,19,274,2011,0,0.073784903,54,27,7.693009853,17,8.12403965,0,0.308642,129.22,46.57,0.9064,492.7000122,2.5,529.4470215,620.3029785,135506000,5.865139961,5.865139961,8.05366993,117.8939972,63.94010162,581.5280151,5.064320087,0,138.4459991,30083.19922,36000,140,85.5,1,5917,61,264,116
B0463,0.1292,272.4899902,22,378,2009,81,0.00189342,50,28,3.560400009,131,5.639150143,0,-0.296296,128.96,46.54,0.9174,538.2000122,1.825000048,765.2919922,586.3410034,132053000,4.257639885,4.257639885,8.210840225,88.69789886,60.78340149,517.2860107,4.938610077,2,116.5920029,35805,48703.19922,1,260.177002,1,6221,62,261,108
B0464,0.5435,20.55599976,27,495,2009,0,0.110076003,45,28,7.888189793,126,8.354640007,16,-0.061728399,129.04,46.81,0.8753,500.2999878,1.149999976,807.1450195,509.6600037,130031000,5.840139866,5.840139866,1.291460037,53.23770142,7.923049927,231.7669983,1.99356997,1,103.0540009,21400.90039,60407,5,1.529039979,1,6546,61,270,110
B0465,0.7097,350.6759949,27,659,2009,0,3.19856E-07,45,28,15.39000034,126,18.67079926,16,0.358025014,129.14,46.75,0.9049,538.5,1.408329964,787.5679932,503.4639893,130730000,4.411389828,4.411389828,1.291460037,53.23770142,7.923049927,231.7669983,1.99356997,0,102.6190033,18384.80078,50289.19922,6,386.177002,1,6281,62,270,109
B0466,0.7475,246.8690033,19,905,2009,20,5.96147E-08,54,27,16.84180069,17,17.91650009,1,-1.209879994,129.21,46.79,0.8595,476.3999939,0.425000012,858.0419922,491.480011,130459000,4.252779961,4.252779961,1.291460037,53.23770142,7.923049927,231.7669983,1.99356997,0,100.151001,12206.59961,49658.80078,3,386.177002,1,6135,62,265,106
B0467,0.7573,18.43490028,19,450,2009,0,4.97717E-05,54,27,13.68959999,17,14.19149971,0,0.086419798,129.17,46.65,0.9141,507.8999939,1.708330035,764.7290039,578.4760132,130931000,5.165689945,5.165689945,8.210840225,88.69789886,60.78340149,517.2860107,4.938610077,0,105.4639969,24166.09961,42190,0,412.4790039,1,6145,63,247,115
B0468,0.8064,308.3869934,19,619,2009,0,0.00712222,54,27,7.561759949,17,11.94149971,2,0.123457,129.06,46.83,0.9084,541.2999878,1,817.7930298,503.4639893,130055000,5.019999981,5.019999981,1.291460037,53.23770142,7.923049927,231.7669983,1.99356997,0,100.9940033,20248.5,61098.30078,7,1.529039979,1,6034,62,269,110
B0469,1.0927,311.1860046,27,263,2009,0,1.470999956,45,28,4.926169872,126,5.744559765,16,0.296296,129.01,46.62,0.8627,495.7000122,2.150000095,757.0880127,576.9439697,131067000,7.170829773,7.170829773,8.210840225,88.69789886,60.78340149,517.2860107,4.938610077,2,111.3359985,34669.89844,51000,0,29.50009918,1,5843,62,253,108
B0470,1.1645,159.4440002,29,79,2005-2007,0,3.595900059,33,38,1.322829962,219,2.645750046,1,0.765432,115.0667,26.7333,0.8105,396.3333435,18.96946653,1564.630005,1000.128011,149696336,23.37083371,23.37083371,424.3413391,527.4903361,1647.460002,7510.930135,143.1603343,15,163.6226654,9000,4242.640137,13.33333333,12926.63346,1,1872,54,187,122
B0472,0.585,37.99060059,12,2532,2012,0,0.0301357,73,15,13.21969986,40,15.56280041,16,0.209876999,106.2,35.56,0.8845,510.2000122,3.691669941,627.7680054,619.8109741,143880992,10.46959972,10.46959972,181.0980072,1609.469971,1019.789978,10323.5,103.6999969,28,127.1930008,15264.2998,2000,41,3314.719971,1,3571,73,216,119
B0473,0.6323,46.625,12,2278,2012,0,4.54897E-09,73,15,28.33119965,40,31.05480003,1,0.444444001,106.28,35.49,0.8744,564.2000122,4.908329964,597.1030273,642.6199951,143372000,9.746109962,9.746109962,338.8909912,1012.960022,1251.939941,13205.90039,147.0659943,37,89.14820099,21023.80078,4472.140137,0,7181.149902,1,2954,78,232,119
B0474,0.841,9.071499825,14,2124,2012,38,4.03789E-10,59,27,26.03750038,39,29.90320015,1,-0.024691399,106.36,35.39,0.858,691,5.541669846,627.1939697,658.6060181,142986000,12.50500011,12.50500011,133.977005,3278.77002,379.7340088,9373.509766,70.45909882,58,81.70999908,31064.40039,4123.109863,4,38086.5,1,3040,72,203,122
B0475,0.8492,5.29008007,25,2532,2012,0,4.16473E-06,38,37,23.73559952,38,29.39049911,16,-0.407406986,106.26,35.47,0.8849,686.5999756,3.858330011,645.2420044,642.6199951,143372000,8.37471962,8.37471962,338.8909912,1012.960022,1251.939941,13205.90039,147.0659943,31,79.06220245,24083.19922,7071.069824,0,3314.719971,1,3245,75,209,121
B0476,0.957,141.375,14,1435,2008,98,1.69701E-07,54,32,18.99430084,92,22.19459915,16,-0.493826985,109.01,36.23,0.8426,464.8999939,8.608329773,507.9689941,614.7000122,171106000,16.20219994,16.20219994,27.16040039,40.88750076,60.00400162,656.6099854,8.551250458,8,94.34980011,27459.09961,14317.7998,5,169.5820007,1,2396,73,195,124
B0477,0.1445,200.8209991,36,200,2000,0,0.623602986,39,25,5.860849857,176,9.316650391,16,0.54321003,117.4333,26.1917,0.7831,633.9000244,19.82500076,1886.709961,892.2890015,138050000,25.44400024,25.44400024,185.5500031,5222.049805,962.8010254,10598.40039,82.20880127,25,497.3869934,5099.02002,2000,0,60666.5,1,1949,55,156,121
B0480,1.1643,250.5599976,43,174,2011,0,3.933779955,28,29,2.78944993,216,3.162280083,-1,0.975309014,109.75,19.2667,0.8465,641.5,23.60000038,2578.679932,1150.22998,143862000,28.21579933,28.21579933,35.95429993,138.9279938,170.8370056,1412.369995,13.01580048,44,119.3720016,36359.30078,1414.209961,739,9905.339844,1,1832,49,111,114
B0485,3.046,225,31,604,2011,80,0.000144646,36,33,15.28499985,220,21.81279945,0,-0.296296,106.8635,22.0393,0.8973,1389,20.19169998,1388.709961,1079.23999,137984992,22.15299988,22.15299988,4.942259789,50.90390015,23.34639931,302.4249878,2.610140085,64,377.0150146,7000,5385.169922,3,-9999,1,2649,57,176,116
B0487,1.9628,320.8389893,43,347,2012,96,3.16659E-07,28,29,18.68079948,216,19.60099983,-2,-0.296296,106.74,22.15,0.8737,955,21.89170074,1506.380005,1070.73999,125405000,27.20890045,27.20890045,203.8439941,747.3629761,896.6140137,8128.649902,78.69799805,6,582.3989868,4472.140137,7615.77002,1095,57198.39844,1,2062,59,178,117
B0488,2.2692,338.5180054,43,252,2012,46,0.87786001,28,29,12.68560028,216,13.12250042,0,-0.296296,106.78,22.19,0.8389,841.0999756,21.81669998,1464.72998,1038.829956,126276000,27.60540009,27.60540009,203.8439941,747.3629761,896.6140137,8128.649902,78.69799805,20,545.9970093,6082.759766,11045.40039,57,23450.30078,1,2142,59,169,115
B0489,0.9125,319.3989868,43,155,2010,0,7.199339867,28,29,1.427379966,216,3.255759954,-1,-0.296296,108.32,22.67,0.761,658.5999756,21.95000076,1508.180054,1032.349976,136087008,26.13360023,26.13360023,350.6619873,2269.419922,1560.119995,20166.69922,204.5130005,33,869.6040039,4123.109863,3000,720,136755,1,2099,56,158,121
B0490,2.0917,178.4089966,36,870,2010,19,1.7591E-05,39,25,11.01599979,219,19.6977005,16,-0.296296,109.85,22.55,0.8741,1378,19.5,1788.5,1084.310059,139287008,22.27770042,22.27770042,424.2879944,713.0339966,1678.930054,11435,127.2910004,3,335.1270142,18357.59961,15297.09961,0,2306.689941,1,3140,53,164,109
B0493,0.2178,273.0660095,36,152,2006,64,0.0267892,39,25,8.618630409,219,14.98670006,-1,-0.296296,117.95,26.4667,0.7861,503.3999939,20.55830002,2002.25,903.2000122,144807008,22.50889969,22.50889969,406.1409912,1066.880005,1276.680054,406.1409912,167.0240021,28,345.3190002,0,2236.070068,408,12025.5,1,1870,55,163,122
B0500,1.9384,1.123299956,19,298,2009-2010,31,2.93479991,54,27,3.943279982,17,4.690420151,16,-0.074074097,129.72,44.49,0.871,434.8499908,3.695829988,554.7655029,598.46698,128103000,7.610139847,7.610139847,356.1544952,4798.474854,1152.045044,18277.9502,143.253006,2,1654.315002,7000,6403.120117,588,31830.50098,1,4444,63,257,113
B0506,1.2091,45.41220093,22,451,2010,0,0.000428914,51,27,14.87699986,220,13.54990005,16,0.308642,106.88,22.06,0.9092,1373,22.07500076,1430.52002,1131.089966,140511008,24.75079918,24.75079918,5.116020203,48.40399933,22.13969994,309.7739868,2.674410105,2,309.1749878,5099.02002,4242.640137,0,21638.19922,1,2414,57,167,115
B0507,1.3397,27.01269913,31,503,2010,27,0.000186006,36,33,8.794870377,220,19.58569908,1,0.148148,106.85,22.05,0.9079,1321.599976,21.44169998,1447.310059,1131.089966,139799008,24.28800011,24.28800011,5.116020203,48.40399933,22.13969994,309.7739868,2.674410105,5,280.1390076,6000,4123.109863,7,21638.19922,1,2685,57,160,116
B0510,3.1509,22.26059914,31,483,2010,0,0.00309851,36,33,15.73859978,220,19.44219971,16,0.148148,106.87,22.05,0.8659,1377.099976,21.47500038,1446.780029,1131.089966,140511008,23.63409996,23.63409996,5.116020203,48.40399933,22.13969994,309.7739868,2.674410105,21,282.2409973,6082.759766,5000,0,21638.19922,1,2176,57,167,116
B0511,0.9255,340.1329956,29,411,2005,44,0.000218807,33,38,9.703020096,219,15.78610039,16,-0.283951014,109.79,26.85,0.8433,614,16.20000076,1137.709961,790.3309937,124569000,20.75370026,20.75370026,237.3999939,253.4170074,863.9660034,6735.540039,84.23519897,22,64.0102005,6082.759766,5000,0,42875.19922,1,3564,54,192,116
B0512,1.1582,289.3349915,31,452,2005,0,4.926E-05,36,33,18.08309937,220,21.81279945,16,-0.283951014,110.02,27.04,0.8458,527.9000244,16.07500076,1174.099976,796.0319824,125840000,21.6480999,21.6480999,274.0809937,381.7279968,871.3619995,8851.55957,110.7509995,11,78.85970306,25318,26400.80078,5,2149.939941,1,3698,57,204,116
B0513,0.5285,306.6900024,27,1263,2012,6,1.08937E-05,40,33,9.753410339,7,22.9564991,3,-0.283951014,113.98,26.05,0.9836,929.4000244,12.83329964,1952.170044,823.3309937,130208000,18.74679947,18.74679947,224.8410034,470.6560059,627.7490234,9450.150391,133.2519989,48,150.9440002,43011.60156,18973.69922,159,26516.40039,1,3933,51,188,109
B0514,0.5621,313.7810059,29,98,2012,0,1.976369977,33,38,5.133780003,176,7.655059814,0,-0.283951014,114.35,27.83,0.6859,484,17.58329964,2151.389893,968.7080078,132809000,22.55859947,22.55859947,347.7359924,3539.629883,1526.920044,34890.89844,282.1489868,648,816.2249756,5099.02002,0,2269,239973,1,2025,58,182,129
B0515,0.6811,155.322998,36,333,2012,0,0.0130084,39,25,9.373579979,219,10.59249973,16,-0.283951014,115.56,26.28,0.8485,747.4000244,18.14999962,1907.48999,1001.48999,140766000,22.76469994,22.76469994,248.0879974,664.2689819,987.8920288,9111.419922,100.0270004,6,373.9689941,2000,14142.09961,3,11529.7998,1,1925,53,170,123
B0516,0.7643,81.02739716,36,84,2012,37,6.682610035,39,25,1.488999963,219,3.193739891,16,-0.283951014,114.78,26.71,0.7921,580.7000122,18.5333004,1852.040039,1039.920044,137322000,24.29210091,24.29210091,166.1100006,521.6079712,911.6699829,5815.930176,70.69129944,2012,344.5249939,10049.90039,2828.429932,3,18886.09961,1,1640,59,191,129
B0517,1.1671,324.8659973,36,294,2012,0,0.000551217,39,25,2.554559946,219,11.37539959,16,0,114.97,25.99,0.9257,752.5,18.17499924,1719.380005,1009.530029,141516992,22.52409935,22.52409935,271.7980042,8776.360352,905.4260254,23929.80078,147.4369965,15,294.5159912,8485.280273,8000,45,148326,1,1933,55,169,119
B0518,1.5036,341.5650024,36,224,2010,0,0.010762,39,25,0.979283988,219,10.14890003,0,0,114.57,27.75,0.8932,535.0999756,17.11669922,2236.429932,945.6030273,138919008,21.50110054,21.50110054,468.6530151,11222.2002,1736.839966,40011.30078,270.4989929,6,397.125,4123.109863,9219.540039,699,3232610,1,2375,53,174,119
B0519,0.2248,108.7779999,29,596,2008,0,1.01717E-05,52,19,8.123100281,214,13.07670021,16,0,101.2459,21.9469,0.8479,1710.400024,22.54170036,1775.900024,1062.900024,156778000,26.57530022,26.57530022,61.23099899,253.1009979,316.1740112,3627,28.66690063,3,95.5338974,16155.5,3000,925,4086.610107,1,2175,58,140,115
B0520,0.619,121.3290024,29,623,2008,95,0.204282001,52,19,8.28096962,214,13.67479992,0,0,101.2445,21.9471,0.8479,1454.699951,22.54170036,1775.900024,1062.900024,156778000,26.57530022,26.57530022,61.23099899,253.1009979,316.1740112,3627,28.66690063,3,95.5338974,16155.5,3000,925,4086.610107,1,2175,58,140,115
B0521,1.3838,185.477005,29,569,2008,0,0.146922007,52,19,5.659599781,214,8.543999672,1,0,101.2454,21.943,0.8479,1453.800049,22.54170036,1775.900024,1062.900024,156778000,27.46360016,27.46360016,61.23099899,253.1009979,316.1740112,3627,28.66690063,7,95.5338974,15231.5,2000,925,4086.610107,1,2175,58,140,120
B0522,1.6526,358.8070068,29,589,2008,0,1.969079971,52,19,7.393270016,214,9.674710274,-3,0,101.2747,21.9102,0.878,1701.599976,22.48329926,1794.160034,1058.430054,156327008,25.96039963,25.96039963,61.23099899,253.1009979,316.1740112,3627,28.66690063,2,62.64490128,14422.2002,1414.209961,4,4086.610107,1,2663,47,149,121
B0523,2.423,237.529007,29,569,2008,0,0.177734002,52,19,6.03470993,214,8.221920013,1,0,101.2678,21.9232,0.8363,1681.699951,22.5916996,1775.709961,1058.430054,156327008,26.74259949,26.74259949,61.23099899,253.1009979,316.1740112,3627,28.66690063,8,58.88349915,14764.7998,1414.209961,472,4086.610107,1,2301,50,145,121
B0524,0.1223,104.0360031,27,704,2009,25,0.0059646,41,32,0.63845098,1,0.774596989,1,0,123.45,51.83,0.8888,548.5999756,-3.741669893,663.6400146,432.9049988,119636000,-0.161249995,-0.161249995,12.37110043,74.00990295,43.71879959,391.0369873,4.378630161,0,2.062489986,12041.59961,327054,4,7846.660156,1,8272,56,285,101
B0525,0.2618,220.7319946,27,1159,2009,25,0.461824,41,32,7.316730022,1,7.348470211,16,0,123.21,51.28,0.8288,553.5999756,-4.916669846,697.2979736,451.3200073,121275000,-0.400694013,-0.400694013,0.916115999,5.419680119,3.271980047,39.32630157,0.400041997,0,2.439589977,60299.30078,288175,0,2.154949903,1,8229,58,265,101
B0526,1.555,133.9290009,27,984,2009,0,0.000606891,41,32,11.55889988,1,12.48999977,0,0,123.79,51.59,0.8512,508.6000061,-4.525000095,696.8629761,443.3479919,121141000,-0.520694017,-0.520694017,0.565312982,5.822179794,2.876140118,34.42419815,0.335442007,0,3.517040014,23021.69922,292549,4,367.8989868,1,8848,58,295,102
B0527,2.1096,333.4349976,27,676,2009,0,0.033613399,41,32,2.767950058,1,2.828429937,0,0,123.93,52.24,0.8863,560.5999756,-3.375,627.2150269,450.5079956,119715000,4.480609894,4.480609894,2.999670029,11.52359962,10.86859989,104.6529999,1.133759975,0,2.052220106,21954.5,337627,1,131.7599945,1,8065,56,262,106
B0528,3.8065,45.92399979,27,759,2009,0,0.482371986,41,32,6.758240223,1,9.455160141,16,0,124.22,51.36,0.8886,532.2999878,-3.283329964,680.9240112,473.1229858,121846000,2.949719906,2.949719906,6.651140213,150.1620026,19.20940018,313.6369934,3.101569891,0,6.788219929,4472.140137,254531,1,15720.59961,1,7966,57,240,104
B0529,0.5239,190.3049927,27,362,2009,0,0.018302999,45,28,5.17979002,126,5.983310223,0,0,128.8889,47.1806,0.9198,577.7000122,1.450000048,793.09198,493.8609924,128318000,4.542079926,4.542079926,4.028580189,38.87080002,43.09740067,227.1999969,3.258840084,202,75.02559662,18681.5,35440.10156,0,320.2460022,1,5658,61,258,113
B0530,0.5444,181.8480072,35,938,2009,139,3.171169996,24,41,4.791749954,23,6.033239841,16,0,127.83,42.39,0.8919,647.4000244,2.575000048,793.492981,630.4550171,138262000,7.126110077,7.126110077,9.769220352,157.1519928,10.34869957,953.0679932,7.69012022,1,135.6289978,14035.7002,17464.30078,1,182.1820068,1,5714,59,260,110
B0531,0.7656,300.9639893,27,632,2009,0,1.337739944,45,28,1.354159951,126,2.236069918,1,-0.148148,128.01,42.59,0.9118,635.2999878,3.691669941,718.5029907,632.5479736,139411008,8.385689735,8.385689735,60.50149918,471.401001,57.45460129,3661.47998,34.43719864,4,134.4360046,10440.2998,10000,1,1224.410034,1,4851,59,302,115
B0533,1.2806,230.7109985,35,671,2009,0,1.422510028,24,41,2.199800014,23,3,16,-0.148148,127.52,42.52,0.9026,857,3.650000095,783.7520142,666.7769775,138352992,8.201109886,8.201109886,25.60890007,156.0930023,59.99900055,1296.560059,13.2840004,2,181.6549988,11045.40039,9219.540039,4,14862.09961,1,5049,60,291,121
B0534,1.5658,293.1990051,35,616,2009,20,0.099846601,24,41,0.589644015,23,1.095450044,1,-0.209876999,127.98,42.63,0.9171,583.5999756,3.916670084,716.2160034,632.5479736,139559008,8.479999542,8.479999542,60.50149918,471.401001,57.45460129,3661.47998,34.43719864,0,135.9320068,15652.5,6708.200195,0,1224.410034,1,5026,59,281,115
B0535,2.7479,190.3049927,27,362,2009,0,0.018302999,45,28,5.17979002,126,5.983310223,0,-0.493826985,128.8889,47.1806,0.9198,577.7000122,1.450000048,793.09198,493.8609924,128318000,4.542079926,4.542079926,4.028580189,38.87080002,43.09740067,227.1999969,3.258840084,202,75.02559662,18681.5,35440.10156,0,320.2460022,1,5658,61,258,113
B0537,3.5085,175.6009979,19,867,2009,0,2.714050055,54,27,3.025749922,17,3.549649954,16,0.259258986,127.67,42.35,0.8945,617.0999756,2.608330011,810.8610229,731.0339966,137036000,7.475560188,7.475560188,9.769220352,157.1519928,10.34869957,953.0679932,7.69012022,1,140.6529999,9219.540039,14422.2002,0,49.36909866,1,5124,59,284,113
B0538,1.9937,39.35950089,29,602,2005-2006,0,0.000662298,52,19,8.841629982,214,10.35369968,16,0.777778029,101.2667,21.9,0.81625,1711.75,23.3916502,1611.370056,1033.63501,169353496,26.11504936,26.11504936,56.64209938,218.4680023,296.4994965,1660.860409,28.64025021,16,42.04229927,12206.59961,0,10.5,3371.194946,1,2499,49,144,118
B0539,2.2541,252.197998,28,612,2005-2006,59,0.037280701,37,35,8.794210434,214,11.34899998,16,0.197531,101.2833,21.9,0.91975,1727.200012,23.11249924,1617.265015,1033.63501,169353496,25.45155048,25.45155048,56.64209938,218.4680023,296.4994965,1660.860409,28.64025021,6,33.60340118,13453.59961,2000,9,3371.194946,1,2499,49,144,116
B0540,3.571,46.10169983,29,714,2005-2006,0,8.50242E-10,35,36,5.676300049,106,21.56850052,0,0.197531,101.3833,21.7167,0.8971,1672.650024,21.71250057,1678.5,987.5855103,169572000,25.32455063,25.32455063,37.70410156,179.8564987,173.9749985,1508.679295,20.96280003,20,27.83010006,3605.550049,1000,3,13885.1001,1,2835,50,173,115
B0541,1.4708,11.82149982,35,920,2007-2009,53,2.948040009,24,41,3.397510052,23,4.979959965,16,0.197531,127.84,42.38,0.903433333,609.2666626,3.319443385,749.0159912,611.9359945,139762000,7.926943143,7.926943143,10.1344401,150.8216654,12.38406626,945.357666,8.203913212,2,115.4290034,15000,18788.30078,0.333333333,187.058665,1,5846,58,279,113
B0542,1.7358,5.906139851,35,790,2007-2009,0,2.868429899,24,41,2.256190062,23,2.28034997,-2,0.197531,127.95,42.45,0.873433333,613.9666748,3.916666746,718.8893433,638.2610067,141418997.3,8.91560332,8.91560332,10.1344401,150.8216654,12.38406626,945.357666,8.203913212,6,119.3789978,4472.140137,18384.80078,21,13349.5,1,5952,58,273,117
B0543,1.917,41.26860046,19,523,2007-2009,114,0.778593004,54,27,5.034609795,19,5.692100048,-3,0.197531,127.59,42.63,0.917066667,595.3666585,4.991666635,725.4630127,711.5320028,141529664,8.833843549,8.833843549,24.29786619,169.8776652,30.23266665,1367.533366,13.64710013,3.333333333,127.5556691,15620.5,8944.269531,0.666666667,95.28813171,1,4394,61,251,121
B0544,3.0574,66.4477005,27,600,2007-2009,2,0.0056178,45,28,3.290430069,126,8.774959564,16,0.197531,128.01,42.57,0.918466667,591.6666667,4.425000032,693.5050049,616.6243083,142371338.7,8.965970039,8.965970039,62.48266729,414.1506653,68.9889005,3503.133301,33.96549924,4,115.2241313,7280.109863,12727.90039,2,1249.386678,1,5113,59,268,118
B0545,0.0819,278.1300049,7,1285,2010,0,2.631230116,80,13,0.547473013,101,2.44949007,2,0.197531,106.48,37.81,0.2546,127.6999969,9.583330154,222.8480072,279.92099,156676992,23.86330032,23.86330032,114.3450012,237.3000031,323.6759949,3371.51001,84.47669983,12,260.1130066,9899.5,7071.069824,0,2746.949951,1,873,84,167,141
B0546,0.1202,284.743988,14,1451,2010,0,0.036195699,49,37,3.039530039,73,5.639150143,16,0.197531,105.83,36.94,0.2189,126.9000015,9.600000381,256.9710083,349.3269958,154471008,23.50180054,23.50180054,53.56579971,98.51509857,288.8450012,2099.47998,24.9557991,15,72.12830353,9219.540039,3605.550049,469,38757.5,1,1161,84,162,137
B0547,0.3281,16.07360077,7,1174,2010,0,2.057699919,80,13,4.743159771,101,5.585700035,16,0.197531,106.39,38.04,0.2207,75.09999847,9.966670036,203.3359985,237.7480011,159936992,23.32259941,23.32259941,305.519989,21058.09961,994.4420166,29182.19922,282.1579895,10,409.3590088,4242.640137,2828.429932,20,136287,1,956,83,176,142
B0548,0.468,0,21,1101,2010,152,4.932980061,47,32,0.309704006,145,1.341639996,-2,0.197531,106.29,38.88,0.8346,258.2999878,9.5,169.5079956,280.2460022,167820992,17.45960045,17.45960045,218.5119934,4074.459961,632.6779785,12005.40039,172.8249969,28,541.4559937,6082.759766,1000,444,86681.20313,1,1101,84,147,146
B0549,0.527,80.83769989,14,1860,2010,20,0.613242984,49,37,4.850870132,73,4.939640045,2,0.197531,106.33,37.28,0.403,173.6999969,8.274999619,328.6740112,420.6619873,157652992,21.95070076,21.95070076,75.49449921,226.6210022,570.9329834,3174.800049,36.39870071,9,49.24399948,18248.30078,26305.90039,10,159.7910004,1,2627,80,185,126
B0550,0.5468,29.42219925,22,1682,2010,0,9.36152E-07,36,42,18.12619972,68,22.17210007,-1,0.197531,106.15,39.21,0.1701,76.09999847,7.691669941,215.9019928,275.7049866,155150000,20.47220039,20.47220039,16.66559982,867.5100098,16.3553009,1778.52002,16.76889992,0,39.13869858,1414.209961,5000,5,195.0879974,1,1053,82,203,130
B0551,0.8253,113.1989975,11,1095,2010,151,5.990129948,70,19,0.589644015,186,1.095450044,16,0.197531,106.67,39.02,0.7461,228,9.383330345,181.8939972,216.9779968,165240000,17.77739906,17.77739906,347.0169983,2187.679932,588.0759888,14278.2998,305.3829956,28,520.1790161,10198,7280.109863,267,21124.59961,1,1380,85,153,146
B0552,0.932,96.34020233,11,1376,2010,0,5.881830215,74,15,0.701093972,74,0.774596989,16,0.197531,106.67,37.42,0.2801,158.5,9.5,262.4979858,401.4240112,153620992,23.39439964,23.39439964,95.14720154,4201.319824,510.0639954,8506.009766,50.87969971,15,48.51900101,2000,15652.5,675,9549.799805,1,896,83,191,138
B0553,1.1871,317.3859863,17,2206,2010,97,4.50284E-12,53,30,30.82789993,36,40.16220093,0,0.197531,105.83,38.48,0.4417,127.6999969,5.324999809,314.2680054,313.8900146,162370000,13.6260004,13.6260004,36.10290146,327.0799866,125.1409988,2116.110107,28.61020088,0,52.22299957,15000,9899.5,6,4689.299805,1,2224,79,172,124
B0554,1.9571,114.887001,14,1809,2010,0,0.041576698,54,32,8.222319603,92,10.19799995,16,-0.938271999,106.51,36.94,0.3002,162.3999939,8.225000381,361.8819885,476.2179871,150827008,21.31469917,21.31469917,57.3512001,163.8280029,436.7659912,2428.620117,27.61989975,7,47.20330048,33241.5,31764.80078,6,618.9379883,1,1717,81,200,128
B0555,2.9043,189.0579987,14,1699,2010,87,2.07068E-07,54,32,15.81540012,92,19.36490059,16,-0.592593014,106.39,36.72,0.3824,182.6000061,8.941670418,384.6369934,484.026001,151856000,21.92869949,21.92869949,36.48899841,351.2869873,208.5559998,2419.310059,22.69210052,8,76.23210144,24166.09961,24166.09961,3,914.4060059,1,2161,82,200,125
B0556,1.5417,246.5570068,22,1773,2011,164,1.08961E-08,49,29,18.4116993,13,24.1909008,-1,-0.592593014,108.45,33.44,0.9369,644,7.775000095,1238.339966,752.2000122,137528000,12.44740009,12.44740009,34.80419922,53.04949951,76.59600067,1040.319946,14.1843996,3,36.07180023,31144.80078,12530,2,24036.19922,1,3951,59,223,119
B0559,0.6825,140.4400024,36,1616,2012,165,0.261662006,39,25,2.308609962,219,11.85750008,-1,-0.0123457,99.9983,22.1961,0.869,1378.5,19.14999962,1468.339966,822.9420166,176412000,24.64179993,24.64179993,138.746994,535.0050049,719.0789795,6331.990234,65.71379852,17,59.44889832,78644.79688,37215.60156,0,482.9689941,1,2771,54,208,107
B0560,2.2592,315,36,1629,2012,179,1.405830026,39,25,6.973229885,219,8.246210098,16,0.283951014,100.0117,22.1986,0.9169,1133.5,19.16670036,1481.369995,822.9420166,175138000,23.99600029,23.99600029,138.746994,535.0050049,719.0789795,6331.990234,65.71379852,19,47.45159912,77666,37336.30078,0,482.9689941,1,2676,56,223,107
B0561,3.361,330.8710022,43,1542,2012,71,3.46936E-05,28,29,22.06349945,216,28.48509979,16,0.432099015,100.018,22.166,0.9418,1678,19.70829964,1452.839966,822.9420166,175138000,24.1739006,24.1739006,138.746994,535.0050049,719.0789795,6331.990234,65.71379852,10,30.30949974,76118.29688,40447.5,0,482.9689941,1,2778,53,201,105
B0562,0.5708,54.46229935,22,7,2012,12,9.816840172,47,31,0.666019976,142,0.774596989,0,-1.074069977,120.09,32.32,0.7514,516.2000122,15.30830002,1000.450012,905.1920166,142406000,21.02280045,21.02280045,430.6239929,3039.689941,4657.220215,24655.80078,274.572998,3755,3804.77002,17117.19922,4472.140137,763,68079.20313,1,2259,75,204,123
B0563,0.5912,347.0050049,22,7,2012,12,9.904179573,47,31,1.032889962,142,1.673320055,0,-0.432099015,120.24,32.37,0.5269,453.6000061,15.18330002,986.8920288,912.2189941,144364992,20.7968998,20.7968998,430.6239929,3039.689941,4657.220215,24655.80078,274.572998,559,4078.570068,8246.209961,9433.980469,709,129648,1,2526,74,219,126
B0564,0.6175,66.80139923,22,7,2012,12,9.764949799,47,31,0.589644015,142,2.144759893,0,0.086419798,120.07,32.15,0.7177,466.1000061,15.51669979,1035.099976,920.0280151,145868000,21.07369995,21.07369995,1082.5,11636.09961,5781.959961,83718.60156,680.7670288,498,4503.209961,18601.09961,4472.140137,1475,163098,1,2557,73,205,126
B0565,0.4036,72.19460297,36,298,2012,31,3.44855E-08,39,25,21.25099945,219,32.49000168,16,-0.049382702,112.08,26.29,0.6851,683.5,17.9666996,1424.930054,884.4569702,131120000,22.74290085,22.74290085,419.7839966,1543.51001,2045.77002,17971.09961,199.3840027,4,663.0109863,44553.30078,20518.30078,336,26087.5,1,2661,56,208,118
B0566,1.5369,150.9450073,36,217,2012,0,3.276489973,39,25,1.593899965,219,1.732049942,1,0.123457,113.77,26.49,0.5988,707.1690063,17.63330078,1824.859985,808.2039795,129624000,25.16640091,25.16640091,257.3819885,571.1500244,1330.72998,11365.2002,110.7929993,3822,379.348999,0,1000,1043,29096.40039,1,1842,61,177,124
B0567,2.4547,9.536640167,25,764,2012,0,7.62328E-11,45,30,9.719650269,224,22.75959969,0,0.123457,109.83,29.18,0.9947,609.5,14.57499981,1536.920044,788.3540039,116995000,17.36610031,17.36610031,162.3070068,454.2539978,333.7080078,7183.350098,93.44629669,5,97.43229675,20223.69922,17000,5,15641.7002,1,4024,59,203,113
B0568,1.2456,99.50219727,22,2346,2011,130,7.20426E-08,49,29,17.70540047,13,23.68120003,16,0.123457,107.88,33.65,0.8775,617.7000122,6.058330059,1316.359985,698.2280273,140256992,9.811530113,9.811530113,32.0304985,34.39020157,73.96839905,878.8359985,12.48429966,11,29.36000061,18384.80078,37576.60156,4,27183.59961,1,4064,60,243,118
B0569,2.002,204.4920044,12,2238,2011,185,1.29938E-08,70,18,28.12849998,16,33.35269928,-1,-0.123457,108.57,33.85,0.9058,410.7999878,5.241670132,1209.22998,692.3660278,144896000,9.883330345,9.883330345,8.268130302,175.2180023,14.07129955,1101.170044,6.574319839,0,694.026001,5830.950195,5000,6,26420.30078,1,4933,58,237,108
B0570,0.355,270,22,64,2011-2012,44,7.708730221,47,31,0.309704006,142,0.774596989,-1,-0.0123457,114.45,34.52,0.8323,380.5999908,14.83335018,609.6234894,628.8699951,154577000,22.09484959,22.09484959,568.822998,46880.0391,4913.429932,27746.64941,336.4339905,659.5,1788.875,29966.59961,0,1299,131507,1,882,84,221,132
B0571,1.236,315,22,62,2011-2012,0,7.848720074,47,31,0.328489989,142,1.095450044,16,-0.123457,114.78,34.46,0.8039,333.3999939,14.74580002,612.9720154,634.0090027,154946000,20.78534985,20.78534985,743.4150085,44069.43613,6271.435059,36220.69922,428.8740082,749,1416.679993,35693.10156,2000,714.5,90208.09766,1,985,86,219,134
B0572,2.1,-1,22,69,2011-2012,0,6.231910229,47,31,0,142,1.095450044,16,-0.0123457,114.17,34.45,0.8518,375.6500092,14.95000029,616.8345032,623.6169739,154297496,20.3203001,20.3203001,568.822998,40323.67476,4913.429932,27746.64941,336.4339905,175,1767.625,15297.09961,2000,1372,981081,1,985,82,216,131
B0573,3.235,8.13010025,22,58,2011-2012,47,7.839069843,47,31,0.547473013,142,1.095450044,-2,-0.123457,115.37,34.51,0.81995,385.25,14.6416502,619.2255249,640.1480103,155485504,19.88660049,19.88660049,578.5924988,37546.90574,3923.930054,31787.2002,321.3629913,692,794.693512,5385.169922,5000,602.5,211121,1,732,90,210,139
B0574,3.719,177.5099945,22,54,2011-2012,0,7.87653017,47,31,1.781919956,142,2.569050074,0,-0.0123457,115.15,34.33,0.8596,379.4499969,14.67499971,620.1400146,627.1105042,154751504,19.88090038,19.88090038,757.194519,24498.24244,5320.36499,34314.5,411.2084961,488.5,1151.52002,32557.59961,5656.850098,507,33284.49902,1,879,85,211,133
B0575,0.49,32.69200134,21,979,2011,0,0.491167009,47,32,6.140450001,30,6.387489796,16,-0.074074097,116.5067,41.2122,0.7793,454.2000122,6.866670132,429.4379883,569.8449707,161447008,15.06509972,15.06509972,117.0100021,311.7919922,632.7800293,4038.090088,57.17160034,15,69.4414978,10630.09961,18384.80078,3,1004.400024,1,2284,75,174,114
B0576,1.05,117.8239975,14,1450,2011,0,0.051918801,64,22,6.278260231,45,8.306619644,16,0.382716,116.76,41.8464,0.7858,424.6000061,3.383330107,410.0870056,501.0669861,162300992,12.59210014,12.59210014,19.87680054,78.68689728,108.3410034,784.2349854,10.61489964,9,53.29600143,15811.40039,46097.69922,0,1053.27002,1,3026,77,241,121
B0577,0.2,19.20400047,22,623,2011,95,0.591033995,47,31,7.257959843,142,8.426150322,0,-0.160494,116.7481,41.1706,0.7049,387.7000122,7.808330059,418.1640015,531.7960205,162840992,16.17429924,16.17429924,60.23600006,195.7799988,324.3280029,2160.080078,30.20350075,30,90.46199799,0,18027.80078,3,3584.840088,1,2027,75,150,124
B0578,0.36,328.4490051,21,613,2011,0,2.68204999,50,29,5.164879799,29,5.779270172,1,0.049382702,116.7567,41.1619,0.7438,409.7999878,7.808330059,416.0750122,500.4230042,162907008,16.15099907,16.15099907,106.6159973,249.1629944,579.7449951,3444.840088,51.43809891,23,78.53469849,0,19313.19922,1,3584.840088,1,1993,75,148,127
B0579,0.42,356.1860046,22,943,2011,59,0.224360004,49,29,9.23112011,13,11.85750008,1,0,116.5047,41.135,0.7469,448.6000061,7.199999809,439.3089905,554.8839722,162668000,14.46179962,14.46179962,17.37080002,51.50650024,93.8219986,603.6640015,8.606169701,19,68.15180206,3162.280029,27202.90039,0,1004.400024,1,2039,74,161,120
B0580,0.3458,235.3390045,16,1396,2012,149,3.38094E-07,56,28,16.04050064,97,17.33209991,-1,0.049382702,108.33,36.42,0.6549,357.5,8.708330154,536.6430054,698.1870117,161532992,18.52210045,18.52210045,76.83129883,284.6600037,296.1350098,3307.189941,44.18780136,10,185.802002,59908.30078,37947.30078,123,9946.570313,1,2070,82,201,125
B0581,0.5981,10.14550018,14,1480,2012,0,0.392260998,54,32,7.430439949,97,11.57579994,1,-0.074074097,108.32,36.41,0.775,371.7999878,8.491669655,547.4879761,698.1870117,161532992,17.35899925,17.35899925,76.83129883,284.6600037,296.1350098,3307.189941,44.18780136,44,191.2200012,57982.80078,36400.60156,2,9946.570313,1,2248,80,203,127
B0582,0.332,55.45159912,14,1144,2012,54,2.44941E-06,54,32,11.31900024,92,19.72820091,1,0.148148,107.92,35.78,0.6504,445.2000122,10.02499962,487.6539917,642.4849854,157034000,17.56459999,17.56459999,213.0189972,333.7290039,548.5759888,7343.049805,86.53299713,22,119.185997,23345.19922,2236.070068,6,7965.529785,1,1984,82,228,123
B0583,0.3444,301.6080017,16,1274,2012,0,0.861437976,56,28,7.0553298,92,9.132360458,16,0.197531,108.06,35.93,0.7025,411.8999939,9.458330154,504.7829895,654.0339966,157426000,18.17110062,18.17110062,110.0080032,370.5140076,298.3819885,4511.680176,51.69350052,29,137.8529968,23194.80078,1000,3,5348.339844,1,2039,81,218,124
B0584,0.3877,54.91279984,14,1000,2012,116,0.86114198,59,27,11.30039978,92,14.83240032,0,-0.160494,107.93,35.78,0.6108,416.2000122,10.17500019,477.9110107,642.4849854,157034000,17.77319908,17.77319908,213.0189972,333.7290039,548.5759888,7343.049805,86.53299713,36,131.2319946,23430.80078,1000,51,7965.529785,1,1967,81,230,126
B0585,0.6693,198.7050018,16,1096,2012,47,0.489484996,56,28,10.27009964,97,10.1882,16,0,108.06,35.92,0.6418,400.8999939,9.824999809,485.5169983,654.0339966,157426000,18.49209976,18.49209976,110.0080032,370.5140076,298.3819885,4511.680176,51.69350052,14,135.8609924,24331.09961,2236.070068,6,5348.339844,1,2296,81,218,124
B0586,0.1367,195.1909943,14,1204,2012,0,3.40144E-06,54,32,22.92270088,92,30.73430061,0,0.148148,107.92,36.09,0.5611,374.7999878,9.891670227,497.6220093,605.9979858,156300000,18.25639915,18.25639915,180.8240051,381.4689941,510.8190002,6645.620117,86.11450195,190,281.4779968,10770.2998,8062.259766,249,5520.390137,1,2262,81,256,123
B0587,0.1968,0.899859011,14,1351,2012,10,2.86985E-05,54,32,14.47430038,92,17.78759956,2,0.049382702,108.64,36.02,0.864,582.2000122,8.699999809,529.9279785,716.5549927,165979008,14.40380001,14.40380001,74.38710022,188.0899963,197.4889984,2824.909912,32.8362999,21,94.40100098,49406.5,8944.269531,2,156.7689972,1,2539,74,174,123
B0588,0.2632,50.67300034,14,1390,2012,166,0.000258478,54,32,16.17200089,92,17.54990005,-2,-0.074074097,108.55,36.23,0.8425,572.5,8.616669655,540.6420288,695.3209839,166111008,15.0916996,15.0916996,78.97409821,218.2389984,209.8179932,3014.469971,35.98649979,5,93.06800079,64761.10156,15556.2998,2,316.1470032,1,2283,75,193,122
B0589,0.3206,252.8240051,16,1200,2012,0,5.41352E-07,56,28,4.448289871,92,16.18020058,16,-0.160494,108.15,35.94,0.8171,525.5999756,9.258330345,500.8500061,667.9990234,158454000,16.95210075,16.95210075,110.0080032,370.5140076,298.3819885,4511.680176,51.69350052,15,107.7910004,31016.09961,8000,3,1152.97998,1,2393,80,191,125
B0590,0.3575,348.6900024,21,1268,2012,0,0.122924,40,39,0.394793987,64,1.732049942,16,0.148148,107.89,35.78,0.6974,445.7999878,9.533329964,498.3410034,642.4849854,156855008,17.27939987,17.27939987,213.0189972,333.7290039,548.5759888,7343.049805,86.53299713,44,105.8349991,21931.69922,3605.550049,168,7965.529785,1,1863,81,226,125
B0591,1.3184,91.50740051,29,569,2006,0,0.041527901,33,38,5.865890026,176,5.196149826,1,0.086419798,108.1167,27.0167,0.6986,773.5,16.74169922,1020.5,765.039978,124899000,24.15169907,24.15169907,282.4460144,363.2659912,409.5150146,282.4460144,116.0449982,266,59.50849915,8544,0,1102,23789.90039,1,3398,63,198,122
B0592,0.3978,315,29,29,2011,0,9.228599548,33,38,0.437983006,176,3.794729948,0,0,118.05,34.15,0.828,459.8999939,14.57499981,826.0579834,730.0650024,155975008,17.5468998,17.5468998,311.7579956,1303.900024,3777.949951,13086.40039,142.0890045,103,1711.439941,21023.80078,16278.7998,717,56569.80078,1,1403,79,187,133
B0593,0.4205,180,22,21,2011,25,9.375900269,47,31,0.154853001,142,0.447214007,16,0.037037,118.22,33.89,0.8461,440.2000122,14.75829983,888.2340088,682.3950195,153128992,19.31369972,19.31369972,400.7489929,3320.77002,4398.830078,26467.30078,232.0209961,103,2146.439941,2000,3605.550049,1689,2054640,1,1265,80,189,132
B0594,0.4327,161.5650024,22,30,2011,0,8.939490318,47,31,0.244843006,142,0.632456005,16,-0.333332986,117.25,34.12,0.8618,429.5,14.8416996,791.039978,646.8380127,151563008,19.91290092,19.91290092,926.598999,8762.959961,4537.870117,66872.29688,668.6160278,49,3108.969971,3000,4472.140137,1001,77923.70313,1,951,81,197,131
B0595,0.4383,180,21,46,2011,38,8.942079544,50,29,0.154853001,29,2.049390078,16,0.049382702,117.35,33.98,0.7898,504.1000061,15.04170036,813.8519897,642.867981,150872000,21.21319962,21.21319962,366.6579895,2236.179932,2902.350098,17545,179.0879974,691,917.3389893,9486.830078,17720,0,29754.19922,1,965,80,222,131
B0596,0.4437,78.69010162,22,44,2011,0,8.967619896,47,31,0.394793987,142,1.183220029,4,-0.185185,118.21,34.78,0.7438,367,13.74170017,792.3300171,675.09198,151398000,20.74679947,20.74679947,702.276001,3186.810059,3794.939941,29335,369.17099,136,1662.75,15132.7002,0,642,138273,1,980,72,194,134
B0597,0.4482,219.8059998,22,24,2011,0,9.190279961,47,31,1.209259987,142,2.049390078,16,-0.061728399,118.02,34.25,0.8496,420,14.47500038,810.0089722,716.53302,154190000,17.60860062,17.60860062,311.7579956,1303.900024,3777.949951,13086.40039,142.0890045,155,2336.379883,8944.269531,5830.950195,862,63383.60156,1,1298,80,186,133
B0598,0.497,45,11,37,2011,0,8.880009651,53,36,0.109498002,147,0.774596989,16,-0.333332986,116.88,34.25,0.9229,472.2999878,14.76669979,753.9699707,641.1040039,151412992,20.00810051,20.00810051,1185.109985,8011.709961,3457.860107,54705.5,663.6699829,524,782.0050049,2000,13928.40039,655,56818.80078,1,807,82,192,132
B0599,0.5112,329.0360107,36,45,2011,35,8.974189758,32,32,0.451462001,121,0.447214007,0,-0.111111,118.42,34.62,0.7856,428.1000061,13.80830002,759.4199829,670.9240112,150606000,21.24060059,21.24060059,866.6749878,9989.429688,3362.320068,54092.80078,521.9869995,431,1629.319946,4000,13892.40039,764,2125440,1,897,75,202,135
B0600,0.666,51.93429947,12,61,2011,0,0.123874001,62,26,8.107999802,121,9.022190094,-1,0.0123457,117.67,33.92,0.8171,193.1999969,15.04170036,864.2479858,658.7050171,152140992,19.93670082,19.93670082,565.3590088,4050.689941,5903.689941,32552.90039,283.9360046,3090,728.0980225,13601.5,2000,910,32034.19922,1,1138,75,209,134
B0604,1.7385,22.67130089,27,802,2010,0,0.319023997,41,32,6.599579811,1,6.870230198,0,0.185185,121.954,52.0738,0.9341,387.5,-5.199999809,518.6829834,424.8760071,121712000,-0.432083011,-0.432083011,0.218327001,2.808470011,3.797130108,8.588279724,0.249573007,0,12.70390034,7615.77002,352051,10,16946.90039,1,8001,57,266,99
B0613,1.0359,237.529007,7,224,2010,0,0.232387006,80,13,2.018209934,101,3.741660118,0,0.382716,122.168,42.8067,0.7736,328.5,6.558330059,389.8519897,511.3559875,138691008,14.09689999,14.09689999,94.64320374,544.2600098,747.4829712,4294.600098,43.02069855,16,72.20510101,5000,19235.40039,273,1954.209961,1,1710,76,219,140
B0616,0.2524,140.0639954,27,1154,2010,0,0.817525029,43,30,8.618630409,55,9.143300056,-1,-0.098765403,118.8503,44.0471,0.5296,304.1000061,2.591670036,384.9159851,322.8049927,147252000,14.84679985,14.84679985,51.86270142,132.8079987,165.4929962,2155.189941,26.1984005,0,27.75279999,12000,90022.20313,3,318.2789917,1,3822,75,262,112
B0617,0.6428,305.9909973,29,1271,2010,157,3.43635E-06,39,32,17.6060009,46,20.03000069,16,0.024691399,118.7234,44.2015,0.8633,366.7000122,1.041669965,385.5950012,332.8989868,146340992,8.385970116,8.385970116,35.03570175,360.355011,91.10279846,1899.969971,18.29249954,0,24.59079933,7000,106381,3,1141.459961,1,5947,66,229,113
B0619,0.9274,140.0639954,27,1154,2010,0,0.817525029,43,30,8.618630409,55,9.143300056,-1,0.160494,118.8503,44.0471,0.5296,304.1000061,2.591670036,384.9159851,322.8049927,147252000,14.84679985,14.84679985,51.86270142,132.8079987,165.4929962,2155.189941,26.1984005,0,27.75279999,12000,90022.20313,3,318.2789917,1,3822,75,262,112
B0622,1.1958,305.9909973,29,1271,2010,157,3.43635E-06,39,32,17.6060009,46,20.03000069,16,-0.851852,118.7234,44.2015,0.8633,366.7000122,1.041669965,385.5950012,332.8989868,146340992,8.385970116,8.385970116,35.03570175,360.355011,91.10279846,1899.969971,18.29249954,0,24.59079933,7000,106381,3,1141.459961,1,5947,66,229,113
B0623,1.2078,140.0639954,27,1154,2010,0,0.817525029,43,30,8.618630409,55,9.143300056,-1,0.0123457,118.8503,44.0471,0.5296,304.1000061,2.591670036,384.9159851,322.8049927,147252000,14.84679985,14.84679985,51.86270142,132.8079987,165.4929962,2155.189941,26.1984005,0,27.75279999,12000,90022.20313,3,318.2789917,1,3822,75,262,112
B0624,1.4528,305.9909973,29,1271,2010,157,3.43635E-06,39,32,17.6060009,46,20.03000069,16,-0.024691399,118.7234,44.2015,0.8633,366.7000122,1.041669965,385.5950012,332.8989868,146340992,8.385970116,8.385970116,35.03570175,360.355011,91.10279846,1899.969971,18.29249954,0,24.59079933,7000,106381,3,1141.459961,1,5947,66,229,113
B0627,0.2228,306.8699951,14,16,2008,0,5.900990009,64,22,1.548159957,215,2.607680082,1,0.061728399,110.5078,19.1014,0.7384,829.5,24.36669922,2752.429932,1230.069946,162822000,29.02070045,29.02070045,302.2690125,469.927002,1420.449951,7706.370117,83.41989899,643,701.2490234,1000,2236.070068,503,26295,1,1876,53,141,118
B0628,0.369,184.8990021,29,25,2008,0,8.643989563,52,19,2.717829943,214,3.065939903,16,-0.024691399,110.6811,19.8267,0.7516,933,23.93330002,2569.600098,1158.23999,171148992,28.46969986,28.46969986,344.2879944,2847.199951,1441.97998,21205.59961,182.1840057,31,1056.699951,5000,2236.070068,872,42032.60156,1,1979,54,153,118
B0629,0.4098,155.7720032,43,402,2008,0,1.007359982,28,29,3.392230034,216,5.099020004,16,-0.061728399,109.8097,19.17,0.8766,1293.699951,22.91670036,2533.77002,1226.790039,151282000,26.00250053,26.00250053,37.60630035,83.01380157,170.595993,1067.209961,11.06369972,4,67.37010193,47539.5,5385.169922,27,1490.300049,1,2548,51,148,111
B0630,0.1706,18.43490028,22,27,2008-2011,33,7.953839779,47,31,0.489677995,142,1.095450044,16,-0.172839999,116.34,37.01,0.895075,279.0249939,13.73125005,625.2734985,583.510498,156017500,19.5760746,19.5760746,587.8450012,4994.055054,2406.650024,40008.05078,380.660759,670.25,1288.647522,16643.30078,12000,608.5,15940.87476,1,1000,79,185,135
B0631,0.1825,341.5650024,22,30,2008-2011,0,7.945469856,47,31,0.244843006,142,1.183220029,16,-0.172839999,116.16,36.85,0.868375,280.2499962,13.952075,627.5729828,578.232254,154313252,20.50702477,20.50702477,798.5490112,10270.14526,3219.065002,69105.07617,583.8444977,353,3162.140015,28284.30078,4472.140137,1514.25,139986.25,1,919,77,198,135
B0632,0.2418,0,15,25,2008-2011,0,6.942979813,58,27,0.154853001,145,1.673320055,16,-0.172839999,116.82,39.92,0.83175,315.5000076,12.24999976,580.4757538,537.583252,157452496,19.46777487,19.46777487,1732.180023,8924.314941,3391.097473,116043.5,1073.440033,849,4876.514954,2000,3605.550049,3466.75,7442235,1,1277,79,198,135
B0633,0.2609,93.36650085,22,31,2008-2011,0,7.94024992,47,31,1.318300009,142,2.683279991,16,0.024691399,116.08,36.76,0.8396,300.0500031,13.797925,629.769989,571.8544922,156778496,20.0135498,20.0135498,798.5490112,10270.14526,3219.065002,69105.07617,583.8444977,59,2460.567566,20615.5,13152.90039,699.5,30065,1,950,78,208,135
B0634,0.2676,315,22,19,2008-2011,3,6.945159912,47,31,0.109498002,142,0.632456005,2,0.037037,116.73,39.82,0.7779,338.6127548,12.45832515,575.5264893,554.9295044,158979504,19.39529991,19.39529991,2067.412537,27289.44971,5069.599976,211253,1395,117.5,3603.015015,2236.070068,1000,3025,489497.25,1,1322,80,186,136
B0635,0.2842,164.7449951,22,20,2008-2011,27,6.945380211,47,31,0.88273102,142,1.673320055,-1,-0.345678985,116.87,39.79,0.6834,340.8242569,12.18332505,584.8167343,560.2954865,157781252,18.98087502,18.98087502,2067.412537,27289.44971,5069.599976,211253,1395,251.5,3265.38501,5385.169922,1414.209961,1625.5,301039,1,1277,79,193,134
B0636,0.3324,80.53769684,22,47,2008-2011,3,4.804319859,47,31,0.941851974,142,2.09762001,16,0.086419798,116.7667,40.2667,0.8207,380.6999969,12.08332515,552.5684967,508.377243,155128996,19.41042519,19.41042519,1621.457489,3862.022522,2571.892456,80618.87695,909.1154938,71.25,6716.839844,2828.429932,2828.429932,1794.75,151080.25,1,1147,78,179,136
B0637,0.3513,206.5650024,22,22,2008-2011,0,6.914460182,47,31,0.346258998,142,1.732049942,5,-0.061728399,116.64,39.67,0.683025,306.3250046,12.53542519,571.1232452,542.9955063,157971752,19.93157482,19.93157482,2067.412537,27289.44971,5069.599976,211253,1395,2286,9364.432617,8062.259766,1414.209961,2995.25,174179,1,1544,79,200,136
B0638,0.3776,54.46229935,15,29,2008-2011,0,6.273359776,58,27,0.666019976,144,1.341639996,0,0,116.91,40.01,0.80885,325.9999924,11.99374986,583.4622498,511.1614914,156284752,19.64522552,19.64522552,1732.180023,8924.314941,3391.097473,116043.5,1073.440033,5417.75,4041.187561,4000,2000,1519.25,210580,1,1267,79,204,135
B0639,0.3986,-1,22,19,2008-2011,3,6.945129871,47,31,0,142,0,2,0.308642,116.72,39.82,0.5916,286.3250046,12.46667504,575.0187607,554.9295044,158979504,19.4781003,19.4781003,2067.412537,27289.44971,5069.599976,211253,1395,327.75,3603.015015,1414.209961,1000,3025,489497.25,1,1405,80,189,135
B0640,0.6194,80.53769684,22,47,2008-2011,3,4.804319859,47,31,0.941851974,142,2.09762001,16,0.308642,116.7667,40.2667,0.8207,380.6999969,12.08332515,552.5684967,508.377243,155128996,19.41042519,19.41042519,1621.457489,3862.022522,2571.892456,80618.87695,909.1154938,71.25,6716.839844,2828.429932,2828.429932,1794.75,151080.25,1,1147,78,179,136
B0641,0.9055,189.4620056,22,26,2008-2011,24,6.732500076,47,31,0.941851974,142,1.414209962,0,0.308642,116.25,39.45,0.781325,263.7000008,12.7583251,546.4045029,507.8225021,156787000,20.04752493,20.04752493,941.971756,5178.049927,2785.387573,60705.9248,520.3775177,57,1153.830246,6000,2000,1884.5,184253,1,1333,77,230,136
B0642,1.155,174.2890015,22,36,2008-2011,0,6.821109772,47,31,1.555879951,142,2.966480017,-2,-0.654321015,116.45,39.43,0.83705,255.2750015,12.59792495,562.6717453,534.629982,155902996,20.39974976,20.39974976,893.5690002,5908.435059,3200.30249,62826.64941,564.1972504,39,710.0707397,4000,1414.209961,884.25,55539.5498,1,1415,78,230,137
B0643,0.9304,94.96970367,29,354,2010,78,0.00526576,33,38,10.60249996,176,12.1491003,16,-0.654321015,117.52,25.61,0.6875,982.9000244,19.85000038,2021.969971,908.9180298,141195008,24.16640091,24.16640091,244.5399933,2333.01001,682.9299927,11598.59961,81.42279816,11,380.7099915,1000,0,175,2043.410034,1,2169,56,163,123
B0644,1.1127,119.5289993,29,403,2010,73,0.520277023,33,38,12.52159977,176,14.77840042,0,-0.654321015,117.54,25.62,0.7821,705.4000244,19.3416996,2041.72998,908.9180298,141195008,23.09079933,23.09079933,244.5399933,2333.01001,682.9299927,11598.59961,81.42279816,35,315.3819885,3162.280029,2828.429932,1,2043.410034,1,1968,56,160,125
B0645,0.283,251.3899994,36,522,2009,80,5.29446E-08,39,25,15.61450005,219,24.41720009,0,-0.111111,117.57,25.63,0.8531,1492.599976,19.36669922,1483.900024,880.7960205,156532992,23.29859924,23.29859924,256.5939941,1511.589966,709.2650146,18808.30078,85.0007019,5,278.1950073,5385.169922,5000,0,11380.59961,1,2365,55,184,123
B0646,0.4676,72.75849915,36,415,2009,22,1.30528E-08,39,25,4.691530228,176,9.176059723,1,0.0123457,117.36,25.57,0.7453,732.5999756,20.16670036,1454.329956,832.8959961,157455008,23.45870018,23.45870018,238.9980011,9647.419922,793.7979736,22508.09961,113.0080032,1034,279.1480103,1000,12530,80,1288.800049,1,2488,55,169,120
B0647,0.5211,247.0870056,36,517,2009,110,0.00746104,39,25,8.099349976,219,9.560339928,16,-0.111111,116.97,26.15,0.8629,719.7000122,19.02499962,1542.459961,827.9790039,156391008,22.53280067,22.53280067,65.7410965,222.5390015,261.6069946,2379.709961,25.92910004,1109,189.154007,9219.540039,4123.109863,18,2867.959961,1,2100,52,151,123
B0648,0.6116,330.5780029,36,286,2009,0,0.000126795,39,25,18.12619972,219,19.83429909,2,0.0123457,117.27,26.02,0.7488,789.7999878,20.32500076,1538,974.3619995,155124992,22.77829933,22.77829933,369.151001,2975.76001,1331.089966,20899.19922,202.4779968,6,550.3049927,1414.209961,2828.429932,469,252243,1,2209,54,168,124
B0649,0.6203,303.6289978,36,533,2009,0,9.81158E-07,39,25,19.23579979,219,25.77210045,16,-0.111111,116.95,25.98,0.9411,731.0999756,18.30830002,1571.469971,885.5390015,157656992,21.86179924,21.86179924,65.7410965,222.5390015,261.6069946,2379.709961,25.92910004,3,191.2630005,10000,23769.69922,7,2830.52002,1,2892,52,161,122
B0650,0.8756,42.68889999,36,849,2009,87,1.25826E-08,39,25,40.46559906,219,54.24760056,0,-0.135802001,116.98,25.87,0.8002,701.4000244,17.70829964,1621.869995,895.2949829,157668000,19.93280029,19.93280029,53.74010086,288.8280029,220.7619934,2655.469971,25.04319954,3,495.8370056,15000,18384.80078,1,1029.939941,1,3272,52,166,115
B0651,0.9243,80.63980103,29,468,2009,5,0.00935073,33,38,13.99660015,219,16.11829948,16,-0.049382702,117.35,25.89,0.8527,678,19.81669998,1546.839966,895.9719849,155600992,22.42749977,22.42749977,369.151001,2975.76001,1331.089966,20899.19922,202.4779968,3,586.9949951,3000,1000,882,21315.69922,1,2581,54,162,121
B0652,1.0193,17.65010071,36,868,2009,104,0.244717002,39,25,7.113369942,219,12.6807003,0,-0.135802001,117.64,25.87,0.8042,733.0999756,17.35829926,1547.530029,902.7579956,156158000,21.77099991,21.77099991,261.2520142,710.8870239,745.3590088,6671.75,81.88739777,20,541.4799805,17492.90039,12041.59961,12,4031.929932,1,2579,53,162,120
B0653,1.7454,38.22779846,36,758,2009,0,5.19498E-05,39,25,17.11490059,219,24.71439934,0,0.074074097,117.23,26.12,0.8786,662.9000244,18.4666996,1606.869995,825.1870117,155462000,21.09420013,21.09420013,65.7410965,222.5390015,261.6069946,2379.709961,25.92910004,3,527.6500244,9219.540039,2828.429932,2,9539.169922,1,3333,52,195,122
B0654,1.0389,158.4120026,21,1328,2010,120,1.58227E-05,50,29,11.4204998,29,11.73880005,16,-0.086419798,112.21,36.62,0.8344,401.2000122,8.666669846,463.2250061,699.5809937,165720000,16.98679924,16.98679924,326.9670105,512.4320068,129.2200012,9100.610352,238.5240021,3,194.1649933,15132.7002,33000,569,65492.5,1,3082,67,209,119
B0655,2.371,243.8000031,29,635,2010,36,0.000733832,52,19,5.420209885,214,11.04539967,1,-0.111111,101.308,21.9449,0.9009,1546.599976,23.3416996,1543.650024,1058.150024,175412992,25.23080063,25.23080063,58.22330093,227.4669952,294.9150085,3306.800049,25.93869972,4,56.54359818,19416.5,6403.120117,38,4535.609863,1,2919,50,154,117
B0656,3.543,42.11700058,43,988,2010,147,2.76158E-05,28,29,14.89470005,216,16.22960091,-3,0.0123457,101.568,21.6333,0.8555,1612.699951,21.75,1666.439941,1005.280029,176492000,24.18440056,24.18440056,66.89679718,227.125,283.3640137,3187.429932,34.44910049,2,31.32480049,13892.40039,10770.2998,6,1146.599976,1,3953,52,194,112
B0657,2.097,151.1439972,28,571,2010,0,0.096661702,37,35,4.323520184,214,6.737949848,16,-0.160494,101.222,21.9346,0.9005,1621.199951,23.69169998,1496.849976,1047.189941,176744000,26.2961998,26.2961998,58.22330093,227.4669952,294.9150085,3306.800049,25.93869972,32,93.27519989,13601.5,1414.209961,765,18779.59961,1,2202,51,139,117
B0658,0.8478,348.4079895,36,1938,2012,50,7.31287E-08,39,25,28.28030014,219,33.63029861,16,-0.197531,101.36,22.93,0.8975,1810.400024,17.29170036,1430.560059,947.7030029,164463008,20.20210075,20.20210075,35.9219017,101.2269974,122.6029968,1267.900024,14.47799969,4,69.00630188,24083.19922,27166.19922,35,1116.130005,1,4915,54,211,101
B0659,1.0614,86.11859894,36,1572,2012,162,1.2021E-06,39,25,24.66279984,219,29.99670029,-1,-0.160494,102.08,23.45,0.93,877,19.47500038,945.0449829,1060.400024,170150000,24.04400063,24.04400063,89.42890167,252.401001,318.8559875,3348.48999,36.31209946,2,176.826004,17720,5385.169922,5,12058.7002,1,2942,59,184,120
B0660,1.3404,246.0379944,43,1054,2012,0,0.00054564,28,29,14.90569973,216,18.09420013,-5,0.037037,99.86,24.04,0.821,1253.699951,22.02499962,1055.75,814.9790039,175035008,26.53470039,26.53470039,137.7709961,197.1419983,774.3150024,3948.379883,52.43600082,107,205.654007,23769.69922,19235.40039,22,21340.90039,1,2580,56,174,116
B0661,1.973,190.8690033,25,1979,2012,0,6.9269E-12,45,30,34.52859879,6,42.73870087,16,-0.0123457,100.52,24.65,0.9537,953.4000244,17.04170036,839.8980103,661.973999,176692000,22.02289963,22.02289963,62.69110107,215.4340057,276.1080017,2385.790039,24.80050087,4,82.43669891,30675.69922,17262.69922,0,40537,1,4612,59,208,117
B0662,1.08,19.54730034,36,303,2004,90,5.2858E-08,39,25,23.7609005,219,25.68659973,-2,-0.123457,112.54,23.17,0.7789,1320.599976,22.02499962,1398.150024,1098.319946,158755008,23.74559975,23.74559975,496.0050049,4571.109863,2630.459961,24956.69922,208.5,1,1832.540039,1414.209961,1414.209961,3461,108268,1,2819,49,123,112
B0663,1.7705,23.96249962,43,1,2004,7,2.984489918,28,29,1.524770021,216,2.28034997,0,-0.098765403,112.56,23.18,0.561,919.651001,22.55830002,1385.930054,1170.329956,159464992,25.08749962,25.08749962,496.0050049,4571.109863,2630.459961,24956.69922,208.5,31,2455.830078,0,0,4598,108268,1,2404,58,161,110
B0664,2.483,125.538002,43,25,2004,0,6.08695E-05,28,29,7.287000179,216,7.469940186,16,0.098765403,112.55,23.19,0.7543,577.7000122,22.4666996,1384.48999,1170.329956,158755008,24.14529991,24.14529991,496.0050049,4571.109863,2630.459961,24956.69922,208.5,13,1678.209961,0,0,3026,108268,1,2462,58,161,112
B0665,0.938,329.9309998,41,44,2011,0,2.226020098,21,38,1.699370027,221,3.130500078,4,0,113.68,29.67,0.8203,635.9000244,17.29999924,1222.819946,946.7340088,152786000,22.25359917,22.25359917,806.5319824,16693.19922,2067.419922,59785.30078,541.0560303,124,616.3770142,7280.109863,5099.02002,3,31894.30078,1,2270,61,192,121
B0666,1.108,30.96380043,26,43,2011,0,2.587500095,36,38,0.902867973,221,2.049390078,16,-0.0123457,114.02,29.85,0.7953,563.5,17.375,1273.640015,980.3829956,150848000,21.80150032,21.80150032,448.9790039,1081.829956,2040.810059,15161,202.2949982,49,843.8690186,5000,5656.850098,3,35361,1,2191,59,193,122
B0667,0.988,249.6640015,36,333,2011,0,3.27594E-06,39,25,11.64500046,219,16.40730095,16,-0.0123457,113.78,29.46,0.8977,554.5999756,16.10829926,1292.119995,881.7050171,151359008,19.62639999,19.62639999,338.4169922,784.1740112,1541.01001,12188.7998,142.2689972,1,207.9819946,12530,5099.02002,4,9374.019531,1,3091,58,173,116
B0668,1.32,341.6849976,36,205,2011,0,2.1489E-05,39,25,22.22159958,219,26.51040077,0,-0.0123457,113.95,29.72,0.8734,469.2999878,17.0333004,1280.52002,1084.459961,154484992,19.92939949,19.92939949,480.7510071,2182.649902,1518.560059,20941.09961,232.9830017,23,673.5679932,1414.209961,4472.140137,870,136698,1,2948,60,189,120
B0669,0.5518,282.8479919,43,409,2010-2011,49,0.000901613,24,33,8.979060173,104,16.58309937,0,-0.0123457,108.89,24.13,0.83905,974.0500183,19.17915058,1464.469971,982.6489868,134337000,23.06150055,23.06150055,369.5795135,498.1375122,1712.835022,8194.090088,105.1379967,129,164.6124954,28635.59961,5656.850098,644,9509.27002,1,2723,54,158,118
B0670,0.0304,133.572998,36,412,2010-2011,0,8.94238E-06,39,25,28.24399948,219,34.78509903,1,-0.0123457,108.85,25.01,0.85975,704.5,18.06669998,1361.205017,971.3905029,130710504,20.1782999,20.1782999,233.9059982,736.0829773,870.9094849,10156.5,85.18000031,0,111.1894989,28284.30078,25807,8,4601.775146,1,2939,56,180,114
B0671,0.0424,224.7960052,36,755,2010-2011,107,2.0684E-09,39,25,28.23679924,219,32.03120041,0,-0.0123457,108.82,24.99,0.8876,1201.75,16.73330021,1435.570007,990.2504883,130510496,19.95574951,19.95574951,233.9059982,736.0829773,870.9094849,10156.5,85.18000031,2,112.8504982,31016.09961,26832.80078,11.5,6457,1,3433,53,153,114
B0672,0.1108,225.8619995,36,626,2010-2011,0,4.70179E-05,39,25,14.26280022,219,15.47259998,0,-0.0123457,108.82,25.16,0.82605,942.9499817,16.62915039,1357.839966,991.7949829,132840500,20.43429947,20.43429947,157.8335037,186.572998,661.7245178,3405.545044,43.5149498,19,99.87459946,36400.60156,40607.89844,0.5,1665.275024,1,3321,54,167,116
B0673,0.4946,135,36,222,2010-2011,68,2.982000113,39,25,0.985383987,176,1.341639996,16,-0.0123457,108.83,25.05,0.6808,713.8000183,18.61250019,1314.434998,991.7390137,130921504,23.6104002,23.6104002,233.9059982,736.0829773,870.9094849,10156.5,85.18000031,80.5,132.4710007,32000,30610.5,1.5,4601.775146,1,1882,58,191,122
B0674,0.5266,231.3399963,29,221,2010-2011,69,2.120160103,33,38,0.991446972,219,1.183220029,-1,-0.0123457,108.84,25.06,0.75875,587.8000183,18.5,1322.255005,991.7390137,131440500,24.00864983,24.00864983,157.8335037,186.572998,661.7245178,3405.545044,43.5149498,853,115.7050018,31000,30479.5,3,4601.775146,1,1880,58,192,121
B0676,0.5682,135,36,222,2010-2011,68,2.982000113,39,25,0.985383987,176,1.341639996,16,-0.049382702,108.83,25.05,0.6808,713.8000183,18.61250019,1314.434998,991.7390137,130921504,23.6104002,23.6104002,233.9059982,736.0829773,870.9094849,10156.5,85.18000031,80.5,132.4710007,32000,30610.5,1.5,4601.775146,1,1882,58,191,122
B0677,0.6455,270.7250061,29,229,2010-2011,19,2.45028E-05,33,38,12.05340004,219,15.30360031,16,0.308642,108.84,25.05,0.7672,857.75,18.3125,1322.790039,991.7390137,131440500,23.45384979,23.45384979,157.8335037,186.572998,661.7245178,3405.545044,43.5149498,1450,116.0494995,31000,29832.90039,0,4601.775146,1,2091,58,193,117
B0678,0.6608,231.3399963,29,221,2010-2011,69,2.120160103,33,38,0.991446972,219,1.183220029,-1,-0.567901015,108.84,25.06,0.75875,587.8000183,18.5,1322.255005,991.7390137,131440500,24.00864983,24.00864983,157.8335037,186.572998,661.7245178,3405.545044,43.5149498,853,115.7050018,31000,30479.5,3,4601.775146,1,1880,58,192,121
B0680,0.711,356.5969849,36,173,2010-2011,0,0.899223983,39,25,14.0600996,219,22.47669983,2,0.074074097,108.9,24.99,0.87105,704.1500244,19.0916996,1322.234985,971.3905029,130337004,22.63020039,22.63020039,233.9059982,736.0829773,870.9094849,10156.5,85.18000031,9,111.0825005,23086.80078,20615.5,51.5,10196.76514,1,2614,56,189,117
B0681,0.8754,231.3399963,29,221,2010-2011,69,2.120160103,33,38,0.991446972,219,1.183220029,-1,-0.0123457,108.84,25.06,0.75875,587.8000183,18.5,1322.255005,991.7390137,131440500,24.00864983,24.00864983,157.8335037,186.572998,661.7245178,3405.545044,43.5149498,853,115.7050018,31000,30479.5,3,4601.775146,1,1880,58,192,121
B0682,1.0634,216.4689941,36,259,2010-2011,84,0.029270001,39,25,4.420129776,219,4.04968977,-2,-0.160494,108.91,25.06,0.8345,938.1999817,18.41250038,1323.210022,987.5669861,131355500,22.34959984,22.34959984,157.8335037,186.572998,661.7245178,3405.545044,43.5149498,115,109.3294983,24000,25238.90039,15,10196.76514,1,2695,56,203,116
B0683,1.0826,264.9030151,36,383,2010-2011,0,4.95857E-06,39,25,16.11829948,219,16.62529945,16,0.037037,108.81,25.08,0.83385,711.6999817,17.89585018,1318.065002,991.7390137,131440500,21.61250019,21.61250019,157.8335037,186.572998,661.7245178,3405.545044,43.5149498,72,109.8815002,34000,34058.80078,1.5,4601.775146,1,3020,55,182,114
B0684,1.201,116.1360016,36,573,2010-2011,110,4.39919E-05,39,25,13.62290001,219,16.29109955,-1,-0.160494,108.84,25.12,0.8604,726.3500061,17.55830002,1333.390015,991.7390137,131958496,20.93554974,20.93554974,157.8335037,186.572998,661.7245178,3405.545044,43.5149498,3,111.574501,32388.30078,35227.80078,2.5,1665.275024,1,3252,55,180,113
B0685,1.375,99.91649628,36,775,2010-2011,104,7.18435E-09,39,25,21.42250061,219,24.02910042,16,0.283951014,108.88,25.07,0.82485,1233.149963,17.08335018,1353.025024,987.5669861,131398500,20.72374916,20.72374916,157.8335037,186.572998,661.7245178,3405.545044,43.5149498,17,112.1764984,27000,28301.90039,27,10196.76514,1,3396,54,165,116
B0686,1.7834,196.9279938,36,305,2010-2011,0,0.111849003,39,25,1.860810041,219,4.074309826,1,-0.135802001,108.87,25.11,0.9423,743.8500061,17.90415001,1321.330017,987.5669861,132085504,21.25829983,21.25829983,157.8335037,186.572998,661.7245178,3405.545044,43.5149498,6,108.9090004,29427.90039,32802.39844,2,1665.275024,1,2759,57,183,116
B0687,1.9684,270.7250061,29,229,2010-2011,19,2.45028E-05,33,38,12.05340004,219,15.30360031,16,0.111111,108.84,25.05,0.7672,857.75,18.3125,1322.790039,991.7390137,131440500,23.45384979,23.45384979,157.8335037,186.572998,661.7245178,3405.545044,43.5149498,1450,116.0494995,31000,29832.90039,0,4601.775146,1,2091,58,193,117
B0688,2.1372,266.1000061,36,328,2010-2011,89,1.85445E-07,39,25,19.67630005,219,23.3281002,-1,-0.716049016,108.92,25.05,0.89575,1261.150024,18.5,1326.045044,987.5669861,131355500,22.54329967,22.54329967,157.8335037,186.572998,661.7245178,3405.545044,43.5149498,24,109.2965012,23000,23853.69922,1.5,10196.76514,1,2468,56,170,119
B0689,1.0724,294.677002,36,247,2011,77,2.547679901,39,25,3.149529934,104,7.523300171,16,-0.098765403,108.29,24.47,0.7955,997.4000244,19.55830002,1287.040039,1022.789978,138986000,25.66670036,25.66670036,327.0629883,467.6600037,1297.900024,7227.649902,89.13430023,120,255.0460052,17262.69922,17691.80078,0,11505.5,1,2316,55,158,121
B0690,1.0972,321.3399963,36,283,2011,15,0.147700995,39,25,2.971970081,219,4.14729023,1,-0.160494,108.32,24.47,0.8602,1024.300049,19.45829964,1286.329956,1022.789978,139063008,24.86310005,24.86310005,327.0629883,467.6600037,1297.900024,7227.649902,89.13430023,35,202.0119934,16401.19922,15620.5,7,11505.5,1,2194,56,164,122
B0691,1.1716,197.0630035,43,409,2011,49,3.39471E-08,24,33,15.93620014,104,24.58049965,0,-0.037037,108.35,24.49,0.8937,920.7000122,19.06669998,1281.859985,1022.789978,138836992,23.5284996,23.5284996,327.0629883,467.6600037,1297.900024,7227.649902,89.13430023,10,201.977005,12806.2002,12041.59961,13,11505.5,1,2699,55,169,123
B0692,3.242,61.15729904,7,213,2011,0,0.031370699,41,52,12.01869965,104,17.30319977,16,4.876540184,108.41,24.5,0.8059,1002.400024,19.57500076,1274.640015,1017.190002,138628000,25.11580086,25.11580086,327.0629883,467.6600037,1297.900024,7227.649902,89.13430023,14,202.0800018,8062.259766,7071.069824,3,75668.79688,1,2646,56,189,121
B0693,0.1126,293.894989,43,230,2009-2010,0,2.57708E-08,24,33,25.03540039,104,28.58670044,0,-0.086419798,108.32,24.5,0.8561,973.25,20.1875,1357,955.634491,131710996,23.08720016,23.08720016,342.6165009,428.3625031,1239.974976,7492.959961,92.39834976,16,179.4400024,14142.09961,13453.59961,218.5,10471.5,1,2468,57,186,121
B0694,1.2006,225,36,237,2009-2010,0,0.331827015,39,25,4.15362978,219,4.33589983,-2,-0.086419798,108.35,24.48,0.82105,964,20.13334942,1358.139954,955.634491,131682500,24.81270027,24.81270027,342.6165009,428.3625031,1239.974976,7492.959961,92.39834976,34,179.7490005,13038.40039,12206.59961,18,10471.5,1,2299,56,167,122
B0695,0.0304,129.7339935,36,505,2010,73,5.12016E-10,39,25,22.61009979,219,26.23360062,16,-0.654321015,108.92,25.12,0.8113,1138.900024,17.68330002,1490.810059,954.9140015,125778000,21.05730057,21.05730057,162.003006,183.4259949,646.0540161,3484.290039,44.41439819,3,104.887001,24738.59961,29698.5,35,665.7039795,1,3391,56,204,115
B0696,0.0424,125.8160019,25,599,2010,100,5.87216E-07,45,30,17.91589928,219,18.44449997,16,0.197531,108.85,24.99,0.8579,694.7000122,17.89999962,1500.430054,935.9509888,123996000,20.39629936,20.39629936,241.0820007,716.6309814,850.2559814,10209.90039,87.24060059,6,107.560997,28017.90039,24186.80078,49,6258.669922,1,3162,54,158,113
B0697,0.1108,191.6589966,25,738,2010,24,1.38365E-06,45,30,19.17329979,219,21.30730057,16,0.197531,108.89,25.16,0.8593,745.0999756,16.11669922,1520.329956,948.651001,126390000,19.75020027,19.75020027,162.003006,183.4259949,646.0540161,3484.290039,44.41439819,1,95.63539886,30083.19922,36069.39844,36,665.7039795,1,3391,54,170,115
B0698,0.5518,150.5240021,36,152,2010,64,1.922670007,39,25,2.044719934,219,3,-1,-0.209876999,108.92,24.99,0.8005,894.2000122,19.58329964,1460.420044,935.9509888,123771000,23.50399971,23.50399971,241.0820007,716.6309814,850.2559814,10209.90039,87.24060059,106,140.6600037,21095,19105,69,9868.629883,1,2050,57,191,121
B0699,0.711,283.4960022,36,287,2010,0,0.931298971,39,25,3.97487998,219,9.989999771,-1,-0.283951014,108.91,25.07,0.8186,1135.900024,18.49169922,1460.410034,954.9140015,124875000,22.01440048,22.01440048,162.003006,183.4259949,646.0540161,3484.290039,44.41439819,7,105.9219971,25000,26627.09961,28,9868.629883,1,2931,55,185,116
B0700,1.0634,200.7460022,36,241,2010,61,0.00263472,39,25,10.79920006,219,11.42800045,16,0.111111,108.91,25.05,0.7786,600.9000244,18.86669922,1460.349976,954.9140015,123972000,21.96240044,21.96240044,162.003006,183.4259949,646.0540161,3484.290039,44.41439819,11,106.1869965,24000,24698.19922,5,9868.629883,1,2355,57,178,115
B0701,1.0826,186.0720062,36,477,2010,0,0.129731998,39,25,7.27974987,219,7.758870125,16,-0.0123457,108.88,25.13,0.9379,1344.599976,17.10829926,1500.51001,954.9140015,125676000,21.59609985,21.59609985,162.003006,183.4259949,646.0540161,3484.290039,44.41439819,10,104.9869995,28861.69922,33301.69922,1,1611.890015,1,3323,53,173,115
B0702,1.201,225.7960052,36,345,2010,0,6.60998E-05,39,25,15.38819981,219,17.37809944,16,0.370370001,108.83,25.09,0.8527,1223.699951,18.14999962,1445.969971,954.7280273,125007000,22.96279907,22.96279907,162.003006,183.4259949,646.0540161,3484.290039,44.41439819,6,109.1399994,33060.60156,34409.30078,5,4461.930176,1,2998,56,197,116
B0703,1.375,153.7120056,36,281,2010,0,0.000188285,39,25,7.130680084,219,7.113369942,-2,0.370370001,108.91,25.09,0.8205,1197.800049,18.52499962,1463.969971,954.9140015,124875000,22.53720093,22.53720093,162.003006,183.4259949,646.0540161,3484.290039,44.41439819,3,105.6289978,25179.40039,28425.30078,34,9868.629883,1,3018,56,182,117
B0704,1.7834,100.0810013,36,479,2010,110,0.000539566,39,25,13.8774004,219,16.08099937,-2,-0.444444001,108.9,25.1,0.7797,1139.699951,18,1482.180054,954.9140015,125778000,21.3064003,21.3064003,162.003006,183.4259949,646.0540161,3484.290039,44.41439819,1,105.7200012,26305.90039,29832.90039,16,9868.629883,1,3072,55,182,116
B0705,2.1372,260.5379944,36,665,2010,0,0.000444097,39,25,1.883200049,219,9,16,-0.444444001,108.82,25.15,0.7189,667,16.79170036,1484.619995,954.6400146,126531000,20.2404995,20.2404995,162.003006,183.4259949,646.0540161,3484.290039,44.41439819,8,93.33280182,35171,39204.60156,1,1611.890015,1,3050,55,164,117
B0706,0.1126,96.85299683,43,368,2010,0,4.30503E-06,24,33,30.97360039,104,52.40990067,1,-0.234568,108.37,24.49,0.8541,976.2000122,19.79170036,1496.25,952.8339844,127257000,22.69319916,22.69319916,336.394989,447.3479919,1236.099976,7455.540039,91.52310181,9,185.298996,11661.90039,10816.7002,3,10691.7002,1,2710,56,165,119
B0707,0.5888,294.677002,36,247,2010,77,2.547679901,39,25,3.149529934,104,7.523300171,16,0.123457,108.29,24.47,0.7856,981.2999878,20.24169922,1514.76001,955.0050049,127724000,24.51589966,24.51589966,336.394989,447.3479919,1236.099976,7455.540039,91.52310181,121,232.5579987,17262.69922,17691.80078,46,10691.7002,1,2316,55,158,121
B0708,0.7086,358.9309998,43,216,2010,50,4.48781E-10,24,33,35.92150116,104,47.1529007,16,0.493826985,108.41,24.49,0.8299,971.7000122,20.11669922,1489.050049,952.8339844,126911000,23.12450027,23.12450027,336.394989,447.3479919,1236.099976,7455.540039,91.52310181,742,185.4689941,8944.269531,7810.25,1,71846.20313,1,2559,56,180,120
B0709,1.0724,204.5859985,36,422,2010,86,1.4965E-08,39,25,32.21509933,104,47.73680115,-1,0.234568,108.36,24.48,0.8439,934.5,19.68330002,1500.26001,952.8339844,127257000,24.51530075,24.51530075,336.394989,447.3479919,1236.099976,7455.540039,91.52310181,34,185.1139984,13038.40039,12206.59961,2,10691.7002,1,2548,56,172,122
B0710,1.0972,23.74950027,36,205,2010,0,5.954339981,39,25,4.221859932,219,7.469940186,0,-0.580246985,108.41,24.47,0.8432,661.5999756,20.25,1494.880005,952.8339844,126911000,25.42580032,25.42580032,336.394989,447.3479919,1236.099976,7455.540039,91.52310181,42,213.8820038,10770.2998,9219.540039,0,71846.20313,1,2013,56,170,121
B0711,1.1716,210.1199951,43,508,2010,0,2.25526E-10,24,33,34.68690109,104,61.95000076,16,-0.111111,108.35,24.5,0.8673,1066.699951,19.875,1498.420044,952.8339844,127257000,22.86170006,22.86170006,336.394989,447.3479919,1236.099976,7455.540039,91.52310181,8,184.772995,12041.59961,11313.7002,76,10691.7002,1,2829,55,171,117
B0712,1.2006,119.0550003,36,187,2010,0,1.958829999,39,25,0.797106028,219,1.095450044,16,-0.111111,108.39,24.48,0.8638,1024.800049,20.1583004,1494.310059,952.8339844,127257000,23.56170082,23.56170082,336.394989,447.3479919,1236.099976,7455.540039,91.52310181,46,185.5549927,10770.2998,9848.860352,2,10691.7002,1,2225,58,163,122
B0713,3.242,266.4440002,36,265,2010,75,9.42344E-09,39,25,13.47679996,219,15.86190033,-1,-0.111111,108.31,24.48,0.8605,974.4000244,20.17499924,1508.800049,955.0050049,127601000,25.18560028,25.18560028,336.394989,447.3479919,1236.099976,7455.540039,91.52310181,35,232.5010071,16278.7998,15556.2998,15,10691.7002,1,2167,57,175,122
B0714,0.9239,311.7650146,12,1122,2005,0,2.52114E-06,70,18,23.76169968,13,24.79520035,1,-0.111111,115.73,39.87,0.8555,415.2000122,8.283329964,572.4039917,636.4979858,170340992,14.98219967,14.98219967,109.4599991,441.1820068,83.23870087,8022.410156,68.50789642,0,3022.199951,4242.640137,25553.90039,487,3244.659912,1,3228,71,172,121
B0715,1.4004,318.1029968,12,804,2005,0,0.00282301,62,26,17.62549973,121,20.26819992,16,-0.111111,115.42,39.85,0.7812,409.1000061,10.16670036,488.2319946,596.1489868,166803008,18.8064003,18.8064003,109.4599991,441.1820068,83.23870087,8022.410156,68.50789642,1,87.30690002,18439.09961,2828.429932,50,6577.959961,1,2248,74,192,120
B0716,1.9458,68.19860077,22,34,2005,17,5.772429943,47,31,0.833853006,142,1.843909979,16,-0.111111,115.63,39.25,0.8529,306,12.97500038,416.6099854,521.3939819,161416000,20.30680084,20.30680084,1373.75,5155.529785,3907.120117,78156.39844,725.4790039,2724,504.9849854,11045.40039,3000,450,38397.39844,1,1299,80,226,133
B0717,0.0176,103.4779968,35,1002,2010,14,2.06889E-06,32,33,18.58720016,229,21.38220024,16,-0.111111,105.45,25.85,0.8176,597.4000244,18.11669922,1219.52002,770.1790161,131103000,27.1692009,27.1692009,499.4949951,286.0369873,953.0609741,14539.40039,171.4279938,32,123.7129974,8000,5000,9,31407,1,2394,62,164,121
B0718,0.0329,321.2030029,43,738,2010,24,6.75326E-12,24,33,23.85219955,112,27.0923996,16,-0.111111,105.36,25.75,0.7625,788.1140137,17.57500076,1197.839966,784.3870239,133969000,25.03790092,25.03790092,499.4949951,286.0369873,953.0609741,14539.40039,171.4279938,43,187.5350037,21587,16401.19922,1,4540.689941,1,2656,62,204,122
B0719,0.0536,155.5559998,25,1195,2010,145,0.00703503,45,30,0.935468018,224,12.4659996,-1,-0.111111,105.81,25.84,0.7758,692.9000244,16.80830002,1317.709961,850.5739746,130270000,24.20709991,24.20709991,826.1190186,731.3809814,1334.560059,28082.30078,361.0339966,172,148.5970001,30675.69922,16278.7998,0,5027.259766,1,3181,60,190,120
B0720,0.0979,64.71430206,22,910,2010,0,0.0020304,51,27,13.69120026,224,14.25479984,16,-0.111111,105.31,25.67,0.7822,686.9000244,18.43330002,1230.609985,778.7440186,134902000,27.51490021,27.51490021,499.4949951,286.0369873,953.0609741,14539.40039,171.4279938,37,166.3619995,29000,19416.5,1,9940.320313,1,2610,62,188,121
B0721,0.5194,259.6409912,22,429,2011,103,0.00171357,49,29,7.280560017,13,11.30490017,16,-0.111111,124.9,42.11,0.8795,612.9000244,6,484.8510132,659.8179932,144543008,11.01469994,11.01469994,89.14600372,301.7090149,232.871994,3012.25,39.58209991,7,523.4749756,1414.209961,3162.280029,2472,71502.29688,1,3069,61,223,124
B0722,0.5489,160.1679993,27,277,2011,37,0.00356607,45,28,9.940670013,176,11.36660004,1,0.407406986,124.9,42.1,0.7624,574.0999756,6.375,488.947998,659.8179932,144543008,11.9762001,11.9762001,89.14600372,301.7090149,232.871994,3012.25,39.58209991,678,937.8980103,1000,2236.070068,4400,71502.29688,1,2883,63,255,126
B0723,0.8685,97.50309753,21,302,2011,27,4.3183E-09,50,29,15.61139965,29,16.14310074,1,0.407406986,124.08,41.29,0.8751,550,6.966670036,521.5029907,719.4990234,144684992,10.42879963,10.42879963,148.7489929,471.1870117,521.0319824,5165.629883,68.55870056,2,651.3569946,2828.429932,20248.5,1480,30513.09961,1,3278,61,207,126
B0724,0.9737,135,29,239,2011,13,2.981389999,33,38,0.437983006,176,1,1,-0.074074097,124.93,42.1,0.4374,461.5979919,6.366670132,467.7009888,659.8179932,143640000,12.2439003,12.2439003,80.11720276,298.9580078,239.8289948,2820.040039,35.21559906,6674,1012.710022,0,1000,4642,71502.29688,1,2883.399902,61.32770157,242.7310028,125.2860031
B0725,1.0647,26.56509972,22,270,2011,0,2.983639956,49,29,1.730790019,126,1.949360013,16,-0.074074097,125.29,41.34,0.9223,475.2999878,6.358329773,699.6339722,653.0529785,139279008,12,12,123.2570038,483.9620056,345.9819946,4894.27002,56.16199875,2,606.4749756,4472.140137,0,552,11536.2002,1,3227,62,202,128
B0726,1.189,32.73519897,22,100,2011,0,0.884531975,49,29,5.140709877,13,8.282509804,16,-0.074074097,123.88,41.89,0.8228,422.6730042,7.741670132,315.2640076,727.9500122,147744992,13.45400047,13.45400047,1575.319946,51852,1655.849976,201865,1327.880005,32,7330.75,1000,2000,5567,178597,1,2158,63,238,132
B0727,1.2642,327.17099,29,311,2011,0,0.639222026,33,38,5.693990231,176,6.557439804,16,0.160494,125.01,41.72,0.6799,459.6000061,5.849999905,581.3400269,673.3790283,138520000,11.34560013,11.34560013,175.5769958,1429.27002,508.4859924,11493.5,89.72319794,8286,379.2399902,43416.60156,1000,3666,13658.59961,1,3498,61,243,123
B0728,1.3701,145.9049988,22,407,2011,0,0.00184854,49,29,22.99060059,13,25.5734005,16,0.209876999,124.89,42.1,0.8876,578.2999878,6.283329964,487.8259888,659.8179932,143887008,11.04440022,11.04440022,89.14600372,301.7090149,232.871994,3012.25,39.58209991,9,553.6569824,1000,2236.070068,2522,71502.29688,1,2993,62,235,122
B0729,1.4282,30.86389923,27,545,2011,0,0.00146847,45,28,14.89869976,126,15.67800045,-3,-0.382716,125.05,41.31,0.8933,593,5.816669941,695.65802,592.4520264,140142000,10.06140041,10.06140041,123.2570038,483.9620056,345.9819946,4894.27002,56.16199875,1,323.5140076,13892.40039,8000,0,1374.089966,1,3580,62,208,124
B0730,1.5369,172.9049988,25,393,2011,0,0.00112023,47,28,17.60390091,176,20.03000069,1,0.037037,125.01,41.73,0.8967,547.5999756,5.75,576.6799927,673.3790283,138520000,12.28030014,12.28030014,175.5769958,1429.27002,508.4859924,11493.5,89.72319794,7,674.4630127,43046.5,2000,3479,13658.59961,1,3576,60,239,124
B0731,1.5836,179.4649963,22,348,2011,56,0.0103225,49,29,8.22799015,15,11.8743,16,2.234570026,125.06,41.73,0.8984,491.1000061,5.708330154,579.2789917,658.3599854,138964992,12.06459999,12.06459999,175.5769958,1429.27002,508.4859924,11493.5,89.72319794,8,245.9810028,41880.80078,2000,2817,13658.59961,1,3494,61,226,123
B0732,1.6502,159.8419952,21,495,2011,0,9.31963E-07,50,29,18.83799934,29,24.47450066,16,-0.259258986,124.07,41.27,0.931,568.7000122,6.491670132,554.0529785,719.4990234,144684992,11.83959961,11.83959961,148.7489929,471.1870117,521.0319824,5165.629883,68.55870056,0,456.7749939,5385.169922,19416.5,586,30513.09961,1,3319,61,219,125
B0733,2.1588,51.95299911,22,364,2011,0,0.220496997,49,29,4.513319969,13,6.557439804,16,-0.037037,125.06,41.7,0.8847,525.7999878,5.599999905,600.1129761,658.3599854,138964992,9.878890038,9.878890038,175.5769958,1429.27002,508.4859924,11493.5,89.72319794,35,218.8930054,39446.19922,1000,1277,13658.59961,1,2980,62,242,123
B0734,0.2,3.187510014,43,669,2008,11,1.02542E-08,24,33,29.20400047,104,29.8295002,16,-0.037037,110.8914,30.8575,0.9072,568.5,15.4666996,1448.920044,828.8720093,136804992,17.56259918,17.56259918,423.8789978,1130.209961,1468.849976,17222.19922,189.1289978,19,126.5699997,22203.59961,5000,160,20835.5,1,3159,60,182,124
B0737,0.502,164.4120026,26,246,2012,65,3.11666E-06,36,38,18.1019001,177,21.56389999,0,-0.037037,117.9833,26.8,0.8566,570.2999878,19.31669998,2152.47998,902.0230103,137927008,21.63349915,21.63349915,116.1240005,364.7009888,441.4859924,3518.840088,38.34339905,14,823.375,3000,7810.25,720,17929.40039,1,1848,52,152,123
B0738,0.665,164.4120026,26,246,2012,65,3.11666E-06,36,38,18.1019001,177,21.56389999,0,-0.037037,117.9833,26.8,0.8566,570.2999878,19.31669998,2152.47998,902.0230103,137927008,21.63349915,21.63349915,116.1240005,364.7009888,441.4859924,3518.840088,38.34339905,14,823.375,3000,7810.25,720,17929.40039,1,1848,52,152,123
B0739,0.011,191.9440002,36,309,2010,81,0.0118044,39,25,8.174650192,219,11.92479992,-1,-0.037037,114.59,27.62,0.9147,498.7999878,17,2248.780029,944.6749878,140112992,22.33499908,22.33499908,88.34429932,444.5639954,344.7810059,4296.899902,50.07040024,4,616.007019,6000,17117.19922,6,2330.219971,1,2356,56,195,120
B0740,0.035,180.9389954,36,112,2010,0,2.24704E-06,39,25,9.363080025,219,11.34020042,16,-0.037037,114.68,27.73,0.8496,494.8999939,17.73329926,2217.129883,994.684021,141140000,21.7553997,21.7553997,468.6530151,11222.2002,1736.839966,40011.30078,270.4989929,8,611.2670288,1000,12041.59961,70,5405.660156,1,2137,54,173,124
B0741,0.3145,190.7630005,29,1067,2009,0,2.80078E-06,33,38,18.4116993,92,20.00499916,16,-0.037037,107.07,34.59,0.8239,573.4000244,12.08329964,600.8449707,678.9500122,148120992,19.03680038,19.03680038,443.5610046,922.3109741,1484.560059,14568.90039,200.8880005,22,584.2379761,6324.560059,8062.259766,0,11094.40039,1,1856,74,185,125
B0742,0.5486,147.1840057,14,1010,2009,0,1.45275E-07,54,32,18.9885006,92,23.58390045,-4,-0.037037,107.09,34.62,0.7699,598.9000244,12.20829964,583.2189941,678.9500122,149864992,18.21290016,18.21290016,443.5610046,922.3109741,1484.560059,14568.90039,200.8880005,14,221.477005,2236.070068,4000,337,11094.40039,1,1755,75,176,127
B0743,1.1205,135.4660034,14,930,2009,6,1.24548E-06,54,32,13.22850037,92,13.95709991,2,-0.037037,107.11,34.61,0.7346,513.5999756,12.36670017,580.5449829,678.9500122,150750000,17.86989975,17.86989975,443.5610046,922.3109741,1484.560059,14568.90039,200.8880005,58,192.8049927,2236.070068,5000,563,11094.40039,1,1668,77,179,125
B0744,0.0827,266.0700073,27,597,2008,6,1.36737E-05,45,28,10.06210041,126,10.19799995,2,-0.037037,128.0964,43.1763,0.902,586.7000122,4.708330154,624.6989746,606.9860229,146187008,12.01039982,12.01039982,15.60999966,52.83010101,58.30160141,574.052002,6.55945015,141,64.65200043,13928.40039,2000,2,10528.7998,1,5329,61,257,114
B0745,0.5705,273.0480042,27,614,2008,0,1.36737E-05,45,28,12.88210011,126,13.6967001,-2,-0.037037,128.0968,43.1763,0.902,586.7000122,4.708330154,624.6989746,606.9860229,146187008,12.01039982,12.01039982,15.60999966,52.83010101,58.30160141,574.052002,6.55945015,141,64.65200043,13928.40039,2000,2,10528.7998,1,5329,61,257,114
B0746,0.6305,218.8840027,27,566,2008,47,0.00130111,45,28,3.080519915,126,4.427189827,1,-0.037037,128.0963,43.1921,0.8743,605.9000244,4.741670132,620.9240112,606.9860229,146187008,12.31379986,12.31379986,15.60999966,52.83010101,58.30160141,574.052002,6.55945015,1,48.49769974,13601.5,2236.070068,1,10528.7998,1,5143,61,275,111
B0747,0.7849,83.7365036,19,614,2008,0,0.0415296,54,27,12.56869984,17,16.35849953,-2,-0.037037,128.0879,43.1751,0.8956,532.2999878,4.666669846,628.2009888,606.9860229,146187008,11.89680004,11.89680004,15.60999966,52.83010101,58.30160141,574.052002,6.55945015,141,89.94429779,14317.7998,2000,1,10528.7998,1,5329,61,257,115
B0748,0.8116,287.6839905,27,589,2008,0,0.000401261,45,28,11.07479954,126,12.44989967,-3,-0.037037,128.0957,43.1713,0.902,574.7000122,4.716670036,628.2009888,606.9860229,146187008,11.34689999,11.34689999,15.60999966,52.83010101,58.30160141,574.052002,6.55945015,141,48.29679871,14317.7998,2000,2,10528.7998,1,5329,61,257,115
B0749,1.3588,262.3039856,27,584,2008,0,0.00509046,45,28,11.40999985,17,12.83740044,16,-0.037037,128.0953,43.1793,0.7739,578.0999756,4.683330059,624.6989746,606.9860229,146187008,12.01039982,12.01039982,15.60999966,52.83010101,58.30160141,574.052002,6.55945015,1,64.65200043,13928.40039,2000,1,10528.7998,1,5143,61,275,114
B0750,1.4822,283.0920105,27,568,2008,59,0.0268954,45,28,6.8042202,17,7.252590179,16,-0.037037,128.0955,43.1882,0.8743,606.9000244,4.733329773,620.9240112,606.9860229,146187008,12.31379986,12.31379986,15.60999966,52.83010101,58.30160141,574.052002,6.55945015,1,90.06620026,13601.5,2236.070068,1,10528.7998,1,5143,61,275,114
B0751,0.872,45,20,727,2010-2012,0,3.018640041,44,36,0.218995005,149,0.632456005,-1,-0.037037,121.51,50.82,1.32775,456.5333252,-4.322223345,459.098999,478.8910116,124438333.3,2.441099962,2.441099962,139.1113358,2731.469971,61.26296743,16060.43327,114.278333,1.666666667,46.62053426,0,198063,1241.333333,2369.713298,1,8464,61,260,99
B0752,1.199,90,20,732,2010-2012,0,2.930310011,44,36,0.154853001,149,0.632456005,5,-0.037037,121.5123,50.83,1.28385,465.4333293,-4.322223345,460.1713257,478.8910116,124438333.3,1.799722314,1.799722314,139.1113358,2731.469971,61.26296743,16060.43327,114.278333,1,13.67713356,0,199063,358.3333333,2369.713298,1,8339,62,265,97
B0753,1.372,233.1300049,20,754,2010-2012,1,1.782670021,44,36,1.548159957,149,1.612450004,4,-0.037037,121.5102,50.8441,1.3127,478.0333455,-4.372223298,461.495992,478.8910116,124438333.3,2.777903358,2.777903358,139.1113358,2731.469971,61.26296743,16060.43327,114.278333,1.666666667,13.67713356,0,200040,127.6666667,2369.713298,1,8203,64,248,100
B0754,1.401,83.65979767,27,751,2010-2012,0,0.267315,41,32,8.353839874,1,10.40190029,2,-0.037037,121.5012,50.8214,1.30105,625.3666789,-4.322223345,464.5846659,478.8910116,124438333.3,1.612269362,1.612269362,139.1113358,2731.469971,61.26296743,16060.43327,114.278333,1.666666667,27.34386698,0,198063,521.6666667,2369.713298,1,8464,61,260,97
B0762,1.8919,275.5469971,17,3707,2011-2012,0,3.91236E-10,52,31,37.04869843,18,43.68519974,16,0.037037,95.3521,30.4284,0.9187,179.4500046,-0.574999988,782.3924866,221.25,82565600,6.422360182,6.422360182,1.49278003,21324.65348,21.55350018,19.49884987,0.36748901,0,7.022609949,133405,126669,0.5,355.0620117,1,4519,65,227,102
B0763,2.5225,114.814003,17,4242,2011-2012,182,5.65033E-07,44,39,15.47840023,197,16.18639946,0,0,95.3245,30.122,0.51785,337.7764893,-1.433329999,955.7659912,206.4535065,73930748,1.244377201,1.244377201,1.95015502,21391.08871,26.46175003,64.58230019,0.813619494,0,5.086280107,104890,102942,0,184.3274994,1,4290,66,239,107
B0764,3.0631,52.06669998,14,4437,2011-2012,227,6.8012E-09,44,42,24.98679924,199,26.95549965,-1,0,94.33,29.5389,0.8918,379.7000122,-0.604166508,863.3420105,393.7854919,101649300,2.880135,2.880135,28.91644955,21411.96111,348.7220001,818.5325012,14.06190014,1,14.88105011,8944.269531,7810.25,10,386.6015015,1,5094,59,208,101
B0765,3.1532,160.2369995,19,3604,2011-2012,0,1.71639E-09,54,27,39.05239868,17,52.75790024,0,0,94.1891,29.0378,0.8403,609.6999817,3.691665053,739.7825012,396.2879944,93448652,7.649594784,7.649594784,0.268491492,21296.6626,4.106024861,16.39435005,0.177632503,0,10.40198517,22000,34928.5,0.5,101.2286987,1,4857,61,217,107
B0766,3.2432,42.09809875,17,4351,2011-2012,14,7.84798E-06,52,31,22.55019951,18,24.3022995,16,0,94.6995,29.7054,0.83295,528.8999939,-0.120833503,922.7174988,395.8144989,100229552,6.292049885,6.292049885,1.070769966,21667.24509,27.23869991,56.35219955,0.636905998,1,15.02080011,30479.5,28600.69922,0.5,11.76045036,1,5230,61,238,103
B0768,0.4184,23.19860077,31,332,2006,0,0.727180004,36,33,2.357330084,220,1.843909979,16,0.0123457,109.5954,26.7473,0.8421,691.0999756,17.24169922,1270.829956,955.5770264,129889000,23.36289978,23.36289978,206.4960022,171.5540009,428.0390015,206.4960022,75.04190063,159,77.16390228,9486.830078,12000,0,8568,1,3517,56,189,120
B0775,0.677,161.9730072,14,1330,2010,0,0.000347686,54,32,13.50479984,92,15.50479984,-1,-0.024691399,109.78,35.48,0.8428,582.2000122,9.833330154,637.8189697,615.0859985,156208000,18.95789909,18.95789909,36.33660126,106.8259964,187.1660004,1364.530029,16.8302002,18,21.5170002,16278.7998,7615.77002,0,3876.580078,1,2259,77,212,126
B0776,0.678,170.0740051,14,1366,2010,79,4.01042E-05,54,32,6.263199806,92,23.1602993,16,-0.037037,108.72,36.32,0.8185,538.2000122,8.883330345,572.5170288,645.7030029,164502000,17.42309952,17.42309952,30.56640053,41.68519974,61.31299973,866.3220215,10.86050034,8,45.86940002,51039.19922,24000,3,147.6470032,1,2457,77,187,126
B0777,0.776,132.4629974,14,1103,2010,0,1.21307E-05,54,32,16.81739998,65,17.09970093,1,0.074074097,107.81,34.67,0.8427,475.7000122,10.64169979,712.9320068,713.3729858,155086000,18.84679985,18.84679985,181.072998,398.5660095,738.0650024,6126.620117,77.55719757,25,127.3119965,16031.2002,4123.109863,416,1604.359985,1,2244,70,186,126
B0778,0.1868,263.3670044,22,459,2007,25,0.0101477,51,27,3.347970009,176,6.942619801,1,-0.074074097,107.36,29.95,0.933,544.2000122,18.10829926,1409.5,844.0460205,127295000,22.38059998,22.38059998,645.6539917,2205.189941,1929.359985,34386.69922,294.6340027,45,812.1430054,14142.09961,13601.5,3,21527.19922,1,2784,64,218,125
B0779,0.3412,103.3249969,29,1431,2007,0,0.00234824,33,38,6.024919987,176,20.75569916,16,0,108.63,30.36,0.8536,713.2999878,12.47500038,1521.900024,747.4699707,127642000,17.85989952,17.85989952,965.7719727,1322.680054,3424.030029,28265.69922,325.9979858,102,73.01000214,4123.109863,12649.09961,1,13933,1,4088,56,217,103
B0780,0.3606,26.89620018,22,350,2007,0,3.257E-09,51,27,17.41449928,112,25.78759956,-1,0.049382702,107.96,29.84,0.8361,667.7000122,17.89999962,1301.810059,796.90802,125312000,22.81579971,22.81579971,501.0880127,709.3400269,1336.47998,15636.5,169.4450073,119,205.3009949,2828.429932,16000,733,23467.69922,1,3057,61,208,124
B0781,0.3838,113.1299973,27,1023,2007,0,1.27099E-10,40,33,30.75849915,7,35.1595993,16,0,109.43,30.45,0.825,780.4000244,15.54170036,1631.619995,722.4130249,123090000,20.45590019,20.45590019,488.9779968,1287.719971,1781.550049,50035.19922,175.572998,12,128.1629944,10295.59961,7615.77002,0,5252.810059,1,3938,58,204,118
B0782,0.4102,126.3960037,21,351,2007,0,0.000411782,49,30,16.37249947,114,18.8307991,16,0.283951014,106.79,29.88,0.8094,559,18.50830078,1348.109985,864.4320068,124939000,24.27770042,24.27770042,1241.969971,3003.389893,2595,44920.5,574.3380127,105,451.1289978,2236.070068,2000,172,24728.30078,1,2710,61,224,129
B0783,0.5298,353.7839966,24,390,2007,34,0.795623004,43,33,7.817470074,176,14.58769989,1,-1.049379945,107.73,31.08,0.7813,497.2000122,17.79170036,1395.959961,873.7769775,128508000,22.15390015,22.15390015,1416.530029,1114.72998,4995.009766,37526.10156,434.9079895,265,320.3139954,6708.200195,5000,8,20101.09961,1,2633,66,208,128
B0785,0.5496,325.5130005,25,616,2007,20,0.241506994,45,30,10.67730045,224,13.49069977,1,-0.358025014,109.45,30.45,0.8249,851.7000122,15.98330021,1630.640015,722.4130249,123090000,20.52350044,20.52350044,488.9779968,1287.719971,1781.550049,50035.19922,175.572998,156,103.4229965,8602.330078,5830.950195,3,5252.810059,1,3467,61,217,122
B0786,0.5648,160.345993,31,757,2007,9,2.694350004,34,35,2.300820112,112,4.024919987,16,-0.074074097,108.65,30.78,0.8409,586.7999878,16.74169922,1434.160034,852.059021,133174000,21.33130074,21.33130074,714.7780151,1484.969971,1598.839966,24367.59961,260.6799927,266,279.95401,14317.7998,6708.200195,2,22607.69922,1,2922,61,197,121
B0787,0.5886,176.1490021,43,1213,2007,39,0.00171851,24,33,15.73340034,8,16.15550041,1,1.37037003,110.91,31.12,0.895,586.4000244,12.77499962,1412.25,771.2249756,144611008,17.39900017,17.39900017,70.207901,553.0969849,212.9299927,4459.870117,53.83430099,9,78.69200134,27586.19922,7071.069824,5,19969,1,3632,57,187,113
B0788,0.856,24.08939934,43,1091,2007,0,1.1972E-08,24,33,23.44729996,104,32.15280151,0,-0.098765403,109.59,31.02,0.83,581.2000122,16.39170074,1428.73999,826.6799927,135850000,18.82959938,18.82959938,822.8939819,5387.339844,2067.280029,61097.60156,293.0610046,431,142.8079987,7615.77002,7000,20,18859.5,1,3507,60,194,121
B0789,0.506,215.0740051,36,284,2007,84,8.54031E-07,39,25,21.20770073,219,23.55419922,-1,-0.098765403,109.58,27.03,0.8258,595.9000244,17.2166996,1147.390015,970.2399902,134382000,21.66640091,21.66640091,331.6640015,207.1799927,519.6970215,9991.099609,117.4530029,55,99.03369904,14764.7998,13341.7002,0,20639.40039,1,3488,57,193,116
B0790,0.658,190.822998,31,396,2007,9,1.61659E-07,36,33,20.51709938,220,25.69820023,2,-0.098765403,110.08,26.94,0.8034,689.7000122,17.04999924,1119.180054,866.1430054,137484000,21.21899986,21.21899986,115.6019974,338.9309998,483.4750061,4443.100098,51.74440002,28,92.70480347,30000,29832.90039,0,7057.990234,1,3792,59,201,115
B0791,0.748,317.6260071,36,472,2007,68,0.000107724,39,25,11.77900028,219,15.56280041,0,-0.098765403,109.79,26.78,0.8805,769.5999756,16.80830002,1132.579956,839.7410278,135504000,20.80830002,20.80830002,186.6309967,238.522995,833.1669922,5705.549805,68.22669983,8,102.2819977,8062.259766,5099.02002,4,46708.89844,1,3391,55,189,115
B0792,0.468,180,36,193,2012,0,5.996459961,22,42,0.929039001,25,1.549190044,-2,-0.098765403,127.94,45.21,0.3312,483.2659912,3.483330011,669.6049805,569.1680298,128058000,10.30140018,10.30140018,309.6879883,1474.280029,664.4639893,13154.7998,137.1399994,105,898.1240234,1000,2000,4064,175311,1,4154.129883,62.32080078,287.1579895,111
B0793,0.564,165.4660034,33,238,2012,0,1.874160051,32,35,2.158610106,41,2.792850018,16,-0.098765403,126.57,47.89,0.9095,413.3999939,1.125,684.2299805,480.95401,133254000,7.136940002,7.136940002,67.55020142,116.4899979,210.6719971,2135.290039,25.08099937,0,121.711998,10049.90039,13416.40039,0,7260.830078,1,5214,64,243,106
B0794,0.817,20.22489929,27,254,2012,30,8.480369568,45,28,1.567379951,126,2.144759893,16,0.049382702,126.49,47.82,0.9056,299.2000122,1.375,676.7990112,538.5910034,130499000,7.042779922,7.042779922,67.55020142,116.4899979,210.6719971,2135.290039,25.08099937,53,159.0180054,16278.7998,19646.90039,0,9044.589844,1,5123,66,247,105
B0795,0.572,129.8059998,27,244,2012,0,4.805260181,45,28,1.209259987,126,1.549190044,16,0.049382702,122.85,47.45,0.7665,359.6000061,2.775000095,547.75,464.5700073,132157000,11.15970039,11.15970039,484.5920105,4659.779785,1607.339966,23810.30078,215.3820038,33,126.0550003,6082.759766,25942.19922,343,11583.90039,1,3299,72,227,130
B0798,0.2148,135,29,116,2011-2012,10,3.984329939,33,38,0.985383987,107,1.341639996,16,-0.135802001,109.84,22.72,0.7982,861.9634705,21.5916996,1821.350037,1063.88501,136039500,25.91429996,25.91429996,779.5935059,23233.00038,5208.11499,33102.65039,257.899498,437.5,1269.799988,1414.209961,12000,818.5,16372.15039,1,2755,57,158,119
B0799,0.5459,1.63657999,29,156,2011-2012,0,1.052399993,33,38,5.40598011,216,10.93620014,16,0.037037,110.09,22.87,0.8739,773.1499939,21.39169979,1766.159973,1073.705017,136373504,24.73699951,24.73699951,315.253006,17065.59983,1889.499939,8945.230469,98.9958992,69.5,983.9194946,20124.59961,5000,0,19836.84961,1,2308,54,148,117
B0800,0.7811,324.4620056,43,191,2011-2012,39,3.835809946,28,29,7.287000179,176,14.38749981,16,1.469140053,110.07,22.83,0.8222,646.1499939,21.35830021,1776.559998,1068.084961,136161996,24.26100063,24.26100063,315.253006,19692.78034,1889.499939,8945.230469,98.9958992,55.5,1300.98999,16031.2002,4000,610.5,19836.84961,1,1911,55,146,122
B0801,1.1923,276.3399963,43,135,2011-2012,3,0.919512987,28,29,2.102440119,176,2.489979982,16,-0.148148,109.92,22.75,0.87855,341.2999954,21.5333004,1808.529968,1052.549988,135038500,26.3491497,26.3491497,779.5935059,19809.58036,5208.11499,33102.65039,257.899498,1,1149.390015,2000,5099.02002,862.5,43118.45117,1,2663,54,163,119
B0802,1.4449,168.6900024,43,115,2011-2012,58,2.473910093,28,29,0.78955102,216,1.732049942,16,-0.271605015,110.11,22.72,0.8039,1154.950012,21.6875,1780.400024,1050.699951,136676504,23.99865055,23.99865055,779.5935059,13521.16861,5208.11499,33102.65039,257.899498,72,1633.359985,6708.200195,2000,791.5,105324.5,1,1987,55,155,117
B0803,1.6404,297.7049866,43,341,2011,95,0.00179973,28,29,18.48310089,216,22.15399933,16,-0.037037,106.7667,22.1,0.64,835.9000244,20.75830078,1317.329956,1064.050049,135988000,25.42230034,25.42230034,4.942259789,50.90390015,23.34639931,302.4249878,2.610140085,1219,848.5980225,1414.209961,1000,3745,54218.10156,1,2262,57,166,115
B0806,1.8023,135,21,1195,2012,145,2.518699884,40,39,0.437983006,64,0.447214007,-1,-1.950620055,107.79,35.21,0.5615,275.7000122,9.791669846,532.1619873,699.7319946,155036000,17.87260056,17.87260056,474.7850037,708.4920044,1192.030029,16317.2002,190.7089996,792,1230.280029,7071.069824,2000,1376,23927.5,1,1607,81,207,128
B0807,1.931,202.2180023,14,1086,2012,0,0.00026535,54,32,5.917059898,92,14.27589989,16,0.049382702,108.33,35.13,0.8084,562.7000122,10.49170017,522.8930054,680.9539795,155599008,18.34189987,18.34189987,462.2460022,833.0700073,1975.400024,13933.09961,215.1840057,43,500.8789978,15033.2998,4000,2497,38614.5,1,1842,81,191,126
B0808,2.3112,170.5379944,14,1038,2012,142,0.891335011,54,32,1.883200049,92,2.366430044,-1,0.061728399,107.35,35.35,0.7146,535.9000244,10.44169998,491.4320068,702.5130005,153304992,18.47859955,18.47859955,460.5230103,1529.329956,1694.160034,19580.40039,200.9309998,51,347.1340027,0,1000,2330,100794,1,1515,81,190,128
B0809,0.2234,261.7590027,14,870,2008,19,0.00632507,54,32,11.19919968,92,12.60159969,16,0.0123457,107.12,34.61,0.7812,549,11.95829964,520.007019,683.4180298,157274000,17.72430038,17.72430038,388.5939941,910.5029907,1349.619995,12511.90039,158.9279938,40,218.9680023,2000,5000,319,10838,1,1613,77,185,125
B0810,0.2554,73.61049652,14,1013,2008,146,0.00290922,54,32,5.471330166,92,7,-2,-0.037037,108.092,34.704,0.6986,438,11.75,554.4840088,660.7059937,155859008,20.22529984,20.22529984,754.2490234,1463.420044,2119.51001,20103.59961,257.9169922,113,311.4490051,1414.209961,6000,345,52108.5,1,1619,78,222,127
B0811,0.2912,352.5280151,24,640,2008,0,1.27496E-06,29,47,26.51140022,33,30.74740028,16,0.296296,108.5839,34.0198,0.7132,541,13.42500019,605.9550171,847.4439697,151576000,16.04500008,16.04500008,7.347909927,149.4759979,13.79310036,1031.030029,6.980100155,0,628.9279785,2236.070068,3605.550049,317,25646.19922,1,1359,74,190,131
B0812,0.5455,261.7590027,14,870,2008,19,0.00632507,54,32,11.19919968,92,12.60159969,16,0,107.12,34.61,0.7812,549,11.95829964,520.007019,683.4180298,157274000,17.72430038,17.72430038,388.5939941,910.5029907,1349.619995,12511.90039,158.9279938,40,218.9680023,2000,5000,319,10838,1,1613,77,185,125
B0813,0.5458,73.61049652,14,1013,2008,146,0.00290922,54,32,5.471330166,92,7,-2,0.0123457,108.092,34.704,0.6986,438,11.75,554.4840088,660.7059937,155859008,20.22529984,20.22529984,754.2490234,1463.420044,2119.51001,20103.59961,257.9169922,113,311.4490051,1414.209961,6000,345,52108.5,1,1619,78,222,127
B0815,1.302,168.6900024,22,38,2012,8,1.568729997,49,29,3.155210018,142,3.714839935,1,-0.049382702,120.77,37.77,0.8036,643.2999878,12.00829983,721.1439819,924.0900269,157976000,19.58390045,19.58390045,170.4499969,7606.850098,540.9719849,16163.7002,132.1300049,109,5126.959961,2000,7280.109863,1957,229526,1,1059,71,207,137
B0816,0.1107,146.3099976,19,330,2010,0,2.985850096,54,27,1.116520047,17,1.341639996,2,0.024691399,128.94,46.58,0.9043,487.3999939,1.783329964,698.6329956,504.8680115,126092000,6.04542017,6.04542017,7.901199818,112.4629974,61.89559937,590.4799805,5.074669838,1,78.17310333,36069.39844,52924.5,11,31.06769943,1,5888,62,245,111
B0817,0.669,49.08560181,27,448,2010,100,4.92114E-05,45,28,13.57219982,126,14.55340004,16,0.086419798,129.12,46.69,0.9101,475.8999939,1.433330059,706.7730103,535.8969727,125165000,4.997220039,4.997220039,7.901199818,112.4629974,61.89559937,590.4799805,5.074669838,0,70.78079987,23323.80078,47676,3,100.6019974,1,6052,63,251,114
B0818,1.0124,79.91940308,27,420,2010,0,0.948809981,45,28,7.041989803,126,7.823040009,16,0.0123457,129.03,46.72,0.9692,405.7999878,1.25,736.0339966,512.8270264,125913000,5.263189793,5.263189793,7.901199818,112.4629974,61.89559937,590.4799805,5.074669838,0,71.8588028,26870.09961,54744.89844,6,100.6019974,1,6265,61,236,113
B0819,1.2362,18.90460014,19,759,2010,0,0.0265496,54,27,17.37070084,17,18.34670067,16,0.024691399,128.94,46.67,0.9364,469.8999939,1.058330059,757.0009766,499.3080139,125583000,4.383749962,4.383749962,7.901199818,112.4629974,61.89559937,590.4799805,5.074669838,0,75.07589722,35355.30078,58008.60156,0,5.164410114,1,5579,62,251,110
B0820,2.2752,218.5169983,19,626,2010,0,0.449028999,54,27,4.837389946,17,5.761940002,0,-0.098765403,128.95,46.81,0.9228,628.7000122,0.400000006,753.2609863,504.3429871,125212000,4.830279827,4.830279827,1.292080045,65.73239899,8.090370178,275.9559937,2.075150013,1,70.3871994,18439.09961,58600.30078,0,1.610290051,1,7005,60,255,110
B0821,1.2566,97.56839752,19,455,2010,45,0.000198804,54,27,11.03100014,17,11.65330029,16,0.074074097,128.92,46.75,0.9106,502.2000122,1.233330011,724.572998,527.2639771,125211000,4.777219772,4.777219772,7.901199818,112.4629974,61.89559937,590.4799805,5.074669838,3,73.41600037,25059.90039,62032.30078,0,5.164410114,1,7030,62,254,111
B0822,1.3965,7.125020027,19,498,2010,112,0.0601031,54,27,13.47889996,17,13.93560028,16,-0.333332986,128.96,46.53,0.9764,486.8999939,1.408329964,703.0159912,568.697998,126154000,2.946670055,2.946670055,7.901199818,112.4629974,61.89559937,590.4799805,5.074669838,0,78.41269684,35227.80078,48383.89844,3,285.5629883,1,6148,62,261,108
B0823,1.5442,63.2458992,27,603,2010,0,0.000602515,45,28,10.37689972,126,10.84440041,16,0.0123457,129.12,46.77,0.9034,478,1.108330011,751.6539917,501.8429871,125491000,4.861249924,4.861249924,1.292080045,65.73239899,8.090370178,275.9559937,2.075150013,0,69.3946991,18601.09961,52811,2,396.4830017,1,6193,62,269,112
B0824,1.6278,41.18590164,19,556,2010,3,0.00160678,54,27,8.174650192,17,8.40237999,16,-0.037037,129.24,46.89,0.8952,485.7999878,1.066669941,751.2910156,545.3270264,125339000,3.937079906,3.937079906,1.292080045,65.73239899,8.090370178,275.9559937,2.075150013,5,93.21980286,13928.40039,58668.60156,0,4.221449852,1,6017,62,248,104
B0825,1.6546,255.4859924,19,381,2010,0,1.07413E-05,54,27,15.37590027,17,20.14940071,0,0.0123457,129.05,46.56,0.9277,491.8999939,1.5,692.0280151,562.8040161,125582000,4.192220211,4.192220211,7.901199818,112.4629974,61.89559937,590.4799805,5.074669838,0,75.64060211,37696.19922,45618,0,31.06769943,1,6106,62,254,112
B0826,0.4649,37.06719971,36,347,2011,96,0.040688898,39,25,13.24660015,219,18.89970016,-2,0.0123457,117.81,27.25,0.8413,512.4000244,17.85829926,1290.23999,878.7459717,151559008,21.09070015,21.09070015,56.23479843,132.9810028,212.4900055,1596.780029,17.5394001,12,256.2739868,17464.30078,14866.09961,0,2477.5,1,2176,50,136,121
B0832,0.464,191.3099976,29,1,2010,7,9.7417202,33,38,0.394793987,176,2.144759893,0,-0.098765403,121.22,30.94,0.7334,420.2999878,16.20829964,1228.400024,906.7509766,146939008,21.44720078,21.44720078,401.973999,40473.19922,3977.590088,69597.39844,398.6369934,26,11168.40039,3000,3605.550049,3463,345640,1,2870,70,183,119
B0833,0.6971,171.8699951,37,4,2010,0,9.75440979,24,39,1.094849944,181,1.843909979,0,-0.037037,121.18,30.94,0.7295,502.6000061,16.20829964,1232.050049,906.7509766,146670000,21.50009918,21.50009918,537.776001,10992.7002,2054.449951,79150.89844,545.3150024,89,13066,1000,1000,4693,494433,1,2861,68,182,115
B0834,0.7965,315,37,6,2010,0,9.735759735,24,39,0.328489989,176,0.447214007,16,0.197531,120.99,31.09,0.7343,523,16.08329964,1221.77002,1103.72998,153204000,19.41320038,19.41320038,537.776001,10992.7002,2054.449951,79150.89844,545.3150024,162,7672.22998,2236.070068,0,3638,154814,1,3102,68,205,119
B0835,1.3041,5.194429874,37,7,2010,12,9.826519966,24,39,0.855143011,181,2.190890074,0,-0.049382702,121.3,31.02,0.4626,534.7180176,16.49169922,1205.73999,902.5319824,146642000,24.66970062,24.66970062,401.973999,40473.19922,3977.590088,69597.39844,398.6369934,1134,13406.7998,1414.209961,0,5546,4932420,1,2744,71,179,121.1429977
B0836,0.2,124.2160034,36,88,2006,1,1.956570029,39,25,2.33949995,219,6,3,-0.049382702,114.72,27.81,0.8845,477.5,18.55830002,1703.880005,1010.73999,144387008,22.34609985,22.34609985,596.7839966,9705.849609,1263.859985,596.7839966,238.6990051,15,340.45401,1414.209961,3605.550049,427,2970970,1,1673,57,192,124
B0837,0.27,231.7660065,36,330,2006,0,0.099080898,39,25,12.79440022,219,13.48330021,2,0,114.58,27.62,0.9475,573.7999878,17.375,1745.48999,984.3920288,144320992,21.2996006,21.2996006,119.7699966,264.1579895,324.57901,119.7699966,48.55289841,9,271.375,6324.560059,16278.7998,2,1849.900024,1,2510,54,206,120
B0839,0.36,221.4600067,36,299,2006,0,0.00244635,39,25,10.52169991,219,12.16549969,0,0.024691399,114.52,27.69,0.8674,594.0999756,17.75,1738.589966,928.09198,144079008,21.6121006,21.6121006,596.7839966,9705.849609,1263.859985,596.7839966,238.6990051,8,741.7369995,4000,11180.2998,6,6849.009766,1,2219,55,190,121
B0840,0.36,209.9320068,29,95,2006,35,0.069889702,33,38,2.945719957,176,10.06980038,0,0,114.65,27.75,0.2083,597.8300171,18.42499924,1703.880005,992.6660156,144372000,21.03860092,21.03860092,596.7839966,9705.849609,1263.859985,596.7839966,238.6990051,3,265.1000061,3605.550049,8944.269531,1,2862100,1,1938,57,182,122
B0841,0.579,159.4440002,29,79,2009,0,3.595900059,33,38,1.322829962,219,2.645750046,1,0,115.0667,26.7333,0.8287,338.2000122,18.97500038,1318.48999,966.8720093,154366000,24.0196991,24.0196991,311.605011,533.0830078,1532.199951,9771.219727,121.4110031,15,235.7980042,9000,4242.640137,1,12781.7998,1,1872,54,187,122
B0847,0.3277,163.6900024,22,2929,2006-2010,187,5.55502E-10,49,29,41.21139908,13,52.0442009,-1,-0.0123457,100.24,27.69,0.82462,1061.520007,10.79668007,883.9459961,826.2962036,184794400,15.46753998,15.46753998,15.02339973,169.4012024,58.50401917,1107.733647,11.14787998,0.4,52.57606049,41593.30078,39051.30078,2,724.6978027,1,4376,60,233,114
B0848,0.5772,171.529007,21,2230,2006-2010,0,1.02613E-06,50,29,21.07089996,29,27.58989906,16,-0.0123457,100.31,28.05,0.73994,676.7799927,13.01831989,687.2630005,810.7363892,184885200,21.38915977,21.38915977,4.508638,15.75306015,20.17813988,154.7844172,2.041664004,1,3.945987988,63529.5,66219.29688,0.8,967.7104126,1,4491,62,230,113
B0849,0.89,73.07250214,8,4428,2006-2010,0,0.00205509,80,12,14.56939983,213,22.2935009,-3,-0.061728399,99.95,28.19,0.63732,271.0800018,-0.113333257,949.6768066,656.382605,167666000,7.581223965,7.581223965,10.33298187,128.4611984,37.09376068,820.1733707,8.111508083,1,29.36049995,49648.80078,58189.30078,1.2,47.95474091,1,4940,65,272,105
B0850,1.0636,211.5950012,27,4551,2006-2010,243,1.02332E-09,41,32,22.80330086,1,31.27619934,16,-0.0123457,100.29,28.35,0.6704,249.3200012,-1.730000019,904.8776001,708.9063965,178698601.6,10.690028,10.690028,3.541330004,23.00843964,14.75817986,177.7876204,1.998625994,0.4,2.696696091,83096.29688,89587.89844,0.8,403.3393982,1,4902,63,242,108
B0851,1.4154,209.5670013,26,2935,2006-2010,139,7.71019E-11,33,41,35.13850021,6,45.96960068,0,-0.123457,100.25,27.74,0.761,958.4799805,11.41834011,846.6008057,826.2962036,184797600,19.74465981,19.74465981,15.02339973,169.4012024,58.50401917,1107.733647,11.14787998,0,40.86487999,44418.5,43139.30078,3.6,724.6978027,1,4394,59,223,118
B0852,1.4714,149.4210052,27,4526,2006-2010,222,0.000148813,41,32,19.05089951,1,21.70249939,16,-0.123457,100.05,28.45,0.67558,235.3400024,0.0749998,873.1901855,612.1034058,174122396.8,10.92092609,10.92092609,3.541330004,23.00843964,14.75817986,177.7876204,1.998625994,0.8,32.61648026,81154.20313,90138.79688,1,15.8047802,1,4953,64,256,104
B0853,1.4737,241.7310028,19,3628,2006-2010,104,2.51577E-13,54,27,33.04639816,17,37.86819839,16,-0.123457,99.82,28.35,0.82112,567.7199951,5.103332043,779.5894043,695.0765991,178636796.8,10.60047379,10.60047379,7.507314014,102.5275803,26.41757965,642.8777822,6.166063881,1.4,26.99804001,62801.30078,73246.20313,1.2,34.52460022,1,4767,60,205,107
B0854,1.8054,46.86769867,17,4293,2006-2010,265,1.46355E-08,44,39,27.82259941,197,31.6923008,16,0,100.03,28.05,0.80756,704.5800049,1.625001979,921.4669922,651.5368042,175110998.4,10.63703213,10.63703213,5.512141991,113.2749588,17.84743958,666.9810161,5.533267927,1,45.03422012,41725.30078,47434.19922,2.6,69.10810089,1,4495,63,249,103
B0855,2.2662,282.4559937,19,3684,2006-2010,213,6.44426E-08,54,27,19.01379967,17,21.16130066,16,0.074074097,99.75,27.97,0.79832,779.3400024,4.326666069,925.2695923,714.9569946,171969801.6,12.92742004,12.92742004,22.18568039,114.0409988,89.04732056,934.3669037,12.61182003,0,31.43184013,18027.80078,28071.30078,2.2,43688.06055,1,4416,59,213,107
B0856,0.2566,309.9580078,19,3380,2006-2010,0,2.57676E-06,54,27,27.55730057,17,33.08470154,16,-0.185185,99.71,27.44,0.83984,921.3199951,4.895000076,1033.348181,790.0185913,171811401.6,10.45002804,10.45002804,24.55804024,155.2337982,96.88363953,1182.452828,14.82157993,2.2,41.34414063,11180.2998,15811.40039,2.4,274.8023987,1,4535,57,219,102
B0857,0.4468,8.999250412,19,3796,2006-2010,194,1.03618E-07,54,27,31.16309929,17,38.20209885,0,0.0123457,100.24,27.49,0.85718,789.4400024,5.330000019,975.0288086,824.4743896,180321600,13.75825996,13.75825996,45.76067963,225.137796,288.272403,1882.695868,21.98764,0.4,55.14005966,29068.90039,27658.59961,2.8,713.0102051,1,5017,58,212,107
B0858,0.7674,102.276001,22,3035,2006-2010,32,1.18687E-11,49,29,30.8560009,6,36.01670074,1,0.061728399,100.02,27.13,0.83408,1156.96001,11.11833992,956.0437744,807.9060059,180122800,16.63560028,16.63560028,27.6660202,146.1432022,171.993396,1177.283935,13.66235981,0,47.73826103,7000,4472.140137,4.4,43154.82109,1,3989,62,225,115
B0859,1.3098,288.526001,22,2968,2006-2010,149,6.34301E-07,49,29,28.18589973,13,31.2826004,16,0.160494,99.43,26.98,0.7995,1054.480029,8.863334084,1135.899402,800.5125977,164655001.6,14.99343987,14.99343987,57.74174042,190.4674042,247.8078003,1817.608472,28.09136009,1.4,32.54846001,60000,56293.89844,2.2,368.8803955,1,4237,59,224,113
B0860,2.0648,345.57901,36,2226,2006-2010,199,3.0828E-07,39,25,32.41009903,219,37.67490005,16,-0.074074097,99.87,27.05,0.77534,1055.7,12.53831978,926.6365967,740.1713989,177183203.2,17.64810028,17.64810028,50.22050018,368.2997986,221.8568024,3417.762788,31.05068054,1,67.68616104,21213.19922,19924.90039,0.2,92.56287994,1,4362,60,240,115
B0861,2.1141,172.2879944,22,2860,2006-2010,200,2.13991E-10,51,27,27.63899994,112,30.35460091,-1,-0.0123457,99.73,26.94,0.881,1088.940015,10.60501995,1046.353198,735.475,175553196.8,14.46717987,14.46717987,46.8843399,124.8605988,320.1664001,1412.756501,18.67489967,1,63.57851868,32062.40039,28460.5,3.4,201.0902008,1,4427,60,228,103
B0862,2.1738,219.151001,26,2296,2006-2010,80,1.64773E-05,33,41,21.49580002,6,25.56559944,16,0.111111,100.07,27.18,0.7994,777.8323853,14.26000004,854.7517944,854.7299805,180018800,21.65291977,21.65291977,27.6660202,146.1432022,171.993396,1177.283935,13.66235981,2.2,85.47989883,2000,1000,4.8,41885.63984,1,4644,61,249,112
B0863,0.1345,257.8760071,17,1102,2007,87,0.140561,62,21,10.56949997,56,11.6704998,16,0.037037,110.3833,38.8167,0.4923,167.5,9.475000381,582.8790283,492.4500122,157296992,19.89830017,19.89830017,149.9400024,393.9519958,289.8540039,6016.549805,111.6740036,92,197.4730072,0,1000,891,1478.119995,1,1219,84,172,127
B0864,0.1762,251.5650024,20,275,2009,0,5.986179829,53,27,0.244843006,151,1,16,-0.135802001,84.999,45.4532,0.4796,142.8999939,9.083330154,128.3150024,91.49559784,144542000,17.9015007,17.9015007,11.15110016,101.0479965,8.378520012,617.84198,12.20129967,0,1184.780029,10049.90039,16552.90039,154,25635.40039,1,2365,81,207,140
B0865,0.2068,270,20,276,2009,0,5.987259865,53,27,0.619390011,151,0.894427001,16,0,85.0133,45.4259,0.6198,133.6000061,9.008330345,130.7059937,95.91300201,143666000,16.81430054,16.81430054,11.15110016,101.0479965,8.378520012,617.84198,12.20129967,0,1149.810059,12083,16031.2002,12,25635.40039,1,2305,81,207,140
B0866,0.2504,0,29,276,2009,0,5.98679018,42,29,0.619390011,127,1.949360013,16,-0.111111,85.0628,45.4324,0.2533,70.69999695,9.233329773,128.6970062,85.03220367,143952992,19.12459946,19.12459946,11.15110016,101.0479965,8.378520012,617.84198,12.20129967,0,558.6309814,13038.40039,16492.40039,7,1140.02002,1,2194,82,215,141
B0867,0.2602,63.43489838,20,273,2009,19,5.986979961,53,27,0.346258998,151,1.183220029,16,0.123457,85.0077,45.4406,0.5487,122.4000015,8.991669655,129.4160004,95.91300201,143666000,17.53650093,17.53650093,11.15110016,101.0479965,8.378520012,617.84198,12.20129967,0,1216.060059,10440.2998,17000,31,25635.40039,1,2432,81,205,140
B0868,0.2744,45,29,278,2009,89,5.987269878,42,29,0.218995005,127,0.632456005,-3,0.074074097,85.0505,45.4442,0.6032,134.8000031,9.241669655,128.4940033,85.03220367,143952992,16.67309952,16.67309952,11.15110016,101.0479965,8.378520012,617.84198,12.20129967,0,915.3179932,11000,18248.30078,9,1140.02002,1,2297,80,225,140
B0869,0.2871,191.3099976,20,274,2009,0,5.980939865,53,27,0.394793987,151,1.897369981,0,0.074074097,85.0031,45.4957,0.5016,114.3000031,9.258330345,125.4629974,91.49559784,143382000,17.71190071,17.71190071,11.15110016,101.0479965,8.378520012,617.84198,12.20129967,0,1433.98999,5000,15811.40039,653,160268,1,2059,82,192,140
B0870,0.3251,90,29,278,2009,89,5.98706007,42,29,0.464549989,127,0.447214007,-3,-0.0123457,85.0291,45.3986,0.3563,92.40000153,9.216670036,132.8029938,95.91300201,143764992,19.84189987,19.84189987,11.15110016,101.0479965,8.378520012,617.84198,12.20129967,0,1130.900024,13416.40039,12041.59961,3,25635.40039,1,2111,82,200,141
B0871,0.3537,135,20,276,2009,0,5.987319946,53,27,0.218995005,151,0.774596989,16,-0.0123457,85.0199,45.4108,0.5841,130.1999969,9.108329773,132.0559998,95.91300201,143666000,18.34250069,18.34250069,11.15110016,101.0479965,8.378520012,617.84198,12.20129967,0,587.1339722,12649.09961,14035.7002,8,25635.40039,1,2136,82,198,141
B0872,0.4331,315,20,275,2009,0,5.984710217,53,27,0.109498002,151,0.894427001,16,-0.0123457,85.0097,45.4806,0.5895,94,9.258330345,125.8280029,91.49559784,143382000,20.92959976,20.92959976,11.15110016,101.0479965,8.378520012,617.84198,12.20129967,0,563.0869751,6000,16155.5,487,160268,1,2051,82,191,140
B0873,0.5022,315,29,276,2009,0,5.987130165,42,29,0.328489989,127,0.632456005,16,-0.0123457,85.0276,45.455,0.1604,184.3869934,9.191670418,126.8450012,91.49559784,143382000,18.31279945,18.31279945,11.15110016,101.0479965,8.378520012,617.84198,12.20129967,0,802.3900146,10000,18384.80078,61,25635.40039,1,2094,82,205,140
B0874,0.5695,55.03689957,14,1640,2006,8,0.000701722,54,32,12.36970043,92,15.08640003,2,-0.111111,105.48,34.76,0.5864,472.7999878,9.491669655,535.8699951,663.1569824,147746000,19.62059975,19.62059975,639.9780273,937.2540283,1256.51001,639.9780273,256.8299866,30,105.8349991,3605.550049,13341.7002,0,20450.80078,1,2529,74,228,126
B0875,0.523,354.6340027,14,2446,2006,202,5.79646E-05,54,32,13.80259991,92,16.16790009,16,0,104.46,34.75,0.8207,562.2000122,5.941669941,578.3720093,675.7280273,149699008,19.13680077,19.13680077,437.9379883,818.5709839,1159.420044,437.9379883,171.3560028,20,22.41049957,24186.80078,9486.830078,7,6547.549805,1,3745,73,267,120
B0876,0.3196,73.57460022,21,1776,2006,0,2.5092E-08,50,29,13.69769955,29,19.14679909,0,0.086419798,106.25,34.29,0.866,611.5,8.083330154,771.7310181,714.4940186,149372992,12.92669964,12.92669964,21.2696991,99.59559631,46.33710098,21.2696991,11.87549973,7,147.3390045,21189.59961,4000,1,0,1,3070,65,203,123
B0877,0.6036,348.1109924,21,2083,2006,0,0.362827986,50,29,17.47719955,13,19.21459961,2,-0.098765403,106.61,34.27,0.9163,540.2999878,6.983329773,831.4689941,711.4849854,151804992,11.50259972,11.50259972,93.43640137,495.1279907,211.7810059,93.43640137,62.63740158,6,144.8350067,13000,8062.259766,0,124.8659973,1,3480,63,215,111
B0878,0.6772,144.6889954,29,1613,2006,0,0.00177384,33,38,9.03316021,93,12.86079979,-2,0.123457,105.37,33.71,0.6146,573.2000122,11.33329964,698.0609741,718.1599731,141134000,19.41239929,19.41239929,226.0820007,1039.829956,722.3560181,226.0820007,115.8880005,71,45.78990173,19235.40039,5000,0,15250.59961,1,3940,72,223,124
B0879,0.739,17.78910065,23,1929,2006,5,7.22719E-09,43,34,27.95859909,35,30.92569923,3,-0.234568,104.38,34.05,0.4937,589.4000244,8.958330154,588.6370239,676.8179932,145718000,18.78179932,18.78179932,109.5839996,162.0370026,218.1109924,109.5839996,41.21319962,50,26.93059921,4242.640137,2000,1085,18643.59961,1,3330,75,240,127
B0880,0.8942,17.80760002,22,2299,2006,0,3.63821E-07,49,29,35.09109879,13,42.44760132,16,0.086419798,104.59,33.76,0.7872,511.6000061,5.916669846,645.3410034,658.5889893,140399008,13.89529991,13.89529991,59.27349854,105.3759995,119.9430008,59.27349854,23.41860008,26,18.68040085,4000,5000,1,2657.219971,1,4496,66,235,121
B0881,1.0805,322.7999878,12,1784,2006,0,0.0991624,62,26,8.015299797,121,8.977749825,16,-0.037037,105.22,33.96,0.6267,517.0999756,8.966670036,684.3109741,659.1489868,139742000,19.5855999,19.5855999,304.7579956,277.7569885,670.0830078,304.7579956,111.927002,160,50.12960052,21470.90039,5385.169922,2,39020.30078,1,3526,73,221,124
B0882,0.5326,125.3270035,36,523,2009,114,4.53269E-06,39,25,18.83989906,219,27.13299942,-3,0.098765403,109.28,28.32,0.7769,744.0999756,16.54170036,1154.599976,825.7579956,120967000,21.10829926,21.10829926,493.4689941,658.0360107,1168.630005,16503.5,202.298996,26,344.9140015,21000,18384.80078,0,12465.7002,1,3797,62,202,121
B0883,0.7552,178.9579926,11,648,2009,84,0.0214589,69,20,4.251349926,119,6.678319931,0,-0.098765403,109.34,28.45,0.7508,697.0999756,16.89170074,1136.859985,818.7420044,121742000,21.49690056,21.49690056,417.3359985,830.7969971,1033.5,16614.80078,209.3999939,14,512.7230225,29529.59961,8602.330078,206,14857.40039,1,3533,62,191,120
B0884,1.0308,166.0500031,45,275,2009,0,5.55815E-06,20,35,12.33139992,104,13.22879982,16,-0.061728399,109.37,28.59,0.7802,571.9000244,17.99169922,1083.290039,810.1290283,121336000,24.86730003,24.86730003,417.3359985,830.7969971,1033.5,16614.80078,209.3999939,531,397.9079895,34000,4472.140137,570,48796.80078,1,3588,63,202,124
B0885,1.5811,225,29,13,2008,8,4.8551898,33,38,0.218995005,176,1.414209962,1,0.283951014,119.833,30.333,0.8712,572.5040283,16.58329964,1487.099976,946.6879883,144556000,21.53829956,21.53829956,264.2839966,7387,1364.810059,49644.80078,296.5910034,39,4706.950195,6708.200195,5000,582,132750,1,2125,61,162,118
B0893,0.7488,90,22,444,2004,0,0.824856997,51,27,7.848070145,112,13.98569965,-1,0.296296,105.04,31.06,0.7017,445.8999939,17.19169998,878.7379761,881.585022,126776000,21.91810036,21.91810036,1846.540039,1370.709961,5430.390137,50641.39844,563.2329712,197,260.131012,44011.39844,2236.070068,629,52339.69922,1,2723,75,265,130
B0898,0.6616,304.2609863,36,97,2011,17,7.702539921,39,25,6.436870098,219,7.987490177,16,-0.024691399,112.92,27.98,0.8573,768.5999756,17.875,1060,1018.669983,147148000,22.71430016,22.71430016,6407.72998,51892.30078,6992.97998,521861,5536.950195,21,1766.920044,1000,1414.209961,607,454652,1,1999,58,210,127
B0899,0.665,198.4349976,27,508,2007,0,6.397019863,24,49,0.244843006,140,1.732049942,16,0.086419798,87.8711,47.3608,0.5683,186.8000031,6.833330154,183.5910034,152.5529938,145634000,15.65670013,15.65670013,59.8769989,623.1680298,510.3420105,4115.189941,34.07089996,9,33.82009888,8246.209961,5830.950195,1037,19287.40039,1,2109,81,213,138
B0900,1.2205,-1,22,478,2007,40,6.985680103,36,42,0,230,0,1,0.086419798,87.5708,47.3911,0.0663,162.4109955,6.683330059,187.4929962,380.0870056,148066000,9.069720268,9.069720268,2.464020014,23.85580063,21.50629997,187.5630035,1.77947998,0,5.629680157,10198,22847.30078,1,636.5770264,1,1886.410034,82.11039734,182.5169983,137.25
B0901,1.2789,45,27,521,2007,0,6.27271986,24,49,1.423179984,140,3.255759954,16,0.086419798,87.8792,47.3561,0.6771,227.1000061,6.816669941,183.5910034,152.5529938,145634000,15.66279984,15.66279984,59.8769989,623.1680298,510.3420105,4115.189941,34.07089996,44,25.50259972,8062.259766,5385.169922,527,19287.40039,1,2166,81,224,137
B0902,1.3807,161.5650024,22,478,2007,40,5.95235014,46,32,0.979283988,152,1.095450044,1,-0.024691399,87.29,47.5578,0.5799,279.7000122,6.824999809,204.0209961,142.7100067,140183008,16.50849915,16.50849915,18.57189941,86.47380066,173.2019958,886.8640137,9.531959534,6,15.61600018,35805,48836.5,0,12205.5,1,2329,81,212,137
B0903,2.0821,263.6600037,27,514,2007,0,6.486770153,24,49,0.701093972,140,1.414209962,16,-0.024691399,87.8658,47.3542,0.6367,300.2999878,6.849999905,183.9660034,152.5529938,145634000,15.65670013,15.65670013,59.8769989,623.1680298,510.3420105,4115.189941,34.07089996,7,17.06500053,7071.069824,6324.560059,1059,19287.40039,1,1858,82,203,137
B0904,2.3649,257.0050049,27,514,2007,0,6.503389835,24,49,1.032889962,140,2.09762001,16,-0.135802001,87.8594,47.3622,0.432,220.1999969,6.866670132,183.6940002,152.5529938,145634000,15.72780037,15.72780037,59.8769989,623.1680298,510.3420105,4115.189941,34.07089996,23,33.82009888,7280.109863,6708.200195,1037,19287.40039,1,1963,81,210,138
B0905,0.0499,27.89730072,22,294,2009,0,2.886840105,51,27,10.3125,104,11.54990005,16,0.086419798,111.2167,32.75,0.6736,510.3999939,16.33329964,921.3010254,801.7730103,149591008,21.34530067,21.34530067,232.2019958,349.5759888,935.9840088,7052.799805,92.26670074,285,130.1170044,30479.5,26925.80078,5,14027.5,1,1832,70,198,130
B0906,1.0497,113.1989975,29,10,2012,0,3.929939985,33,38,0.589644015,176,1.095450044,0,-0.111111,120.01,30.07,0.6458,527.4000244,16.76670074,1904.849976,924.2550049,138730000,20.9640007,20.9640007,165.1159973,3932.02002,1462.369995,23276.5,138.6529999,75,2591.52002,6403.120117,3162.280029,3161,1618640,1,2719,65,170,118
B0907,1.4572,149.0359955,36,14,2012,27,2.583580017,39,25,0.451462001,219,2.489979982,-2,-0.049382702,119.94,30.08,0.8291,344.8999939,16.88330078,1904.180054,898.6810303,139116000,22.92309952,22.92309952,165.1159973,3932.02002,1462.369995,23276.5,138.6529999,1638,2281.459961,1000,8062.259766,4672,1618640,1,2388,58,163,112
B0908,0.0192,67.61990356,29,133,2011,55,4.237289906,52,19,2.844609976,214,3.521359921,-1,0.0123457,109.58,19.528,0.6107,853.8369751,23.64170074,2414.830078,1056.709961,148580992,32.59830093,32.59830093,193.2070007,373.6099854,947.4589844,5408.680176,56.74580002,1592,4061.860107,2000,5000,4976,14103.5,1,1422,56,132,118
B0909,0.0284,63.43489838,29,27,2011,33,4.100840092,33,38,0.346258998,176,0.632456005,16,-0.172839999,109.6921,19.9226,0.5922,855.8969727,23.72500038,2152.23999,1145.51001,165306000,31.51729965,31.51729965,1.363309979,2.944289923,8.534460068,39.18980026,0.385098994,602,5578.290039,6324.560059,8485.280273,2187,43134.5,1,1303,58,165,112
B0910,0.0327,177.7799988,43,274,2011,0,7.23384E-05,28,29,9.895959854,216,14.51210022,0,0.827160001,109.8426,19.0351,0.8107,852.2999878,23.5333004,2611.419922,1164.910034,142735008,28.06760025,28.06760025,52.60889816,211.8820038,223.2779999,2210.360107,20.87249947,2579,279.1340027,58249.5,5000,2898,18724.09961,1,2113,51,139,118
B0911,0.0379,67.61990356,29,133,2011,55,4.237289906,52,19,2.844609976,214,3.521359921,-1,0.024691399,109.58,19.528,0.6107,853.8369751,23.64170074,2414.830078,1056.709961,148580992,32.59830093,32.59830093,193.2070007,373.6099854,947.4589844,5408.680176,56.74580002,1592,4061.860107,2000,5000,4976,14103.5,1,1422,56,132,118
B0912,0.1338,234.4620056,25,13,2011,8,5.751570225,57,18,0.666019976,215,1.732049942,1,0.0123457,110.4577,19.2589,0.6051,407.5,24.10829926,2311.040039,1136.02002,152571008,30.21299934,30.21299934,264.5690002,488.5450134,1400.540039,7194.509766,74.31629944,597,3104.090088,3162.280029,2000,5354,202710,1,1477,60,182,119.8330002
B0914,0.2503,177.7799988,43,274,2011,0,7.23384E-05,28,29,9.895959854,216,14.51210022,0,0.024691399,109.8426,19.0351,0.8107,852.2999878,23.5333004,2611.419922,1164.910034,142735008,28.06760025,28.06760025,52.60889816,211.8820038,223.2779999,2210.360107,20.87249947,2579,279.1340027,58249.5,5000,2898,18724.09961,1,2113,51,139,118
B0916,0.5386,63.43489838,29,27,2011,33,4.100840092,33,38,0.346258998,176,0.632456005,16,1.209879994,109.6921,19.9226,0.5922,855.8969727,23.72500038,2152.23999,1145.51001,165306000,31.51729965,31.51729965,1.363309979,2.944289923,8.534460068,39.18980026,0.385098994,602,5578.290039,6324.560059,8485.280273,2187,43134.5,1,1303,58,165,112
B0917,0.3596,67.61990356,29,133,2011,55,4.237289906,52,19,2.844609976,214,3.521359921,-1,-0.407406986,109.58,19.528,0.6107,853.8369751,23.64170074,2414.830078,1056.709961,148580992,32.59830093,32.59830093,193.2070007,373.6099854,947.4589844,5408.680176,56.74580002,1592,4061.860107,2000,5000,4976,14103.5,1,1422,56,132,118
B0920,0.6538,234.4620056,25,13,2011,8,5.751570225,57,18,0.666019976,215,1.732049942,1,-0.172839999,110.4577,19.2589,0.6051,407.5,24.10829926,2311.040039,1136.02002,152571008,30.21299934,30.21299934,264.5690002,488.5450134,1400.540039,7194.509766,74.31629944,597,3104.090088,3162.280029,2000,5354,202710,1,1477,60,182,119.8330002
B0922,0.6524,67.61990356,29,133,2011,55,4.237289906,52,19,2.844609976,214,3.521359921,-1,0.345678985,109.58,19.528,0.6107,853.8369751,23.64170074,2414.830078,1056.709961,148580992,32.59830093,32.59830093,193.2070007,373.6099854,947.4589844,5408.680176,56.74580002,1592,4061.860107,2000,5000,4976,14103.5,1,1422,56,132,118
B0924,0.8409,177.7799988,43,274,2011,0,7.23384E-05,28,29,9.895959854,216,14.51210022,0,-0.222222,109.8426,19.0351,0.8107,852.2999878,23.5333004,2611.419922,1164.910034,142735008,28.06760025,28.06760025,52.60889816,211.8820038,223.2779999,2210.360107,20.87249947,2579,279.1340027,58249.5,5000,2898,18724.09961,1,2113,51,139,118
B0935,0.2343,297.7390137,22,1456,2006,0,2.63882E-09,49,29,29.26379967,13,35.81340027,-2,-0.135802001,115.4178,39.9511,0.8348,374.2000122,7.775000095,489.526001,563.8519897,161014000,14.37790012,14.37790012,19.42760086,94.81590271,57.41220093,19.42760086,10.89439964,2,94.18890381,22561,2000,1,2605.719971,1,3121,68,170,117
B0936,0.2581,300.5100098,22,1528,2006,159,3.1144E-10,49,29,27.79039955,13,33.42449951,-1,-0.209876999,115.4186,39.9503,0.8348,374.2000122,7.716670036,489.526001,563.8519897,161014000,13.52320004,13.52320004,19.42760086,94.81590271,57.41220093,19.42760086,10.89439964,2,94.18890381,22561,2000,1,2605.719971,1,3475,67,174,116
B0937,0.1998,187.7279968,19,2137,2006,116,1.82482E-10,54,27,33.15380096,104,37.09180069,0,1.209879994,110.5081,31.5025,0.9098,781,7.074999809,970.6610107,805.4609985,147474000,13.11760044,13.11760044,65.38580322,85.89440155,308.5350037,65.38580322,23.04450035,2,17.70070076,28460.5,38470.80078,15,516.1719971,1,4424,56,225,98
B0941,0.6244,301.92099,31,400,2005,0,0.000658204,36,33,10.99209976,219,15.91230011,0,0.148148,109.8833,27.05,0.8132,600.7000122,16.26670074,1130.780029,768.5999756,125903000,20.03000069,20.03000069,317.7019958,341.6180115,1113.550049,9065.589844,114.2030029,125,64.02940369,12369.2998,14317.7998,2,4528.259766,1,3606,55,191,115
B0942,1.0784,93.36650085,31,435,2005,105,0.0144403,36,33,15.43760014,220,18.13839912,-2,0.197531,109.5,26.8,0.8544,579.0999756,16.44169998,1107.170044,906.7459717,124419000,20.64830017,20.64830017,354.2919922,201.048996,496.151001,10238.7998,130.1470032,40,48.08269882,18027.80078,21000,3,7571.839844,1,3567,56,203,114
B0943,0.2961,73.61049652,29,1173,2010,0,4.906539917,33,38,5.471330166,176,6.164410114,-1,-0.0123457,100.4291,21.9777,0.8437,592.5999756,21.13330078,1276.859985,880.7930298,180156992,26.94120026,26.94120026,155.3209991,566.9799805,787.7319946,6461.009766,67.06719971,20,218.8769989,33241.5,4242.640137,1538,48282.89844,1,1934,57,168,125
B0944,0.3278,100.348999,29,1170,2010,152,1.476979971,33,38,8.977129936,176,12.56980038,-1,2.320990086,100.4287,21.9743,0.8437,731.4000244,21.05830002,1276.859985,880.7930298,180156992,26.64579964,26.64579964,155.3209991,566.9799805,787.7319946,6461.009766,67.06719971,20,250.3670044,33241.5,4242.640137,1538,48282.89844,1,1934,57,168,125
B0945,0.3517,343.8869934,29,1188,2010,58,1.683719993,33,38,3.621850014,176,4.449719906,1,0.679012001,100.4209,21.9737,0.8437,1127,20.95000076,1277.439941,880.7930298,180156992,26.43050003,26.43050003,155.3209991,566.9799805,787.7319946,6461.009766,67.06719971,54,223.6049957,34234.5,5000,1646,48282.89844,1,2052,55,177,122
B0946,0.3572,348.4530029,29,1196,2010,121,4.109129906,33,38,7.309510231,176,8.543999672,16,0.679012001,100.4206,21.9736,0.8437,1127,20.95000076,1277.439941,880.7930298,180156992,26.43050003,26.43050003,155.3209991,566.9799805,787.7319946,6461.009766,67.06719971,54,223.6049957,34234.5,5000,1646,48282.89844,1,2052,55,177,122
B0947,0.458,86.39150238,29,1218,2010,0,0.000136803,33,38,8.547459602,176,9.497369766,16,0.679012001,100.4271,21.9749,0.8437,731.4000244,21.05830002,1276.859985,880.7930298,180156992,26.64579964,26.64579964,155.3209991,566.9799805,787.7319946,6461.009766,67.06719971,20,250.3670044,33241.5,4242.640137,1538,48282.89844,1,1934,57,168,125
B0948,2.5929,237.529007,29,569,2011,0,0.177734002,52,19,6.03470993,214,8.221920013,1,0.679012001,101.2678,21.9232,0.9307,1584.5,22.64170074,1573.780029,1058.599976,156982000,25.6067009,25.6067009,55.51919937,232.8630066,322.9679871,3105.97998,24.27890015,8,90.54789734,14764.7998,1414.209961,1089,4981.77002,1,2301,50,145,121
B0949,2.9246,186.7100067,43,1023,2011,0,1.08846E-06,28,29,13.02429962,216,15.42720032,16,0.679012001,101.4069,21.9292,0.8966,1703.300049,21.04999924,1730.880005,1037.660034,155498000,24.29509926,24.29509926,55.51919937,232.8630066,322.9679871,3105.97998,24.27890015,8,69.6568985,24596.69922,14560.2002,0,4855.290039,1,2726,51,167,114
B0950,3.029,62.43489838,43,1198,2011,0,0.112094,28,29,13.62450027,216,12.85299969,-1,0.679012001,101.6019,21.9232,0.9082,1682.300049,19.41670036,1841.170044,1006.549988,155348000,22.62879944,22.62879944,20.90670013,86.24349976,125.5500031,874.1849976,9.000809669,6,59.19749832,35468.30078,28425.30078,1,1388.75,1,2865,51,201,108
B0951,3.1347,26.22200012,43,1180,2011,0,0.812398016,28,29,5.763179779,216,13.57940006,16,0.407406986,101.66,21.89,0.9126,1684,20.00830078,1856.599976,985.007019,154452000,24.63890076,24.63890076,20.90670013,86.24349976,125.5500031,874.1849976,9.000809669,4,56.39239883,37643.10156,31764.80078,0,1388.75,1,2722,51,181,111
B0952,0.7232,225,36,263,2005,0,5.738520145,39,25,0.656958997,219,1.414209962,16,-0.666666985,116.3,25.55,0.7973,601.5,19.68330002,1816.73999,996.1939697,142000992,25.17079926,25.17079926,586.1209717,476.7730103,1928.640015,13112.59961,170.1170044,408,115.7890015,18788.30078,13601.5,359,10498.5,1,1684,57,153,127
B0954,3.5314,324.4620056,35,832,2006,56,0.978076994,24,41,0.666019976,23,2.236069918,16,2.296299934,128.05,42.36,0.8833,581.2999878,3.650000095,572.7219849,636.3040161,140236000,8.271809578,8.271809578,113.4830017,573.6660156,169.4019928,113.4830017,58.80410004,2,25.69300079,11045.40039,21095,1,4736.049805,1,4058,59,253,116
B0955,3.8524,2.726310015,28,1580,2006,25,0.213942006,43,29,4.871640205,2,5.138090134,16,0.851852,127.98,42.09,0.89,556.0999756,-0.174999997,654.2219849,576.7949829,125326000,3.913189888,3.913189888,7.210289955,49.48550034,15.51350021,7.210289955,4.135179996,1,61.15119934,36000,28160.30078,0,134.0200043,1,5507,54,272,108
B0956,3.957,303.6900024,19,1129,2006,0,0.512459993,54,27,2.232199907,17,2.792850018,-1,-0.604937971,128.09,42.19,0.8669,654.7999878,2.466670036,578.789978,583.2620239,134824000,6.612500191,6.612500191,7.210289955,49.48550034,15.51350021,7.210289955,4.135179996,2,20.76110077,31048.30078,38013.19922,0,6314.220215,1,4516,56,240,103
B0957,1.0496,230.8699951,21,1114,2010,145,0.00109653,50,29,11.61620045,29,13.41639996,16,-0.209876999,112.42,36.63,0.7287,359.2000122,9.425000191,443.5589905,668.1480103,166271008,17.67289925,17.67289925,326.9670105,512.4320068,129.2200012,9100.610352,238.5240021,26,238.4299927,0,40607.89844,293,11228.7998,1,2106,74,185,125
B0958,2.815,340.2009888,28,128,2011,42,0.00560056,36,36,6.14812994,104,8.520560265,16,-0.567901015,118.0667,31.55,0.8389,464.6000061,15.63329983,1125.72998,875.9899902,151880000,20.24720001,20.24720001,510.1270142,4113.629883,1826,23563.80078,238.0839996,1793,597.5739746,5000,1414.209961,663,107214,1,2259,60,160,128
B0960,0.7051,48.46820068,19,442,2006,83,0.0401254,54,27,7.201950073,126,7.169380188,16,0.395062,129.15,46.75,0.8622,498.1000061,2.025000095,631.2639771,507.2219849,133381000,5.370560169,5.370560169,1.363770008,46.27360153,6.704609871,1.363770008,2.20795989,0,202.5939941,18384.80078,50289.19922,0,377.803009,1,6281,62,270,110
B0961,0.7392,276.8999939,19,400,2006,0,6.30993E-05,54,27,12.0632,17,16.29109955,0,-0.753085971,129.02,46.59,0.8905,509.6000061,2.174999952,641.125,574.559021,134428000,6.679999828,6.679999828,7.935050011,76.91390228,47.07030106,7.935050011,5.10281992,0,223.371994,36715.10156,50000,0,28.5102005,1,5548,62,274,107
B0962,0.7911,79.50849915,22,468,2006,5,0.042969801,50,28,6.352039814,131,6.855649948,16,-0.271605015,128.93,46.55,0.903,503.7000122,2.158329964,644.309021,517.8770142,135036992,6.340690136,6.340690136,7.935050011,76.91390228,47.07030106,7.935050011,5.10281992,0,231.6179962,33421.60156,51546.10156,2,28.5102005,1,5977,62,235,110
B0963,0.7945,90.93920135,19,401,2006,0,0.00162411,54,27,4.713009834,17,11.2517004,16,1.962960005,128.99,46.55,0.8992,501.2000122,2.316669941,634.6480103,580.6719971,134491008,7.097780228,7.097780228,7.935050011,76.91390228,47.07030106,7.935050011,5.10281992,0,227.3439941,37802.10156,48466.5,3,28.5102005,1,5780,61,265,110
B0964,0.7952,328.67099,19,636,2006,121,0.000392724,54,27,12.31540012,126,13.18330002,-2,0.086419798,129.01,46.82,0.8849,494.3999939,1.258329988,665.3560181,512.8369751,132945000,5.883749962,5.883749962,1.363770008,46.27360153,6.704609871,1.363770008,2.20795989,0,218.9559937,19105,60539.19922,1,0,1,7358,60,259,107
B0965,0.8986,123.4400024,27,356,2006,0,0.809288979,45,28,4.905640125,126,5.761940002,0,-0.074074097,128.18,46.62,0.9181,667.7999878,2.125,616.9489746,532.4039917,136516992,6.697500229,6.697500229,10.41349983,89.57230377,47.03900146,10.41349983,6.173319817,0,270.1289978,22135.90039,45967.39844,2,2347.840088,1,5959,62,256,110
B0966,0.9163,347.7839966,19,647,2006,0,0.774860024,54,27,7.638800144,17,8.318650246,16,-0.123457,129.15,46.55,0.9054,515,1.541669965,653.8510132,542.5819702,134824992,4.599999905,4.599999905,7.935050011,76.91390228,47.07030106,7.935050011,5.10281992,1,218.0209961,34713.10156,39000,4,73.95290375,1,5978,62,243,107
B0967,1.0316,318.8999939,19,521,2006,0,8.1082E-05,54,27,9.568240166,17,10.76099968,16,-0.074074097,128.98,46.66,0.9051,473.5,2.008330107,645.0109863,521.6630249,133886000,6.243470192,6.243470192,7.935050011,76.91390228,47.07030106,7.935050011,5.10281992,0,220.378006,33600.60156,55009.10156,1,95.36109924,1,5957,63,237,113
B0968,1.0451,214.6549988,27,520,2006,0,0.000149638,45,28,13.75430012,126,14.35270023,16,0.506173015,128.94,46.72,0.9181,724.2999878,1.774999976,644.0689697,512.4500122,133484000,6.206530094,6.206530094,7.935050011,76.91390228,47.07030106,7.935050011,5.10281992,0,216.8990021,29154.80078,60407,27,4.441800117,1,6765,62,254,112
B0969,1.0814,345.0249939,19,641,2006,7,8.4259E-06,54,27,18.77409935,17,20.14450073,2,0.506173015,128.94,46.76,0.9109,494.7999878,1.216670036,660.6259766,538.1939697,132826000,6.119860172,6.119860172,7.935050011,76.91390228,47.07030106,7.935050011,5.10281992,0,216.3480072,23853.69922,62265.60156,0,0,1,6794,62,253,112
B0970,1.1493,178.7610016,19,596,2006,0,7.29986E-09,54,27,26.57040024,17,29.83620071,16,0.506173015,129.21,46.78,0.8951,642.5999756,1.549999952,694.3179932,495.303009,133563000,5.67471981,5.67471981,1.363770008,46.27360153,6.704609871,1.363770008,2.20795989,0,198.6929932,12806.2002,49244.30078,1,377.803009,1,6168,62,258,108
B0971,1.2013,154.4109955,19,805,2006,83,8.94094E-06,54,27,12.01109982,17,15.36229992,0,0.506173015,128.93,46.81,0.9074,489.2000122,0.925000012,669.822998,538.1939697,132168000,5.218190193,5.218190193,1.363770008,46.27360153,6.704609871,1.363770008,2.20795989,0,206.7189941,18027.80078,57245.10156,0,0,1,6320,60,245,108
B0972,1.2045,146.3099976,19,330,2006,0,2.985850096,54,27,1.116520047,17,1.341639996,2,0.506173015,128.94,46.58,0.8992,485.8999939,2.424999952,621.8150024,519.4520264,134552000,7.280419827,7.280419827,7.935050011,76.91390228,47.07030106,7.935050011,5.10281992,1,229.2969971,36069.39844,52924.5,1,28.5102005,1,5888,62,245,111
B0973,1.2179,118.0090027,19,306,2006,0,0.300552011,54,27,8.187490463,17,8.955450058,-1,-0.197531,129.25,46.45,0.9035,711.0999756,2.791670084,600.5700073,549.2589722,135198000,8.537360191,8.537360191,3.612309933,38.83330154,10.40149975,3.612309933,2.423820019,0,61.06470108,31257,26832.80078,1,186.1569977,1,6027,63,269,116
B0974,1.2292,18.43490028,27,237,2006,0,2.884200096,45,28,1.713400006,126,1.897369981,-2,-0.197531,129.17,46.59,0.8975,472,2.549999952,606.3660278,598.0620117,135050000,5.924029827,5.924029827,7.935050011,76.91390228,47.07030106,7.935050011,5.10281992,0,228.5630035,30083.19922,40000,2,73.95290375,1,5731,63,270,114
B0975,1.4945,173.1569977,27,385,2006,99,0.999153972,45,28,1.948799968,17,2,16,-0.197531,129.23,46.71,0.9069,494.5,1.891669989,628.0939941,584.7329712,133011000,6.519579887,6.519579887,7.935050011,76.91390228,47.07030106,7.935050011,5.10281992,0,201.7890015,15811.40039,43011.60156,199,48.62799835,1,6627,62,252,108
B0976,1.5831,315,19,319,2006,0,3.649749994,54,27,0.109498002,17,0.447214007,16,-0.197531,128.95,46.58,0.8906,495.7000122,2.408329964,621.8150024,574.559021,134552000,7.236390114,7.236390114,7.935050011,76.91390228,47.07030106,7.935050011,5.10281992,1,228.2819977,36069.39844,52924.5,1,28.5102005,1,5888,62,245,110
B0977,0.8606,257.9049988,27,788,2011,57,0.101576,41,32,4.42550993,1,4.690420151,16,-0.197531,122.84,52.76,0.8728,530.0999756,-4.033329964,491.0549927,519.9089966,123349000,1.904999971,1.904999971,0.457347989,15.06820011,1.613899946,61.53919983,0.522440016,0,17.69529915,17262.69922,430573,1,121.6660004,1,7889,54,281,97
B0978,1.4369,155.7720032,27,521,2011,0,1.784989953,41,32,3.392230034,1,3.549649954,16,-0.197531,122.53,53.09,0.8846,520.9000244,-3.474999905,437.571991,504.4460144,124331000,2.337219954,2.337219954,0.518563986,4.170650005,2.283469915,25.68530083,0.338459015,0,17.28820038,10000,472141,9,1720.890015,1,8224,58,303,99
B0979,0.5175,322.04599,22,155,2010,0,0.923687994,44,34,9.724989891,111,10.81669998,-1,-0.197531,118.49,32.67,0.7697,484.7999878,15.22500038,1058.170044,934.1829834,151112000,21.29719925,21.29719925,234.2339935,815.71698,1039.180054,7841.75,100.0449982,47,352.394989,30413.80078,10630.09961,1,11657.59961,1,1431,70,183,131
B0980,0.5261,94.96970367,29,78,2010,22,2.627310038,33,38,3.570440054,176,5.422180176,16,-0.197531,118.02,32.29,0.9213,492.5,15.67500019,1141.660034,903.3060303,149476000,20.63739967,20.63739967,218.0820007,699.7670288,665.914978,8066.540039,128.2089996,589,1091.98999,9219.540039,0,2,6002.609863,1,1635,66,171,132
B0981,0.5297,112.4789963,29,55,2010,0,3.533570051,33,38,4.848420143,111,4.538720131,16,-0.197531,118.15,32.48,0.7859,542.2999878,15.55830002,1078.390015,929.8610229,147066000,21.37540054,21.37540054,218.0820007,699.7670288,665.914978,8066.540039,128.2089996,28,223.4019928,5385.169922,9899.5,0,61050.10156,1,1189,69,175,135
B0982,0.5607,220.6009979,12,103,2010,32,0.493609995,62,26,4.275080204,121,5,16,-0.197531,118.05,32.43,0.8058,571,15.55000019,1099.880005,963.4470215,147776992,21.22649956,21.22649956,218.0820007,699.7670288,665.914978,8066.540039,128.2089996,75,1333.459961,4242.640137,13341.7002,298,5581.060059,1,1355,68,193,132
B0983,0.5724,243.4349976,29,37,2010,0,3.940069914,33,38,0.692492008,176,1.095450044,16,-0.197531,118.11,32.09,0.8304,417.1000061,15.98330021,1207.73999,921.4589844,145290000,21.53499985,21.53499985,542.151001,3576.830078,1950.150024,31008.09961,329.6319885,65,414.5820007,7071.069824,4123.109863,335,60669.5,1,1652,66,164,136
B0984,0.5877,87.2736969,12,81,2010,0,8.671819687,62,26,1.62737,176,3.162280083,16,-0.197531,118.07,32.42,0.8101,508.3999939,15.64169979,1095.079956,941.1799927,147412992,21.23889923,21.23889923,218.0820007,699.7670288,665.914978,8066.540039,128.2089996,2072,1043.130005,4472.140137,11180.2998,364,5581.060059,1,1324,68,194,134
B0985,0.6111,274.1849976,28,56,2010,0,3.61026001,37,35,3.179709911,179,4.626009941,16,-0.197531,118.29,32.61,0.7946,521.2999878,15.41670036,1047.569946,919.3040161,148678000,20.18239975,20.18239975,234.2339935,815.71698,1039.180054,7841.75,100.0449982,48,301.0759888,12041.59961,7211.100098,2,51259.60156,1,1153,70,189,133
B0986,0.6125,270,37,46,2010,38,8.892140388,25,38,1.083840013,176,1.183220029,16,-0.197531,118.37,32.49,0.7929,478,15.66670036,1086.319946,901.6459961,147030000,19.6413002,19.6413002,234.2339935,815.71698,1039.180054,7841.75,100.0449982,1437,458.1539917,12041.59961,1000,512,81452.89844,1,1239,69,175,134
B0988,0.7331,312.4549866,26,123,2010,0,0.883764982,33,41,4.92013979,6,6.164410114,1,-0.197531,118.02,32.45,0.8825,517.9000244,15.57499981,1083.48999,963.4470215,147776992,20.5326004,20.5326004,218.0820007,699.7670288,665.914978,8066.540039,128.2089996,13,207.4559937,4472.140137,16763.09961,37,5581.060059,1,1756,66,182,131
B0989,0.7637,53.13010025,29,64,2010,44,8.632909775,33,38,0.77421999,122,1.843909979,-1,-0.197531,118.05,32.29,0.8099,435,15.70829964,1139.98999,903.3060303,149027008,20.43600082,20.43600082,218.0820007,699.7670288,665.914978,8066.540039,128.2089996,241,887.2609863,6708.200195,1000,107,6002.609863,1,1659,67,173,132
B0990,0.7826,264.2890015,37,53,2010,14,8.837329865,25,38,1.555879951,176,1.897369981,16,-0.197531,118.33,32.53,0.7878,459.2000122,15.61670017,1071.930054,904.3720093,147536000,20.0916996,20.0916996,234.2339935,815.71698,1039.180054,7841.75,100.0449982,38,1190.859985,10630.09961,5000,5,9498.570313,1,1196,68,183,134
B0991,0.8096,53.13010025,29,64,2010,44,8.632909775,33,38,0.77421999,122,1.843909979,-1,-0.197531,118.05,32.29,0.8099,435,15.70829964,1139.98999,903.3060303,149027008,20.43600082,20.43600082,218.0820007,699.7670288,665.914978,8066.540039,128.2089996,241,887.2609863,6708.200195,1000,107,6002.609863,1,1659,67,173,132
B0992,0.8312,87.2736969,12,81,2010,0,8.671819687,62,26,1.62737,176,3.162280083,16,1.061730027,118.07,32.42,0.8101,508.3999939,15.64169979,1095.079956,941.1799927,147412992,21.23889923,21.23889923,218.0820007,699.7670288,665.914978,8066.540039,128.2089996,2072,1043.130005,4472.140137,11180.2998,364,5581.060059,1,1324,68,194,134
B0993,0.8591,296.5650024,12,72,2010,9,0.498492002,62,26,1.038669944,121,1.414209962,16,-1.432100058,118.01,32.49,0.7662,418.2000122,15.7166996,1067.189941,932.2139893,147164992,20.98250008,20.98250008,218.0820007,699.7670288,665.914978,8066.540039,128.2089996,27,255.7769928,6708.200195,14560.2002,210,19789.30078,1,1417,68,195,133
B0994,0.8651,192.0950012,12,74,2010,0,2.927560091,62,26,2.216059923,121,3,16,-0.333332986,118.01,32.51,0.7011,464.7999878,15.69999981,1059.050049,932.2139893,146551008,21.62030029,21.62030029,218.0820007,699.7670288,665.914978,8066.540039,128.2089996,38,255.5700073,7810.25,13152.90039,105,19789.30078,1,1349,68,188,133
B0995,0.869,300.677002,26,83,2010,52,2.941900015,33,41,5.296360016,122,8.426150322,-1,-0.271605015,118.03,32.33,0.8042,535.2999878,15.63329983,1130.420044,903.3060303,148622000,20.75,20.75,218.0820007,699.7670288,665.914978,8066.540039,128.2089996,411,881.4450073,5000,3605.550049,246,6002.609863,1,1620,67,183,132
B0996,0.869,46.25450134,22,103,2010,32,0.056557499,44,34,14.67520046,111,15.30360031,16,0.160494,118.25,32.76,0.7565,546.5999756,15.49170017,997.132019,912.6300049,150328000,20.44039917,20.44039917,384.3519897,1248.5,1450.540039,15691.5,177.0079956,4,306.1549988,16970.59961,12041.59961,4,6532.509766,1,1432,71,202,134
B0997,0.8699,26.1753006,15,88,2010,1,0.887341976,51,34,5.076849937,111,8.270429611,3,0.0123457,118.44,32.63,0.7411,524.9000244,15.50829983,1054.680054,920.8690186,149754000,20.63310051,20.63310051,234.2339935,815.71698,1039.180054,7841.75,100.0449982,758,352.0610046,24041.59961,9433.980469,1,11657.59961,1,1447,68,184,128
B0998,0.8707,104.6419983,29,95,2010,35,0.00545263,33,38,8.812680244,104,12.28820038,0,0.098765403,118.12,32.15,0.8843,576.5999756,15.73330021,1198.050049,921.4589844,145850000,20.52400017,20.52400017,542.151001,3576.830078,1950.150024,31008.09961,329.6319885,30,305.9230042,13416.40039,3605.550049,4,14105.90039,1,1789,65,169,134
B0999,0.8766,95.71060181,12,106,2010,0,0.177073002,62,26,1.555879951,111,2.607680082,16,0.098765403,118.27,32.62,0.8423,548.2999878,15.3416996,1048.689941,919.3040161,148678000,20.58329964,20.58329964,234.2339935,815.71698,1039.180054,7841.75,100.0449982,42,221.7230072,11401.7998,6403.120117,10,3431.159912,1,1451,68,180,130
B1000,0.882,274.1849976,28,56,2010,0,3.61026001,37,35,3.179709911,179,4.626009941,16,0,118.29,32.61,0.7946,521.2999878,15.41670036,1047.569946,919.3040161,148678000,20.18239975,20.18239975,234.2339935,815.71698,1039.180054,7841.75,100.0449982,48,301.0759888,12041.59961,7211.100098,2,51259.60156,1,1153,70,189,133
B1001,0.891,312.4549866,26,123,2010,0,0.883764982,33,41,4.92013979,6,6.164410114,1,0,118.02,32.45,0.8825,517.9000244,15.57499981,1083.48999,963.4470215,147776992,20.5326004,20.5326004,218.0820007,699.7670288,665.914978,8066.540039,128.2089996,13,207.4559937,4472.140137,16763.09961,37,5581.060059,1,1756,66,182,131
B1002,1.0081,140.7109985,26,265,2010,75,0.000492393,33,41,3.297679901,104,10.87199974,-1,0,118.17,32.32,0.8698,573.2000122,15.2833004,1134.900024,980.210022,147780000,21.22789955,21.22789955,1058.97998,8140.540039,2848.060059,71919.29688,671.5739746,8,985.2600098,3162.280029,2236.070068,288,7488.330078,1,2025,65,190,131
B1003,0.9606,160.4980011,26,154,2010,0,0.090601698,33,41,7.836140156,6,9.767290115,3,-0.061728399,118.01,32.31,0.8714,497.1000061,15.43330002,1141.47998,903.3060303,148622000,20.5163002,20.5163002,218.0820007,699.7670288,665.914978,8066.540039,128.2089996,10,914.9829712,8062.259766,1414.209961,13,6002.609863,1,1988,65,176,130
B1004,0.9851,26.1753006,15,88,2010,1,0.887341976,51,34,5.076849937,111,8.270429611,3,0.69135797,118.44,32.63,0.7411,524.9000244,15.50829983,1054.680054,920.8690186,149754000,20.63310051,20.63310051,234.2339935,815.71698,1039.180054,7841.75,100.0449982,758,352.0610046,24041.59961,9433.980469,1,11657.59961,1,1447,68,184,128
B1006,1.0948,115.7099991,22,76,2010,25,2.846679926,51,27,2.318949938,112,3,0,-0.111111,117.94,32.31,0.7613,531,15.80830002,1132.02002,958.7390137,147800000,20.97489929,20.97489929,218.0820007,699.7670288,665.914978,8066.540039,128.2089996,37,1097.030029,12041.59961,1414.209961,14,13458.7998,1,1521,67,169,134
B1007,1.189,154.8320007,29,73,2010,0,0.643302023,33,38,7.064479828,104,8.173130035,0,-0.111111,118.09,32.12,0.8121,669.5999756,15.76669979,1203.540039,921.4589844,146707008,21.09900093,21.09900093,526.8519897,1568.359985,2256.659912,19302,239.5319977,2,307.6080017,10440.2998,7615.77002,0,60669.5,1,1984,64,174,134
B1008,1.2479,300.9639893,29,56,2010,0,8.596940041,33,38,0.902867973,176,1.612450004,16,-0.111111,117.91,32.28,0.7467,390.8999939,15.95829964,1136.73999,958.7390137,147935008,20.62610054,20.62610054,526.8519897,1568.359985,2256.659912,19302,239.5319977,18,1101.02002,16401.19922,2236.070068,53,13458.7998,1,1316,66,178,130
B1009,1.3185,288.4349976,28,42,2010,0,8.407509804,36,36,1.224040031,176,2.049390078,-1,-0.666666985,118.14,32.05,0.8169,392.6000061,15.98330021,1221.77002,925.9910278,145290000,20.96579933,20.96579933,542.151001,3576.830078,1950.150024,31008.09961,329.6319885,45,412.5119934,2000,1000,554,60669.5,1,1571,66,168,137
B1010,1.6466,264.2890015,37,53,2010,14,8.837329865,25,38,1.555879951,176,1.897369981,16,0.0123457,118.33,32.53,0.7878,459.2000122,15.61670017,1071.930054,904.3720093,147536000,20.0916996,20.0916996,234.2339935,815.71698,1039.180054,7841.75,100.0449982,38,1190.859985,10630.09961,5000,5,9498.570313,1,1196,68,183,134
B1011,1.8954,270,37,46,2010,38,8.892140388,25,38,1.083840013,176,1.183220029,16,0.037037,118.37,32.49,0.7929,478,15.66670036,1086.319946,901.6459961,147030000,19.6413002,19.6413002,234.2339935,815.71698,1039.180054,7841.75,100.0449982,1437,458.1539917,12041.59961,1000,512,81452.89844,1,1239,69,175,134
B1012,0.0123,289.3980103,14,1052,2010,49,0.000349329,54,32,11.4993,92,16.06240082,16,0.432099015,107.0683,34.5844,0.7624,552.7999878,12.0333004,704.0479736,745.5999756,148323008,19.56570053,19.56570053,458.1870117,2809.120117,1450.170044,18264.69922,212.0540009,30,691.1090088,7211.100098,9055.379883,2,11671.90039,1,1660,74,181,126
B1013,0.6345,274.993988,14,1254,2011,0,2.47262E-05,54,32,7.953849792,92,12.5618,1,-0.086419798,107.21,34.84,0.8836,631.2999878,9.758330345,828.5620117,644.4119873,152840000,16.41640091,16.41640091,128.1210022,258.1730042,526.6550293,4064.97998,50.5265007,28,168.072998,17464.30078,18601.09961,2,1305.310059,1,2347,72,189,124
B1014,0.5721,79.21569824,16,501,2011,0,6.41664E-12,56,28,36.91030121,97,46.76959991,-2,-0.086419798,112.6435,35.2168,0.8086,259.8999939,13.5916996,755.6489868,629.0479736,159728992,16.2140007,16.2140007,948.4069824,45888.10156,4342.899902,100174,842.0960083,17,1338.819946,0,6403.120117,545,64340.69922,1,2611,69,190,124
B1020,1.1026,253.1239929,19,412,2006,0,0.0210621,54,27,7.163539886,17,10.06980038,1,0.024691399,128.8833,47.1667,0.8795,506.7000122,1.658329964,638.7290039,509.427002,131570000,4.950560093,4.950560093,3.943089962,34.97380066,37.78919983,3.943089962,3.240400076,0,26.09149933,17262.69922,35902.60156,1,301.2890015,1,5657,59,268,108
B1021,2.0354,253.1239929,19,412,2006,0,0.0210621,54,27,7.163539886,17,10.06980038,1,0.123457,128.8833,47.1667,0.8795,506.7000122,1.658329964,638.7290039,509.427002,131570000,4.950560093,4.950560093,3.943089962,34.97380066,37.78919983,3.943089962,3.240400076,0,26.09149933,17262.69922,35902.60156,1,301.2890015,1,5657,59,268,108
B1024,1.2421,188.8809967,16,1070,2012,144,0.00459395,56,28,14.71409988,97,17.68050003,16,0.0123457,109.38,36.75,0.732,367.2000122,10.42500019,526.3400269,629.190979,164440992,17.61790085,17.61790085,432.6300049,2847.26001,916.4420166,24257,290.8599854,391,182.3240051,16401.19922,0,511,16359.40039,1,1543,83,174,128
B1025,0.0847,149.5,21,1328,2012,120,0.00204696,47,32,12.89729977,30,14.41530037,16,0.0123457,108.89,35.62,0.8951,627.7999878,9.050000191,524.9420166,710.8189697,164908992,14.29100037,14.29100037,26.92900085,157.9689941,42.64080048,1337.23999,19.34889984,10,319.4689941,5099.02002,19723.09961,1,17.56739998,1,2403,76,167,120
B1026,0.4296,106.2320023,14,1111,2012,0,5.1271E-05,54,32,6.344610214,92,14.64920044,16,0.0123457,109.54,35.89,0.8522,476.2000122,10.05830002,502.4530029,676.5360107,163216992,16.17320061,16.17320061,179.654007,398.9259949,449.1919861,5870.939941,117.6800003,10,940.0369873,14000,5000,15,3283.5,1,1998,79,176,128
B1027,0.7165,325.6199951,16,1024,2012,0,2.974129915,56,28,1.781919956,97,1.897369981,16,-0.123457,109.24,36.38,0.6762,397.2999878,10.18330002,507.9660034,686.8779907,165743008,18.02420044,18.02420044,118.5149994,654.3670044,406.7359924,5909.72998,69.92669678,7,91.24449921,11401.7998,3162.280029,0,1684.209961,1,1786,82,200,133
B1028,0.649,187.3600006,12,1366,2008-2010,79,2.0934E-08,70,18,33.18619919,16,39.53990173,16,0.061728399,111.92,33.48,0.9099,498,11.81663354,1002.190979,829.9843343,153172997.3,16.40509987,16.40509987,22.25006739,321.4013367,99.81539917,1960.48999,19.83123334,7,308.6679993,37215.60156,20248.5,0.666666667,1023.761312,1,3396,59,183,122
B1029,0.3146,246.8009949,26,52,2012,45,5.947189808,36,38,0.589644015,177,1.843909979,16,0.024691399,114.9667,31.1833,0.7294,522.2000122,16.89170074,1121.890015,965.4650269,144772992,22.37280083,22.37280083,1048.459961,11267.7998,3752.98999,40642.69922,443.2839966,118,475.9599915,0,1000,2142,20145,1,1704,62,207,128
B1031,0.1766,45,26,1877,2012,0,3.359100103,36,38,0.218995005,178,2.720289946,-2,-0.0123457,101.2333,25.5,0.8379,638.5999756,16.625,688.6140137,768.3389893,185736000,26.64220047,26.64220047,298.2669983,1013.159973,1200.52002,13394.2002,134.3820038,96,299.5209961,21260.30078,1000,847,5368.419922,1,2257,68,185,125
B1033,0.2844,307.875,25,1578,2012,132,9.03378E-05,45,30,4.40530014,224,10.89949989,0,-0.0123457,105.3,27.3167,0.8443,501.6000061,13.56669998,1142.75,678.7199707,108886000,22.20569992,22.20569992,7188.910156,21128.30078,3185.02002,382448,5643.870117,857,1021.960022,1000,1414.209961,3464,53759.39844,1,3007,59,204,122
B1034,0.3371,259.6239929,25,441,2012,96,1.91035E-05,45,30,11.0387001,224,13.86359978,-1,-0.0123457,105.9167,29.3833,0.8035,408.5,18.02499962,1174.22998,812.5939941,114257000,23.77079964,23.77079964,1460.900024,19709.09961,7664.959961,101203,943.039978,47,2131.209961,1000,2000,4493,41606.60156,1,2617,57,276,126
B1035,0.4102,250.6990051,36,917,2012,0,0.00344469,39,25,18.74430084,219,24.1909008,16,-0.0123457,103.45,28.2167,0.8566,570,14.75,1017.570007,661.0289917,117531000,22.82830048,22.82830048,67.07330322,98.42949677,303.7890015,1894.800049,21.63820076,96,117.572998,53338.5,53338.5,11,11101.7002,1,4148,58,244,128
B1037,0.5387,307.875,25,1578,2012,132,9.03378E-05,45,30,4.40530014,224,10.89949989,0,-0.0123457,105.3,27.3167,0.8443,501.6000061,13.56669998,1142.75,678.7199707,108886000,22.20569992,22.20569992,7188.910156,21128.30078,3185.02002,382448,5643.870117,857,1021.960022,1000,1414.209961,3464,53759.39844,1,3007,59,204,122
B1038,0.6012,124.9919968,22,337,2012,0,1.20596E-07,51,27,19.94569969,112,22.20809937,0,-0.0123457,108.4333,30.7833,0.6991,557.4000244,17.5,1083.599976,791.8619995,123236000,22.82500076,22.82500076,620.3029785,2468.610107,1608.900024,26773.40039,290.2090149,128,3286.77002,0,3000,4594,29407.90039,1,3147,63,201,127
B1042,0.583,318.2399902,14,1283,2011,151,0.233367994,54,32,5.792860031,92,6.260990143,-1,-0.024691399,113.5878,37.3293,0.5395,344.2999878,8.216670036,647.5289917,651.7689819,163316000,17.15649986,17.15649986,307.5599976,2024.27002,372.8609924,21584.09961,213.4069977,331,222.8159943,1000,1414.209961,2287,621020,1,1766,76,223,126
B1043,0.823,40.7635994,9,590,2011,0,0.0214427,76,15,2.961899996,92,5.916079998,16,-0.098765403,111.78,36.27,0.6508,358.7000122,12.07499981,592.5139771,444.7130127,160755008,19.9715004,19.9715004,498.3399963,2106.840088,382.2579956,24259.30078,360.5409851,22,778.0100098,3162.280029,4000,899,42871,1,1291,81,235,130
B1044,1.381,100.3590012,14,1491,2011,163,0.859658003,59,27,14.33329964,96,15.72259998,16,0.086419798,112.28,36.89,0.8683,501.6000061,7.008329868,656.0670166,685.8499756,166027008,13.69349957,13.69349957,100.973999,312.5859985,47.39009857,3500.02002,76.09799957,1,173.9400024,29000,24000,727,1247.75,1,3676,67,205,116
B1045,0.5601,135,22,668,2011,112,2.728060007,47,31,0.547473013,142,0.774596989,16,0.0123457,118.77,41.22,0.8077,425.8999939,7.275000095,454.2789917,567.882019,160119008,16.93670082,16.93670082,151.2940063,1086.02002,399.6130066,6152.060059,79.25640106,130,397.144989,19697.69922,28653.09961,502,13571.90039,1,1236,79,185,138
B1048,0.983,150.9450073,22,60,2010,0,7.849090099,47,31,0.797106028,142,2.323790073,1,-0.061728399,114.15,33.43,0.5954,456.8999939,15.58329964,835.2059937,785.7000122,150216992,22.14150047,22.14150047,1054.98999,18075.59961,7297.700195,95453.79688,855.7609863,476,890.1539917,10000,5099.02002,246,31859.40039,1,1207,75,196,130
B1049,1.858,121.1110001,14,3908,2012,0,8.06908E-10,44,42,28.43029976,199,30.71479988,16,0.086419798,101.89,30.34,0.8658,374.5,3.075000048,1240.829956,526.7390137,146772000,13.35599995,13.35599995,3.284490108,26.49959946,18.68540001,202.6549988,1.652519941,2,32.02809906,109895,32695.59961,14,257.7319946,1,6826,60,283,104
B1050,2.5622,163.8670044,27,2145,2012,115,1.40713E-10,40,33,34.24959946,7,43.51319885,16,0.037037,102.45,29.34,0.9097,934.7999878,12.58329964,1270.949951,633.6630249,121541000,14.42430019,14.42430019,352.8190002,981.0889893,1546.410034,13905,125.2269974,6,174.4219971,38626.39844,8485.280273,6,66131.89844,1,5307,55,270,113
B1051,1.9032,323.1799927,14,1313,2008,0,8.49303E-09,54,32,17.16690063,92,21.23209953,16,0.0123457,108.24,35.45,0.823,471.8999939,9.475000381,536.3129883,581.9290161,155470000,18.20870018,18.20870018,344.5119934,549.4180298,589.7399902,11058.7998,131.1139984,20,98.87979889,13453.59961,1414.209961,225,18841.59961,1,2019,82,224,124
B1052,1.8174,126.8700027,14,1519,2008,0,2.92943E-06,54,32,19.35899925,92,23.20339966,16,0.0123457,108.27,36.49,0.5437,287.3999939,8.558329582,459.9419861,575.367981,161154000,19.41959953,19.41959953,81.11689758,280.6640015,233.923996,3606.169922,46.88949966,11,101.1200027,59464.30078,46615.39844,9,8574.450195,1,2316,82,224,126
B1053,0.92,147.2510071,14,1277,2008,163,0.000374735,54,32,18.89279938,92,24.42539978,-3,0.0123457,108.85,35.85,0.8247,458.1000061,9.300000191,525.3300171,685.1409912,166992000,16.43400002,16.43400002,23.73089981,28.38890076,52.93370056,547.1790161,7.588540077,9,54.18349838,22825.40039,17000,23,262.7219849,1,2429,75,168,123
B1054,1.9072,240.3569946,14,1484,2008,155,3.69415E-05,54,32,15.71790028,92,16.37680054,-1,0.0123457,109.01,36.25,0.849,571.4000244,8.533329964,517.8079834,614.7000122,171106000,16.0951004,16.0951004,27.16040039,40.88750076,60.00400162,656.6099854,8.551250458,3,90.80860138,26925.80078,14035.7002,1,254.4309998,1,2432,75,201,125
B1055,0.5045,22.75099945,27,3211,2011,47,1.54342E-08,40,33,30.56360054,17,35.07419968,1,0.0123457,97.3667,28.6,0.9605,544.7999878,8.158329964,784.8250122,412.2319946,125860000,9.738189697,9.738189697,1.194020033,33.84740067,13.63599968,101.3529968,0.994400978,1,1.400079966,231398,238321,0,100.6460037,1,5359,58,221,106
B1056,0.9725,1.789909959,27,2148,2011,0,5.39377E-11,40,33,34.69210052,7,39.80699921,16,0.061728399,97.15,28.5833,0.8882,687.7000122,11.43330002,754.6560059,417.7340088,127344000,15.64400005,15.64400005,1.194020033,33.84740067,13.63599968,101.3529968,0.994400978,3,1.321859956,249514,256096,0,316.1119995,1,6343,58,182,108
B1057,0.991,49.96969986,27,2241,2011,0,0.402601004,40,33,2.526319981,7,2.569050074,-1,0,97.3833,28.6167,0.8599,297.6000061,11.08329964,769.5269775,412.2319946,125860000,15.26430035,15.26430035,1.194020033,33.84740067,13.63599968,101.3529968,0.994400978,8,1.41553998,231193,238202,0,100.6460037,1,4283,59,218,112
B1058,1.6043,157.576004,27,3017,2011,194,2.22045E-16,40,33,30.0041008,7,109.0090027,-1,0.061728399,97.35,28.6167,0.9067,601,9.125,769.4979858,426.9500122,126384000,13.45930004,13.45930004,1.194020033,33.84740067,13.63599968,101.3529968,0.994400978,4,1.392799973,233985,240950,0,100.6460037,1,5505,59,218,108
B1059,1.0235,91.72409821,36,153,2006,53,6.35325E-06,39,25,22.01040077,219,28.54120064,16,0.074074097,118.3709,27.0507,0.8205,669.4000244,19.85829926,2160.699951,980.210022,145902000,23.63080025,23.63080025,608.6530151,677.2750244,1628.910034,608.6530151,192.0670013,39,152.4490051,7211.100098,0,480,11285.59961,1,1950,54,139,126
B1061,1.1948,259.9920044,22,399,2010,97,0.000935116,49,29,13.1310997,13,19.81920052,16,-0.049382702,124.89,42.43,0.9133,456.8999939,5.366670132,694.7730103,660.3339844,126098000,9.094309807,9.094309807,109.3199997,392.9960022,332.9890137,3927.709961,46.8207016,0,191.8809967,28442.90039,30413.80078,4,1799.660034,1,2840,63,243,126
B1062,1.4457,260.1809998,22,419,2010,0,0.00748454,49,29,8.117349625,13,11.94149971,-1,-0.024691399,124.85,42.58,0.8804,465,5.308330059,699.6640015,661.5540161,126846000,11.01189995,11.01189995,109.3199997,392.9960022,332.9890137,3927.709961,46.8207016,28,195.5090027,19416.5,17204.69922,5,3029.110107,1,2769,64,264,124
B1063,1.9467,196.8820038,22,508,2010,0,8.49294E-06,49,29,15.84679985,13,19.42679977,16,-0.024691399,125.12,42.41,0.9196,721.7999878,4.775000095,784.7709961,561.0120239,128659000,8.800829887,8.800829887,307.6700134,1151.410034,1042.439941,12111.59961,129.1060028,1,206.3450012,13601.5,17204.69922,2,1837.329956,1,3151,62,267,119
B1065,0.5741,147.3390045,21,347,2010,96,0.311874986,50,29,7.1364398,29,8.774959564,-2,-0.024691399,116.91,40.68,0.8348,312.7999878,9.791669846,581.8720093,525.5499878,158176992,15.23139954,15.23139954,539.2969971,788.507019,942.2050171,26117.80078,297.5700073,11,443.5700073,12727.90039,23259.40039,61,873.039978,1,2289,73,174,127
B1074,1.58,12.33300018,22,494,2001,0,1.22362E-06,51,27,21.10330009,112,26.50659943,0,-0.024691399,117.87,26.24,0.8424,748.4000244,19.17499924,1962.98999,917.5310059,143607008,22.24360085,22.24360085,524.947998,288.7820129,1283.589966,9059.900391,127.9059982,6,145.4290009,12727.90039,13416.40039,0,5571.02002,1,2421,53,145,122
B1075,2.94,355.4179993,36,375,2001,0,0.000221676,39,25,21.26009941,219,24.47450066,-1,-0.024691399,118.02,26.55,0.761,626.9000244,19.43330002,1906.780029,939.2219849,144314000,21.50279999,21.50279999,240.8190002,383.0559998,1043.02002,5150.279785,67.72350311,11,249.5690002,2828.429932,4123.109863,453,8343.259766,1,2251,53,162,124
B1076,0.8796,243.4349976,21,753,2005,0,4.548659801,50,29,0.346258998,29,1.341639996,16,-0.024691399,111.77,37.21,0.4327,181.6000061,11.27499962,417.8450012,513.085022,165664000,20.87109947,20.87109947,1244.650024,3762.909912,1217.890015,54405.69922,1023.76001,1387,105.4850006,7000,1000,2134,199861,1,1090,80,237,134
B1077,0.9286,352.6940002,21,857,2005,73,0.129598007,50,29,3.041500092,29,6.131879807,16,-0.024691399,111.67,37.08,0.6557,266.2000122,10.7833004,454.9710083,543.5709839,169820992,19.25860023,19.25860023,1244.650024,3762.909912,1217.890015,54405.69922,1023.76001,13,87.83950043,2828.429932,16124.5,1167,103261,1,1655,80,212,126
B1078,1.0149,207.9400024,21,1639,2005,0,9.63846E-05,50,29,20.6977005,92,23.17329979,16,-0.024691399,111.24,37.02,0.8507,331.7999878,6.991670132,554.1279907,647.8670044,174547008,16.25690079,16.25690079,447.3460083,1393.349976,234.3099976,19298.80078,359.5010071,5,100.1520004,21470.90039,41048.80078,6,3937.929932,1,3711,68,199,112
B1079,1.355,273.8789978,21,1510,2005,151,5.28806E-06,50,29,9.080530167,31,11.8828001,16,0.049382702,111.34,37.25,0.8364,391.6000061,7.116670132,490.8980103,667.03302,174727008,15.20359993,15.20359993,421.3720093,1091.530029,228.4720001,12766.7002,351.7730103,71,127.0279999,5000,18384.80078,380,29238.80078,1,2437,73,205,119
B1080,0.4349,60.04639816,14,665,2005,0,0.000977704,54,32,10.42809963,92,12.3774004,16,0.135802001,111.55,36.35,0.2722,174.1999969,12.41670036,503.5100098,584.96698,167412000,21.32390022,21.32390022,2340.97998,19403.69922,2254.699951,113237,1682.089966,76,176.9579926,2236.070068,7211.100098,1853,55722,1,1343,80,256,130
B1081,0.5615,188.1300049,21,847,2005,0,0.049542502,50,29,9.226730347,29,10.82590008,16,-0.92592603,111.75,35.96,0.5095,273.7999878,11.80830002,566.40802,479.5180054,164479008,21.85250092,21.85250092,708.3549805,1167.02002,906.3790283,20400.69922,513.7160034,27,838.0269775,13152.90039,13928.40039,498,16138,1,1449,80,231,131
B1082,1.2512,11.30990028,21,466,2005,90,3.886499882,47,32,0.394793987,30,0.632456005,-1,0.185185,111.51,35.98,0.4553,177.8000031,13.22500038,499.4909973,655.4019775,164256000,21.96249962,21.96249962,2000.599976,6018.850098,2163.52002,96938.20313,1484.160034,164,1087.689941,4000,1000,970,289999,1,1102,80,239,133
B1083,1.42,337.9129944,14,1167,2005,0,7.90014E-07,54,32,21.92539978,92,24.17440033,-2,0.0123457,111.09,36.54,0.6109,321.5,9.616669655,544.7219849,643.5219727,169984000,18.09289932,18.09289932,289.4460144,2184.129883,200.1950073,32153.5,250.0090027,2,13.21020031,5385.169922,8544,2,4237.609863,1,2400,73,218,128
B1084,1.4204,175.4790039,9,812,2005,135,0.00322937,76,15,16.24860001,29,18.29210091,-2,0.0123457,111.68,36.76,0.5911,185,10.82499981,473.9349976,507.5889893,172671008,19.17469978,19.17469978,1284.209961,13610.59961,812.8670044,76555.10156,968.2810059,64,46.2723999,1414.209961,9000,824,67400.20313,1,1487,78,188,124
B1085,0.0498,303.6900024,22,309,2011,81,2.991970062,51,27,0.558314025,104,5.761940002,-1,-0.024691399,111.22,32.75,0.7941,414.6000061,15.8416996,827.28302,727.8410034,152750000,21.35350037,21.35350037,186.121994,410.1849976,957.9890137,6107.370117,80.67070007,483,207.7389984,30479.5,26925.80078,37,8000.609863,1,1832,70,198,130
B1086,1.3043,281.3099976,43,57,2005,16,0.715497971,28,29,3.155210018,216,8.62553978,1,0.0123457,112.9,22.6833,0.7631,569.2000122,22.49169922,1807.439941,1016.890015,143600992,23.94650078,23.94650078,541.822998,26362.59961,3356.600098,80822.89844,594.6129761,44,695.3300171,7071.069824,3162.280029,984,160382,1,2392,52,141,113
B1089,0.122,25.9843998,36,500,2010,0,0.0224234,39,25,19.68670082,219,22.81669998,1,0,109.89,26.89,0.8515,678,16.14999962,1310.939941,759.7509766,126380000,20.34679985,20.34679985,184.2619934,239.0579987,597.2719727,5669.779785,66.97810364,29,127.6709976,14035.7002,12000,3,5105.799805,1,3896,54,197,112
B1090,1.762,345.3659973,36,413,2010,0,6.14136E-07,39,25,26.69309998,219,34.26079941,-2,0.049382702,109.92,26.96,0.8687,699.2000122,16.50830078,1322.599976,775.257019,126737000,20.98760033,20.98760033,184.2619934,239.0579987,597.2719727,5669.779785,66.97810364,34,127.6969986,15000,15132.7002,0,5105.799805,1,3897,55,204,114
B1091,1.96,2.726310015,36,506,2010,0,0.057916399,39,25,11.24790001,219,13.37909985,2,0.074074097,109.82,26.79,0.8539,716.7999878,16.19169998,1291.609985,812.4920044,126616000,21.25320053,21.25320053,184.2619934,239.0579987,597.2719727,5669.779785,66.97810364,29,127.6070023,10440.2998,8000,179,50306.80078,1,3589,54,179,112
B1092,2.602,151.2940063,36,319,2010,0,0.00186804,39,25,7.374209881,219,16.02499962,16,-0.037037,109.95,26.87,0.8112,668.2999878,16.86669922,1278.5,805.1010132,127172000,22.28389931,22.28389931,184.2619934,239.0579987,597.2719727,5669.779785,66.97810364,44,157.6490021,20000,18000,1,5105.799805,1,3850,58,191,119
B1093,1.7594,29.18079948,36,396,2010,9,0.000113301,39,25,13.40680027,219,14.75800037,2,-0.037037,109.95,26.81,0.7907,673.7999878,16.70829964,1291.079956,777.6140137,126809000,22.12269974,22.12269974,111.6989975,296.6990051,434.6759949,4235,45.63899994,39,127.9649963,21000,19000,12,8678.879883,1,3612,57,199,113
B1094,1.9594,120.2559967,36,489,2010,0,0.117467001,39,25,4.294529915,219,5.585700035,16,0.0123457,109.85,26.83,0.7983,680.7999878,16.39170074,1303.949951,812.4920044,126066000,20.75060081,20.75060081,184.2619934,239.0579987,597.2719727,5669.779785,66.97810364,86,132.0980072,12000,10049.90039,0,8678.879883,1,3545,54,186,117
B1095,2.6006,25.9843998,36,500,2010,0,0.0224234,39,25,19.68670082,219,22.81669998,1,-0.123457,109.89,26.89,0.8515,678,16.14999962,1310.939941,759.7509766,126380000,20.34679985,20.34679985,184.2619934,239.0579987,597.2719727,5669.779785,66.97810364,29,127.6709976,14035.7002,12000,3,5105.799805,1,3896,54,197,112
B1096,0.3923,167.0050049,22,36,2004,0,4.629779816,47,31,1.032889962,142,1.095450044,-2,-0.111111,116.2519,39.5306,0.6678,300,13.24170017,569.2529907,613.75,154878000,21.27389908,21.27389908,2486.399902,13149,3547.100098,217185,1666.890015,96,1116.170044,7000,2236.070068,1090,97664.39844,1,1435,77,236,137
B1099,0.5642,11.30990028,11,236,2012,0,6.809289932,53,36,0.78955102,147,0.447214007,1,-0.098765403,121.38,43.42,0.7147,303.7999878,6.650000095,524.7589722,429.7070007,135060992,14.69649982,14.69649982,174.6999969,391.8450012,785.5479736,7181.609863,90.61199951,14,168.8249969,11313.7002,17691.80078,0,2374.070068,1,2975,79,216,136
B1100,0.5794,83.65979767,14,1107,2012,138,0.080718301,54,32,10.40120029,92,14.71049976,-1,-0.024691399,109.3892,35.9812,0.8408,458,10.24170017,500.7059937,678.2680054,164088000,16.12579918,16.12579918,87.43789673,151.4909973,183.3899994,2606.830078,37.04999924,18,77.61849976,0,5830.950195,691,52228.39844,1,2113,82,183,127
B1101,0.6369,14.91030025,14,1053,2012,0,0.000582637,54,32,13.29710007,92,17.88299942,0,-0.024691399,109.3859,35.9844,0.8408,455.1000061,10.4083004,500.7059937,678.2680054,164088000,16.49130058,16.49130058,87.43789673,151.4909973,183.3899994,2606.830078,37.04999924,917,77.61849976,0,5656.850098,993,52228.39844,1,1920,81,181,127
B1102,0.7541,278.881012,14,1100,2012,51,1.03418E-06,54,32,9.930230141,96,12.78279972,1,-0.024691399,109.3826,35.9808,0.8408,438.3999939,10.29170036,500.7059937,678.2680054,164088000,16.49130058,16.49130058,87.43789673,151.4909973,183.3899994,2606.830078,37.04999924,18,77.61849976,0,5830.950195,691,52228.39844,1,2113,82,183,127
B1103,0.7796,343.3389893,14,977,2012,2,0.0452393,54,32,10.9375,92,13.74769974,16,-0.296296,109.3768,35.9784,0.4759,479.3999939,10.50829983,475.7650146,678.2680054,164088000,16.77540016,16.77540016,87.43789673,151.4909973,183.3899994,2606.830078,37.04999924,88,80.19830322,0,6000,948,52228.39844,1,2113,82,183,129
B1104,0.867,278.881012,14,1100,2012,51,1.03418E-06,54,32,9.930230141,96,12.78279972,1,0.0123457,109.3823,35.9809,0.8408,438.3999939,10.29170036,500.7059937,678.2680054,164088000,16.49130058,16.49130058,87.43789673,151.4909973,183.3899994,2606.830078,37.04999924,18,77.61849976,0,5830.950195,691,52228.39844,1,2113,82,183,127
B1105,0.2155,290.6589966,14,1334,2012,150,0.000155791,54,32,23.77289963,92,25.88050079,16,-0.037037,106.5217,33.8959,0.8982,763,10.72500038,797.6290283,780.3980103,137027008,13.29640007,13.29640007,201.0659943,2152.469971,457.5339966,14343.09961,159.2769928,21,370.2000122,2000,3605.550049,660,32776.60156,1,3295,68,197,127
B1106,0.2205,352.6260071,16,1112,2012,0,0.00143562,56,28,13.04230022,97,20.10470009,16,-0.0123457,106.5167,33.9038,0.8892,786.2999878,11.02499962,765.9609985,780.3980103,137052992,15.6637001,15.6637001,201.0659943,2152.469971,457.5339966,14343.09961,159.2769928,6,350.5350037,1000,2236.070068,916,32776.60156,1,2606,70,199,127
B1107,0.2403,42.06430054,16,1161,2012,0,1.14508E-07,56,28,20.4633007,92,22.16749954,16,0.024691399,106.5267,33.9023,0.8962,579.15802,11.30000019,783.9130249,780.3980103,137052992,15.99440002,15.99440002,201.0659943,2152.469971,457.5339966,14343.09961,159.2769928,5,320.9639893,1000,2828.429932,906,32776.60156,1,2950,70,202,127
B1108,0.2436,295.6879883,16,1309,2012,136,1.60266E-06,56,28,13.32929993,92,14.54650021,16,0.037037,106.5215,33.9002,0.8962,771.0999756,11.30000019,783.9130249,780.3980103,137027008,13.29640007,13.29640007,201.0659943,2152.469971,457.5339966,14343.09961,159.2769928,5,370.2000122,1000,2828.429932,916,32776.60156,1,2950,70,202,127
B1109,0.2514,308.2600098,48,1208,2012,159,6.02362E-05,22,30,11.95219994,107,14.9598999,16,0.135802001,107.1184,32.7851,0.9046,510.2000122,12.05000019,1132.27002,727.5629883,120016000,13.96360016,13.96360016,419.0419922,616.8270264,1285.27002,12042.7998,173.4570007,8,395.2260132,36878.19922,16278.7998,1,1162.689941,1,3298,61,206,118
B1110,0.3121,244.5269928,16,1283,2012,151,3.20255E-08,56,28,19.22719955,97,21.11400032,-1,0.135802001,106.5151,33.8959,0.903,783.7000122,10.32499981,791.625,780.3980103,137027008,13.29640007,13.29640007,201.0659943,2152.469971,457.5339966,14343.09961,159.2769928,3,317.2399902,1414.209961,2828.429932,660,32776.60156,1,2982,69,189,124
B1111,0.3132,197.9160004,22,1330,2012,0,9.72487E-06,49,29,10.69659996,13,18.36300087,-1,-0.111111,107.2035,32.7677,0.9284,546.0999756,10.99170017,1108.439941,720.9539795,121706000,12.24330044,12.24330044,419.0419922,616.8270264,1285.27002,12042.7998,173.4570007,1,338.8420105,36796.69922,23086.80078,2,1162.689941,1,4166,60,227,120
B1112,0.1872,302.5799866,26,1650,2012,0,1.68734E-05,33,41,18.19869995,6,19.89970016,0,-0.074074097,107.1839,32.7,0.9368,602.7000122,9.399999619,1230.699951,663.0280151,120057000,12.92500019,12.92500019,419.0419922,616.8270264,1285.27002,12042.7998,173.4570007,0,342.006012,43829.19922,20124.59961,4,3021.25,1,4279,59,227,121
B1113,0.2031,131.6089935,12,1613,2012,0,3.20566E-07,62,26,27.33449936,121,32.67409897,-2,-0.037037,107.0963,32.7548,0.9327,530.5999756,9.774999619,1200.300049,727.5629883,119518000,12.91359997,12.91359997,419.0419922,616.8270264,1285.27002,12042.7998,173.4570007,17,349.9049988,39824.60156,14000,1,10781.09961,1,4450,58,225,114
B1114,0.2141,308.6359863,26,1761,2012,183,1.21692E-08,33,41,26.56349945,6,37.28269958,16,-0.037037,107.2402,32.6868,0.9375,635.7000122,8.741669655,1223.959961,663.0280151,120643000,12.04920006,12.04920006,419.0419922,616.8270264,1285.27002,12042.7998,173.4570007,3,343.9909973,41182.5,24698.19922,3,3021.25,1,4417,57,220,119
B1115,0.9153,156.3179932,22,1454,2006,75,5.63722E-11,49,29,9.548899651,13,36.19120026,16,-0.0123457,104.22,33.15,0.8055,894.2999878,11.25,684.5300293,642.2269897,134854000,17.60750008,17.60750008,16.21439934,53.61869812,40.7478981,16.21439934,6.798789978,3,10.0618,58694.10156,1000,9,16554.40039,1,4722,62,239,120
B1116,0.3237,42.59590149,17,3651,2006,89,3.02492E-09,44,39,26.61770058,17,28.4041996,1,0.123457,103.58,32.46,0.8552,657.9000244,2.208329916,968.8129883,511.9849854,128323000,9.965000153,9.965000153,24.36910057,56.87799835,86.22740173,24.36910057,8.69272995,3,8.76636982,19105,72670.5,4,10560.90039,1,5564,58,289,108
B1117,0.5896,210.4490051,17,4083,2006,0,3.70134E-09,44,39,24.89089966,197,27.08510017,16,0,103.45,33.12,0.7603,360.6000061,-2.158329964,846.815979,468.9760132,118003000,12.33430004,12.33430004,5.51199007,8.510970116,21.86520004,5.51199007,1.78847003,0,6.456820011,96462.39844,67475.89844,1,124.8330002,1,6050,62,283,106
B1118,0.7484,313.5249939,17,3705,2006,0,1.94312E-09,44,39,24.00979996,197,26.90719986,-1,0.024691399,103.68,33.15,0.7005,356.2000122,0.275000006,800.5170288,481.071991,115052000,10.47249985,10.47249985,18.56520081,42.02109909,53.03929901,18.56520081,6.924200058,5,8.015660286,92957,47095.60156,2,366.0920105,1,5663,62,270,101
B1119,1.0994,286.1539917,21,4072,2006,99,2.17493E-12,47,32,39.21450043,193,51.26399994,1,0.0123457,102.99,31.56,0.8543,294.1000061,-1.791669965,1033.300049,451.6549988,132153000,10.99190044,10.99190044,16.85770035,51.35499954,38.75889969,16.85770035,7.464789867,13,11.1427002,73239.29688,3605.550049,40,10531.5,1,6017,54,267,107
B1120,1.3422,179.651001,19,3702,2006,228,3.94567E-07,54,27,23.90539932,197,25.94219971,-1,-0.061728399,103.26,32.15,0.8352,476.8999939,3.608330011,943.8060303,560.0529785,136104000,16.51530075,16.51530075,32.77130127,98.81780243,123.0660019,32.77130127,12.87819958,2,9.430830002,40607.89844,64350.60156,1,578.2009888,1,5717,58,285,107
B1121,1.3842,297.3200073,14,3216,2006,0,2.24931E-13,44,42,32.69509888,199,44.32830048,16,0,103.98,32.75,0.8894,594.5,2.233330011,817.2600098,458.2720032,112615000,9.410559654,9.410559654,14.50710011,35.97769928,48.59759903,14.50710011,5.39083004,1,9.780670166,54083.30078,28160.30078,1,784.1790161,1,5056,60,237,116
B1122,1.5596,27.91690063,17,3649,2006,0,4.71571E-08,44,39,22.2866993,197,27.5753994,16,-0.197531,103.56,33.02,0.8209,386,1.558330059,821.7949829,459.9140015,116790000,12.97939968,12.97939968,18.56520081,42.02109909,53.03929901,18.56520081,6.924200058,1,7.454500198,82710.29688,59135.39844,0,66.30809784,1,6194,63,275,115
B1123,1.9312,133.201004,20,3856,2006,0,3.81936E-07,44,36,20.06220055,149,23.06080055,-1,0.086419798,103.29,32.75,0.8459,375.8999939,1.041669965,869.1680298,532.4370117,127950000,10.72780037,10.72780037,15.44330025,26.06310081,55.49860001,15.44330025,5.133460045,7,7.529550076,61554.89844,88459,0,135.1799927,1,6169,60,268,108
B1124,1.6521,159.5460052,15,1549,2006,0,0.087635003,51,34,14.93980026,8,17.62949944,2,0.086419798,104.19,32.44,0.9005,1294,12.7833004,746.3270264,573.757019,118592000,17.9022007,17.9022007,15.79870033,17.73010063,55.31370163,15.79870033,5.064020157,2,18.99710083,42720,29274.59961,3,377.5320129,1,4691,60,275,124
B1125,1.7714,312.3779907,15,2601,2006,0,4.97513E-12,51,34,36.93769836,17,46.46289825,16,-0.061728399,104.01,31.99,0.8996,753.7000122,7.925000191,937.2349854,619.3400269,128120000,11.57419968,11.57419968,14.47270012,14.97299957,44.47140121,14.47270012,4.521039963,3,21.72680092,26925.80078,56080.30078,0,215.401001,1,5223,54,274,113
B1126,1.155,127.9990005,36,333,2011,0,0.000479482,39,25,12.38020039,219,12.28009987,16,0.0123457,118.1502,29.4585,0.8379,767.2000122,16.11669922,1697.640015,936.8770142,156256000,19.66189957,19.66189957,185.1470032,644.2319946,629.901001,6296.589844,80.12270355,191,237.6529999,8544,2828.429932,0,62345.10156,1,2739,51,166,115
B1127,1.215,257.381012,36,298,2011,31,0.123556003,39,25,15.55430031,219,19.06830025,16,0.037037,118.1533,29.46,0.8379,672.9000244,15.94999981,1696.040039,938.7319946,156256000,19.45499992,19.45499992,185.1470032,644.2319946,629.901001,6296.589844,80.12270355,8,237.6529999,8246.209961,2236.070068,0,62345.10156,1,2739,51,166,115
B1128,1.618,146.4700012,36,339,2011,0,0.127442002,39,25,7.66328001,219,11.81519985,16,0,118.1483,29.4617,0.8776,783.7999878,15.94999981,1697.640015,936.8770142,156084992,19.66189957,19.66189957,185.1470032,644.2319946,629.901001,6296.589844,80.12270355,8,248.5709991,8246.209961,2236.070068,2,62345.10156,1,2462,51,166,115
B1129,1.851,290.8540039,36,395,2011,0,1.3686E-08,39,25,20.02249908,219,25.37719917,16,0.901234984,118.155,29.4617,0.8379,707.4000244,15.80000019,1696.040039,938.7319946,156256000,19.45499992,19.45499992,185.1470032,644.2319946,629.901001,6296.589844,80.12270355,8,254.7859955,8246.209961,2236.070068,0,62345.10156,1,2462,51,166,115
B1130,1.1735,123.9589996,29,526,2007,0,0.892298996,33,38,4.564400196,176,5.039840221,-2,0.049382702,103.49,30.19,0.7533,475.2999878,17.19169998,962.2709961,864.3720093,127163000,24.19790077,24.19790077,798.7080078,2105.23999,5261.100098,33569.80078,318.1789856,222,626.507019,0,1000,1574,11574,1,2889,65,313,124
B1140,0.9372,302.4710083,25,299,2006,0,1.740399957,45,30,1.009420037,224,2,0,-0.024691399,105.3667,29.1333,0.753,330.3999939,18.64170074,918.8850098,971.0880127,133201000,24.2064991,24.2064991,1340.98999,1129.380005,4094.110107,1340.98999,405.0589905,415,519.2509766,0,3605.550049,1194,152589,1,2495,61,266,128
B1143,0.5191,235.7389984,43,41,2010-2011,0,0.0258462,28,29,6.436870098,216,6.603030205,2,-0.024691399,113.3667,23.1833,0.79005,619.7999878,21.93330002,1750.934937,1074.339966,148247000,28.40705013,28.40705013,1457.5,70893.19922,2573.974976,215629,1390.070007,913.5,21862.19922,1000,0,5930,1495185,1,2849,52,141,111
B1145,1.0842,205.0169983,43,43,2010-2011,0,2.910660028,28,29,1.281430006,176,2.828429937,16,-0.246913999,113.5667,23.35,0.889,722.8999939,21.75834942,1794.195007,1072.744995,146842000,25.77645016,25.77645016,352.0740051,2804.880005,1404.344971,26534.2002,240.6710052,5,10441.1499,2828.429932,3000,724,17786.84961,1,2857,50,124,115
B1146,1.2981,8.13010025,29,146,2010-2011,68,0.00368457,33,38,15.48859978,216,20.8470993,-2,-0.024691399,113.4167,23.3,0.86765,1269.950012,21.1708498,1812.02002,1080.335022,146278496,24.25809956,24.25809956,1457.5,70893.19922,2573.974976,215629,1390.070007,880.5,6366.284912,4000,3162.280029,1369.5,97199.19922,1,2915,50,113,116
B1147,1.4439,138.8139954,29,14,2010-2011,27,4.878499985,33,38,1.645660043,176,2.366430044,-2,-0.246913999,112.8833,23.6667,0.8515,547.2999878,21.92500019,1785.029968,1134.705017,142893504,26.55044937,26.55044937,376.8724976,1793.02002,2280.084961,17138.65039,150.8390045,157.5,1747.345032,17029.40039,3605.550049,1769.5,57270.59961,1,2099,59,157,114
B1149,0.5958,277.8450012,31,642,2012,108,0.00138724,36,33,17.06259918,220,20.46949959,-1,-0.074074097,106.0167,24.4667,0.8712,1065.400024,19.60829926,1278.800049,963.973999,131153000,25.41349983,25.41349983,36.22109985,100.2490005,171.9349976,965.8170166,10.78129959,28,56.26179886,0,0,250,7369.509766,1,2292,59,170,120
B1150,0.6278,175.9559937,25,1466,2012,151,9.63631E-05,45,30,15.0152998,104,19.99500084,16,-0.111111,106.4333,24.8333,0.8864,706.2999878,15.23330021,1410.459961,961.1079712,130986000,20.91769981,20.91769981,98.63059998,275.5350037,477.3779907,2987.379883,32.38729858,42,57.40029907,52801.5,18681.5,10,1126.48999,1,3196,58,184,116
B1151,0.5774,171.7180023,25,1122,2012,0,6.96435E-08,45,30,23.34149933,224,30.07990074,1,0.024691399,104.95,24.55,0.9534,991.0999756,17.92499924,1101.599976,806.973999,145188000,24.43000031,24.43000031,91.07969666,96.29429626,339.1560059,2413.899902,30.10070038,14,86.43409729,57428.19922,45099.89844,2,3931.679932,1,2403,56,171,118
B1152,0.514,71.56500244,14,780,2008,96,0.965421975,54,32,3.423749924,92,10.04990005,0,0.074074097,107.1144,34.6206,0.7763,589.0999756,11.91670036,507.868988,683.4180298,157274000,18.12919998,18.12919998,388.5939941,910.5029907,1349.619995,12511.90039,158.9279938,31,273,1414.209961,4000,479,10838,1,1570,77,191,125
B1153,0.3166,73.61049652,14,1013,2008,146,1.59262E-06,54,32,5.471330166,92,7,-2,0.074074097,108.0925,34.7042,0.6986,438,11.75,554.4840088,660.7059937,155859008,20.22529984,20.22529984,754.2490234,1463.420044,2119.51001,20103.59961,257.9169922,113,311.4490051,1000,6000,345,52108.5,1,1619,78,222,127
B1155,1.289,210.3529968,43,216,2008,50,0.00030989,24,33,19.17009926,104,27.54999924,16,-0.098765403,117.6667,30.3167,0.8691,508.3999939,15.72500038,1535.300049,893.6539917,147308992,20.21789932,20.21789932,74.45069885,409.822998,174.8500061,3128.48999,40.27109909,61,432.9330139,22135.90039,17029.40039,0,4084.5,1,2781,58,165,113
B1156,0.3839,273.6010132,29,872,2012,0,0.604786992,33,38,10.95829964,92,13.2816,16,-0.024691399,107.1206,34.6057,0.8546,635.7000122,11.80830002,589.1010132,762.2459717,151435008,16.24370003,16.24370003,479.0559998,4812.140137,1456.869995,21455.90039,239.5549927,39,232.6600037,2828.429932,6000,311,13557.7002,1,1651,76,185,124
B1160,0.3002,289.1789856,21,953,2008,0,0.093603604,50,29,3.765500069,29,4.33589983,-1,0.901234984,115.79,40.69,0.706,346.7999878,7.416669846,589.9219971,572.8900146,160236992,16.09000015,16.09000015,126.7819977,214.5,325.2130127,5205.25,64.65239716,13,60.20429993,13453.59961,5000,18,10595.59961,1,2212,75,191,116
B1161,0.5241,297.5969849,21,672,2008,0,1.68463E-06,50,29,21.92760086,29,22.16749954,16,0.790122986,116.48,40.75,0.8686,448.7999878,9.116669655,598.3380127,610.5250244,162160000,16.53280067,16.53280067,72.36669922,179.5200043,249.4920044,3035.370117,36.8443985,8,265.1080017,24698.19922,49819.69922,3,3939.840088,1,2842,71,185,121
B1162,0.9832,337.8739929,21,726,2008,0,0.0079497,50,29,7.561759949,29,14.27589989,1,0.790122986,115.88,40.32,0.6561,378.7999878,9.949999809,608.3759766,563.5280151,157618000,17.03989983,17.03989983,690.9089966,1562.099976,1357.790039,32448.5,378.8280029,10,434.2539978,2236.070068,3162.280029,501,139913,1,1538,78,198,125
B1163,1.1236,135,21,94,2008,0,0.815823972,50,29,0.766439974,29,0.447214007,16,0.901234984,116.52,40.28,0.796,441.8999939,12.27499962,630.0679932,576.3109741,158376992,18.99920082,18.99920082,1525.290039,5899.629883,1893.609985,91031,893.8740234,38,693.809021,0,3605.550049,1543,145091,1,1213,78,172,128
B1164,1.129,273.7749939,21,639,2008,0,0.000756406,50,29,14.93830013,29,19.09449959,-1,-0.024691399,116.25,40.71,0.859,457.5,8.975000381,607.3369751,555.1469727,162432992,15.40279961,15.40279961,79.14759827,171.3209991,143.348999,4458.240234,44.00439835,9,282.9070129,28160.30078,33541,0,5379.350098,1,2627,71,157,122
B1165,1.1305,69.59010315,12,875,2008,140,1.03136E-05,62,26,7.068640232,121,9.848859787,16,0.790122986,116.41,40.72,0.8246,467.2999878,8.916669846,655.2080078,592.4849854,162348000,15.0788002,15.0788002,72.36669922,179.5200043,249.4920044,3035.370117,36.8443985,2,221.4279938,27313,43416.60156,0,3987.300049,1,2753,70,182,120
B1166,1.1948,7.624189854,22,863,2008,105,0.116495997,49,29,19.1012001,13,19.4885006,16,-0.061728399,116.48,40.53,0.8497,395.5,8.391670227,688.9099731,595.348999,162215008,12.28279972,12.28279972,70.89559937,397.2009888,85.3105011,6733.339844,45.6908989,0,441.6199951,18384.80078,29206.19922,5,1901.569946,1,3329,68,180,117
B1167,1.3912,228.8619995,21,414,2008,0,3.94682E-10,50,29,24.41620064,29,28.21349907,16,-0.024691399,116.53,40.45,0.8534,395,10.80830002,702.2369995,580.4260254,161772000,16.12680054,16.12680054,70.89559937,397.2009888,85.3105011,6733.339844,45.6908989,1,510.2470093,11000,18439.09961,553,32305.19922,1,2527,72,178,124
B1168,2.767,157.0829926,21,739,2008,0,2.00337E-06,50,29,19.84550095,29,22.11790085,0,-0.246913999,116.22,40.38,0.8606,364,10.00829983,665.1849976,575.5250244,162432992,14.40439987,14.40439987,449.4880066,1161.780029,659.5859985,24374.90039,255.9589996,2,235.3099976,2000,10049.90039,724,22996.5,1,2513,70,196,122
B1169,2.2138,135,27,396,2004,9,2.50681E-08,45,28,16.19790077,126,18.43370056,2,-0.074074097,127.5,45.3333,0.8979,488.8999939,4.433330059,552.723999,637.8770142,140196000,8.184860229,8.184860229,147.0180054,1704.969971,449.2669983,9172.5,99.66459656,1,123.1760025,5385.169922,6708.200195,258,8016.259766,1,5770,62,252,110
B1175,2.2136,135,27,396,2009,9,2.50681E-08,45,28,16.19790077,126,18.43370056,2,-0.185185,127.5,45.3333,0.8962,470,3.275000095,591.5789795,606.6810303,135202000,6.903749943,6.903749943,191.0679932,5022.419922,384.3869934,18590,124.822998,0,195.7740021,5385.169922,6708.200195,8,9014.280273,1,5770,62,252,110
B1182,1.3165,328.3919983,14,1439,2011,15,2.874469995,64,22,2.362400055,45,3.464099884,2,-0.160494,117.05,42.35,0.7,410.6000061,1.541669965,380.8699951,470.5400085,154348992,10.12320042,10.12320042,32.2541008,67.02500153,154.298996,1121.040039,17.06189919,16,63.5931015,36878.19922,68884,2,818.6959839,1,2996,74,258,127
B1183,1.4273,270,29,1288,2011,0,4.166250229,42,29,0.154853001,127,1.095450044,16,-0.061728399,116.45,42.09,0.5965,321.6000061,3.341670036,324.8789978,480.0620117,155034000,14.46749973,14.46749973,248.8179932,2105.72998,1120.599976,18457.69922,165.4989929,94,138.647995,1000,61392.19922,34,24984.69922,1,2333,81,193,135
B1184,3.0132,229.3990021,7,1376,2011,0,4.071149826,80,13,1.427379966,101,1.843909979,16,-0.086419798,116.65,42.55,0.5985,318.2000122,1.533329964,326.894989,404.3840027,153088000,11.56260014,11.56260014,19.39299965,25.25130081,92.64890289,640.6519775,10.43060017,6,116.2220001,41048.80078,54037,4,254.022995,1,3062,80,221,134
B1185,0.008,211.7870026,43,953,2002,0,2.14433E-06,24,33,12.72140026,104,44.73699951,-1,-0.074074097,106.78,24.67,0.8625,1056,17.68330002,1620.089966,921.0499878,138010000,23.57320023,23.57320023,170.1210022,102.3639984,317.7650146,3458.800049,41.3830986,7,12.04039955,68249.5,14422.2002,0,5191.410156,1,2608,60,178,120
B1186,0.0109,232.3339996,43,511,2002,96,2.98237E-10,24,33,11.01290035,104,12.82190037,16,-0.061728399,107.08,24.38,0.8493,982.9000244,19.01670074,1635.930054,994.5889893,133013000,24.02420044,24.02420044,204.5769958,117.1719971,408.8659973,4045.550049,48.43970108,139,40.85359955,65053.80078,22561,0,2743.399902,1,2067,61,177,116
B1187,0.0868,124.7559967,36,416,2002,100,1.38506E-05,39,25,9.15678978,219,15.2578001,-1,-0.135802001,107.24,24.79,0.7792,1023.299988,19.4083004,1615.939941,938.117981,128744000,24.48040009,24.48040009,127.3799973,166.7089996,288.803009,4400.040039,39.13330078,54,24.31229973,36796.69922,28425.30078,0,16362.40039,1,1937,60,196,118
B1188,0.2277,191.1519928,31,760,2002,0,8.90632E-08,36,33,21.02090073,176,22.65390015,16,-0.098765403,106.92,24.45,0.7573,846.2000122,18.47500038,1621.079956,993.3280029,135590000,23.65559959,23.65559959,243.8840027,168.401001,480.0270081,5062.47998,59.70629883,52,21.84939957,60033.30078,28000,0,6584.310059,1,2413,61,163,120
B1189,1.8541,315,7,248,2008,9,7.529570103,80,13,0.875914991,101,1.341639996,16,0.024691399,122.35,42.9667,0.6261,302.7999878,8.341670036,474.1210022,498.605011,144566000,16.61499977,16.61499977,48.55730057,140.0200043,324.3049927,1866.52002,24.65579987,49,133.8430023,0,5000,4720,104797,1,1736,78,202,138
B1190,1.9957,275.7109985,29,159,2011,65,2.9333601,33,38,1.555879951,176,2.144759893,16,-0.111111,114.05,31.8167,0.7771,429.1000061,15.60000038,715.7620239,746.7050171,156674000,19.2772007,19.2772007,121.1039963,380.6289978,450.2590027,4515.399902,53.53929901,1877,1015.190002,0,14035.7002,591,31382.90039,1,2083,64,190,127
B1193,0.517,150.9450073,29,-3,2010,0,7.547430038,33,38,0.797106028,176,2.75680995,0,0.703704,113.18,23.08,0.3414,219,22.39999962,2015.810059,1014.340027,138440000,29.56119919,29.56119919,827.0289917,24845.19922,4806.02002,163104,1119.400024,5251,17277.09961,1000,1414.209961,5629,2603980,1,3267,60,196,106
B1194,0.5368,0,15,7,2010,12,7.656879902,58,27,1.083840013,144,4.266149998,0,0.098765403,113.27,22.94,0.6249,933.2639771,22.47500038,2024.829956,1019.530029,143342000,29.09620094,29.09620094,827.0289917,24845.19922,4806.02002,163104,1119.400024,9512,14847.7002,1000,1414.209961,5244,1460580,1,3127,59,161,108
B1196,1.131,336.8009949,29,11,2010,0,7.594130039,33,38,2.357330084,176,2.569050074,16,-0.160494,112.78,22.46,0.6964,460.7999878,22.77499962,2246.110107,1086.02002,139892000,29.36779976,29.36779976,133.1959991,1127.660034,993.4550171,10120.59961,70.27749634,394,2548.929932,15652.5,1414.209961,2261,450863,1,1870,60,184,111
B1197,1.181,26.56509972,29,3,2010,1,3.976629972,33,38,0.692492008,176,2.28034997,16,0.098765403,113.04,22.29,0.7831,561.0999756,22.80830002,2277.169922,1112.73999,151976992,24.55179977,24.55179977,417.3680115,1524.329956,1739.569946,16356.5,146.3209991,11,4323.319824,8944.269531,9219.540039,1808,139455,1,2435,57,165,111
B1199,1.6648,288.4349976,29,-1,2010,0,7.753149986,33,38,0.734493971,176,2.645750046,0,-0.296296,113.64,22.86,0.5693,347.1000061,22.5916996,2000.290039,1161.079956,152292000,29.84939957,29.84939957,1017.690002,53111.5,674.5609741,165405,1004.799988,237,15790.2002,0,1414.209961,5601,408603,1,4068.340088,58.29859924,187.451004,109
B1200,0.4545,145.6199951,21,117,2011,0,2.978499889,50,29,1.781919956,29,2.683279991,0,-0.296296,117.57,40.15,0.7647,354.7999878,10.81669998,708.4370117,616.4099731,161095008,17.78560066,17.78560066,602.6489868,2734.780029,1554.75,33348.30078,337.821991,25,2396.52002,13892.40039,11000,436,14772.5,1,1678,75,188,128
B1201,0.4158,235.7510071,21,218,2011,0,0.000110964,50,29,8.736539841,29,14.04279995,-1,-0.135802001,117.55,40.12,0.8518,248.3000031,10.83329964,712.1010132,616.4099731,161095008,18.31959915,18.31959915,602.6489868,2734.780029,1554.75,33348.30078,337.821991,10,1667.75,10630.09961,11704.7002,691,14772.5,1,1571,74,181,129
B1202,0.4977,145.3049927,21,128,2011,42,2.414340019,50,29,1.224040031,29,1.612450004,16,-0.296296,117.56,40.15,0.7539,369.8999939,10.83329964,723.5349731,616.4099731,161095008,17.45280075,17.45280075,602.6489868,2734.780029,1554.75,33348.30078,337.821991,25,2377.300049,13892.40039,11000,401,14772.5,1,1678,75,188,129
B1205,0.5895,225,21,42,2011,0,2.411119938,50,29,1.642019987,29,1.78884995,-1,0.024691399,117.55,40.1,0.8139,348.2000122,11.22500038,690.4019775,616.4099731,161047008,18.90649986,18.90649986,602.6489868,2734.780029,1554.75,33348.30078,337.821991,74,2533.98999,9219.540039,12530,1343,14772.5,1,1295,76,176,132
B1208,0.7758,-1,23,16,2011,0,4.991260052,43,34,0,230,0,1,-0.160494,117.57,40.05,0.4668,360.8009949,10.91670036,689.0440063,607.0739746,157463008,13.21179962,13.21179962,602.6489868,2734.780029,1554.75,33348.30078,337.821991,0,1566.609985,8062.259766,14000,587,33732.80078,1,1533.949951,76.42960358,162.9750061,127
B1209,0.7866,186.3399963,21,133,2011,55,0.0387723,50,29,3.501280069,29,11.5326004,-1,-0.345678985,117.56,40.13,0.8416,266.1000061,10.875,718.2529907,616.4099731,161095008,17.3362999,17.3362999,602.6489868,2734.780029,1554.75,33348.30078,337.821991,16,1699.280029,12206.59961,11180.2998,500,14772.5,1,1819,73,176,128
B1210,0.8388,324.5740051,12,585,2011,64,1.02991E-06,70,18,17.83419991,16,20.10470009,0,0.246913999,117.56,40.19,0.887,238.1000061,8.975000381,778.565979,584.40802,162262000,13.91469955,13.91469955,602.6489868,2734.780029,1554.75,33348.30078,337.821991,1,652.9780273,18027.80078,13000,0,6485.990234,1,3039,68,184,124
B1211,0.8703,144.4620056,23,22,2011,0,4.905859947,43,34,1.331859946,35,1.612450004,5,0.111111,117.57,40.08,0.7631,344.3999939,11.19169998,689.2999878,616.4099731,159279008,15.29399967,15.29399967,602.6489868,2734.780029,1554.75,33348.30078,337.821991,3578,2206.679932,9848.860352,12041.59961,1527,14772.5,1,1495,76,172,133
B1212,0.8883,250.1329956,12,455,2011,45,0.000364577,70,18,9.703020096,16,22.96520042,16,0.283951014,117.56,40.18,0.8744,285.8999939,9.516670227,759.8549805,584.40802,162262000,14.93430042,14.93430042,602.6489868,2734.780029,1554.75,33348.30078,337.821991,0,1625.670044,17088,12649.09961,65,6485.990234,1,2767,70,183,124
B1214,0.9423,193.6710052,21,30,2011,0,2.501280069,50,29,2.945719957,29,3.741660118,16,-0.037037,117.55,40.09,0.7236,340.2000122,11.26669979,689.0040283,616.4099731,161047008,17.98080063,17.98080063,602.6489868,2734.780029,1554.75,33348.30078,337.821991,463,2605.449951,9433.980469,12206.59961,1501,14772.5,1,1302,76,172,131
B1215,0.9828,235.7510071,21,218,2011,0,0.000110964,50,29,8.736539841,29,14.04279995,-1,-0.740741014,117.55,40.12,0.8518,248.3000031,10.83329964,712.1010132,616.4099731,161095008,18.31959915,18.31959915,602.6489868,2734.780029,1554.75,33348.30078,337.821991,10,1667.75,10630.09961,11704.7002,691,14772.5,1,1571,74,181,129
B1216,0.9972,-1,23,16,2011,0,5.004179955,43,34,0,230,0,1,0.469136,117.57,40.04,0.2577,360.7709961,10.94999981,688.6160278,607.0739746,157463008,12.63010025,12.63010025,602.6489868,2734.780029,1554.75,33348.30078,337.821991,0,1561.97998,7071.069824,13000,538,33732.80078,1,1533.949951,76.42960358,162.9750061,126.5139999
B1218,1.0692,90,21,24,2011,0,4.162230015,50,29,0.77421999,29,1.183220029,16,1.481480002,117.56,40.08,0.7858,371.2000122,11.2166996,689.0869751,616.4099731,159279008,15.27569962,15.27569962,602.6489868,2734.780029,1554.75,33348.30078,337.821991,3578,2586.98999,9848.860352,12041.59961,1448,14772.5,1,1336,76,173,132
B1219,1.116,149.0359955,23,25,2011,0,4.428830147,43,34,0.902867973,35,1.414209962,16,0.024691399,117.55,40.07,0.8147,340.7999878,11.1583004,688.7800293,616.4099731,161047008,14.2972002,14.2972002,602.6489868,2734.780029,1554.75,33348.30078,337.821991,646,1608.25,8246.209961,14142.09961,789,14772.5,1,1530,75,162,133
B1220,1.1223,93.36650085,21,169,2011,0,2.931319952,50,29,2.635200024,29,3.316620111,16,-0.629630029,117.55,40.16,0.7554,381.5,10.60000038,711.5720215,584.40802,162262000,18.27109909,18.27109909,602.6489868,2734.780029,1554.75,33348.30078,337.821991,282,1932,14317.7998,12041.59961,403,14772.5,1,1682,75,185,129
B1221,1.1232,193.6710052,21,30,2011,0,2.501280069,50,29,2.945719957,29,3.741660118,16,-0.234568,117.55,40.09,0.7236,340.2000122,11.26669979,689.0040283,616.4099731,161047008,17.98080063,17.98080063,602.6489868,2734.780029,1554.75,33348.30078,337.821991,463,2605.449951,9433.980469,12206.59961,1501,14772.5,1,1302,76,172,131
B1222,1.1628,131.4790039,21,93,2011,0,0.539407015,50,29,7.094349861,29,6.97137022,16,-0.876542985,117.57,40.12,0.7561,395,11.08329964,710.5980225,616.4099731,161095008,18.44420052,18.44420052,602.6489868,2734.780029,1554.75,33348.30078,337.821991,13,2131.689941,12041.59961,10440.2998,686,14772.5,1,1648,74,181,129
B1225,1.2564,160.677002,21,159,2011,65,0.048347902,50,29,6.292339802,29,9.1978302,16,0.506173015,117.57,40.13,0.8062,269.7999878,10.81669998,709.5750122,616.4099731,161095008,17.85460091,17.85460091,602.6489868,2734.780029,1554.75,33348.30078,337.821991,17,1952.579956,12806.2002,10198,616,14772.5,1,1646,75,186,128
B1226,1.2744,198.0599976,21,200,2011,0,0.0396614,50,29,7.450139999,16,9.402130127,16,-0.086419798,117.57,40.16,0.7001,328,10.38329983,705.7650146,584.40802,162262000,18.42900085,18.42900085,602.6489868,2734.780029,1554.75,33348.30078,337.821991,24,1769.77002,14764.7998,11045.40039,377,14772.5,1,1682,75,185,127
B1227,1.3032,324.5740051,12,585,2011,64,1.02991E-06,70,18,17.83419991,16,20.10470009,0,-0.086419798,117.56,40.19,0.887,238.1000061,8.975000381,778.565979,584.40802,162262000,13.91469955,13.91469955,602.6489868,2734.780029,1554.75,33348.30078,337.821991,1,652.9780273,18027.80078,13000,0,6485.990234,1,3039,68,184,124
B1228,1.3185,-1,23,16,2011,0,4.991260052,43,34,0,230,0,1,-0.086419798,117.57,40.05,0.4668,360.8009949,10.91670036,689.0440063,607.0739746,157463008,13.21179962,13.21179962,602.6489868,2734.780029,1554.75,33348.30078,337.821991,0,1566.609985,8062.259766,14000,587,33732.80078,1,1533.949951,76.42960358,162.9750061,127
B1229,1.3392,104.1579971,12,577,2011,0,6.47593E-12,70,18,31.74900055,16,44.26290131,16,-0.0123457,117.57,40.2,0.8373,255.3999939,9.158329964,750.3549805,584.40802,162262000,13.63249969,13.63249969,602.6489868,2734.780029,1554.75,33348.30078,337.821991,1,196.9850006,18973.69922,13416.40039,0,6485.990234,1,2707,71,187,125
B1230,1.3428,254.7449951,21,57,2011,16,2.690409899,50,29,1.76504004,29,1.949360013,1,0.037037,117.57,40.11,0.7869,361.0429993,11.16670036,697.6129761,616.4099731,161095008,18.99830055,18.99830055,602.6489868,2734.780029,1554.75,33348.30078,337.821991,13,2504,11313.7002,10770.2998,1016,14772.5,1,1318,76,184,131
B1231,1.3518,149.0359955,23,25,2011,0,4.428830147,43,34,0.902867973,35,1.414209962,16,0,117.55,40.07,0.8147,340.7999878,11.1583004,688.7800293,616.4099731,161047008,14.2972002,14.2972002,602.6489868,2734.780029,1554.75,33348.30078,337.821991,646,1608.25,8246.209961,14142.09961,789,14772.5,1,1530,75,162,133
B1232,1.3779,145.3049927,21,128,2011,42,2.414340019,50,29,1.224040031,29,1.612450004,16,-0.135802001,117.56,40.15,0.7539,369.8999939,10.83329964,723.5349731,616.4099731,161095008,17.45280075,17.45280075,602.6489868,2734.780029,1554.75,33348.30078,337.821991,25,2377.300049,13892.40039,11000,401,14772.5,1,1678,75,188,129
B1233,1.4265,50.01309967,12,722,2011,0,4.19225E-11,70,18,6.240550041,16,20.04000092,16,-0.037037,117.57,40.18,0.8833,231.8999939,9.074999809,778.6259766,584.40802,162262000,14.93430042,14.93430042,602.6489868,2734.780029,1554.75,33348.30078,337.821991,2,1100.579956,17464.30078,11704.7002,4,6485.990234,1,3037,68,184,124
B1235,1.4382,198.4349976,21,21,2011,25,3.949350119,50,29,0.244843006,29,1.897369981,16,1.012349963,117.57,40.09,0.4739,324.8999939,11.24170017,689.2509766,616.4099731,159279008,17.63369942,17.63369942,602.6489868,2734.780029,1554.75,33348.30078,337.821991,916,2584.800049,10295.59961,11401.7998,1567,14772.5,1,1342,75,172,132
B1236,1.4877,183.8710022,21,228,2011,79,0.111360997,50,29,10.21179962,16,12.08300018,16,1.012349963,117.56,40.17,0.8421,331.7000122,10.16670036,724.4249878,584.40802,162262000,18.52289963,18.52289963,602.6489868,2734.780029,1554.75,33348.30078,337.821991,7,1624.5,16155.5,12369.2998,341,6485.990234,1,2027,74,181,127
B1238,2,14.09360027,21,2792,2009,158,3.53698E-08,47,32,33.21860123,30,39.2580986,16,1.012349963,104.12,33.03,0.9071,771.7000122,5.108329773,902.6350098,550.4769897,133312000,8.217920303,8.217920303,14.07139969,49.40610123,50.62509918,624.9539795,5.829589844,2,12.53530025,74518.5,16124.5,1,3649.100098,1,5218,57,252,111
B1239,1,332.5050049,17,3912,2009,0,9.62146E-11,44,39,39.33789825,197,57.61249924,0,1.012349963,104.02,32.91,0.7423,120.3000031,-0.258332998,1106.02002,459.3680115,117762000,7.378469944,7.378469944,11.70829964,32.75289917,57.38759995,459.6340027,4.32088995,6,17.54369926,72801.10156,30528.69922,3,655.5280151,1,5139,62,266,104
B1240,1.2,114.9550018,21,4252,2009,0,8.10271E-06,47,32,8.561070442,193,15.58850002,-2,1.012349963,103.97,32.84,0.4877,115,-2.633330107,1142.51001,455.7049866,113655000,7.616809845,7.616809845,11.70829964,32.75289917,57.38759995,459.6340027,4.32088995,7,17.1019001,63063.5,30805.80078,3,545.3889771,1,5105,62,264,104
B1241,1.0269,141.8249969,21,4535,2003-2005,0,9.44101E-09,47,32,26.4965992,193,37.1753006,16,-0.074074097,103.02,31.88,0.690333333,183.7333323,-4.086109956,1147.506673,412.9320068,106032333.3,3.642823378,3.642823378,14.15450001,6.278323332,44.46376673,344.5929972,4.348506769,4,11.65236664,58463.69922,30463.09961,0.666666667,7.165873528,1,5238,60,259,105
B1242,1.1016,6.225830078,8,4867,2003-2005,0,2.5037E-07,80,12,36.78369904,213,42.90219879,0,-0.049382702,102.69,31.57,0.169466667,157.5666707,-6.705556552,1217.329997,406.9863383,129162666.7,1.563943322,1.563943322,27.73153305,37.38573456,62.58073298,954.6640218,10.42868328,0.333333333,8.4122564,96150.89844,11401.7998,0,168.7173309,1,6031,61,288,105
B1243,1.1331,240.7160034,22,3296,2003-2005,0,2.87991E-10,49,29,24.63660049,17,28.96549988,1,0.370370001,102.78,31.72,0.895366667,551.799998,2.588886738,1047.203003,424.769338,119432666.7,11.74120013,11.74120013,27.73153305,37.38573456,62.58073298,954.6640218,10.42868328,4,12.79903316,83486.5,3162.280029,0.333333333,8183.046712,1,5875,59,271,109
B1244,1.611,82.71600342,17,4461,2003-2005,0,6.81588E-10,44,39,10.27009964,17,29.64459991,16,-0.049382702,102.84,31.79,0.858366667,359.1666667,-1.525000016,1099.723348,388.7603353,112596333.3,8.844943206,8.844943206,14.15450001,6.278323332,44.46376673,344.5929972,4.348506769,3,8.268779914,75960.5,12806.2002,1,343.8406677,1,5449,62,265,106
B1245,1.9176,186.3399963,22,506,2010,0,3.562870026,36,42,0.701093972,68,1,2,-0.049382702,87.4167,47.7667,0.8489,260.2000122,4.716670036,313.6390076,237.3329926,123352000,8.807780266,8.807780266,29.10989952,98.39350128,270.321991,1187.23999,14.29870033,15,62.31940079,38013.19922,49040.80078,2,14567.40039,1,2159,81,198,138
B1247,0.7327,24.44400024,4,1164,2010,157,4.451839924,73,23,0.935468018,180,1.483240008,16,-0.049382702,80.5333,41.25,0.5573,246.8000031,11.39999962,196.0679932,168.0429993,158818000,18.9435997,18.9435997,62.06679916,139.3580017,440.8469849,2276.340088,27.85880089,24,64.13059998,3605.550049,12000,2,7685.410156,1,1894,78,171,142
B1248,1.3739,196.7680054,36,628,2011,0,1.77974E-05,39,25,17.91090012,219,19.98500061,16,1.802469969,118.009,27.7947,0.8206,593.7000122,17.10829926,1421.550049,901.2940063,152538000,21.83690071,21.83690071,154.4980011,247.6779938,839.2730103,3674.649902,46.41429901,6,322.4509888,1414.209961,2000,387,15184.59961,1,2991,49,181,118
B1249,1.4745,342.0039978,36,733,2011,0,1.47945E-06,39,25,12.57540035,219,23.1602993,0,0.481480986,118.009,27.8114,0.8969,578,16.9666996,1477.209961,901.2940063,152832000,20.71179962,20.71179962,154.4980011,247.6779938,839.2730103,3674.649902,46.41429901,7,310.0289917,2000,3605.550049,0,15184.59961,1,2409,49,166,119
B1250,2.8838,219.8439941,36,205,2011,0,1.15658E-05,39,25,14.31680012,219,16.95289993,0,1.086420059,117.9471,26.8257,0.7601,457.1000061,19.30830002,1143.050049,954.6149902,151924000,23.06500053,23.06500053,125.0250015,328.8059998,538.5130005,3745.659912,40.45610046,32,321.3959961,3000,7280.109863,288,17125.40039,1,1897,53,179,125
B1251,3.088,23.01329994,25,1141,2011,0,0.365242004,45,30,23.7010994,224,27.0923996,0,0.617284,119.0952,26.9866,0.8584,747.4000244,13.9083004,1580.619995,870.1610107,145992000,20.1718998,20.1718998,196.5399933,440.6220093,598.9359741,5285.689941,62.33179855,39,269.4379883,10295.59961,6708.200195,0,6994.47998,1,3122,53,181,107
B1252,0.6185,264.8059998,26,2426,2010,117,1.984949946,33,41,0.855143011,6,1.341639996,0,-0.358025014,100.7979,27.4285,0.7825,631.2999878,12.97500038,854.8200073,725.5339966,169823008,22.70059967,22.70059967,236.6430054,386.8770142,1870.48999,8476.889648,88.70050049,1868,35.35950089,63702.39844,12206.59961,13,15052.7998,1,3133,64,233,119
B1255,0.6852,338.8389893,26,2282,2010,188,0.610131025,33,41,5.133780003,6,6.511529922,-1,-0.111111,100.6669,27.449,0.8408,774,13.56669998,817.2490234,783.6660156,172292000,23.18959999,23.18959999,236.6430054,386.8770142,1870.48999,8476.889648,88.70050049,15,39.13000107,57008.80078,22472.19922,2,6546.589844,1,3405,67,210,123
B1257,0.757,264.8059998,26,2426,2010,117,1.984949946,33,41,0.855143011,6,1.341639996,0,0.962962985,100.7979,27.4285,0.7825,631.2999878,12.97500038,854.8200073,725.5339966,169823008,22.70059967,22.70059967,236.6430054,386.8770142,1870.48999,8476.889648,88.70050049,1868,35.35950089,63702.39844,12206.59961,13,15052.7998,1,3133,64,233,119
B1258,0.8366,338.8389893,26,2282,2010,188,0.610131025,33,41,5.133780003,6,6.511529922,-1,-0.135802001,100.6669,27.449,0.8408,774,13.56669998,817.2490234,783.6660156,172292000,23.18959999,23.18959999,236.6430054,386.8770142,1870.48999,8476.889648,88.70050049,15,39.13000107,57008.80078,22472.19922,2,6546.589844,1,3405,67,210,123
B1260,0.793,285.4609985,25,248,2004,9,0.758515,45,30,11.18290043,224,13.64550018,16,-0.024691399,106.6833,29.6333,0.7312,442.1000061,17.9083004,1208.880005,831.5579834,118734000,25.69129944,25.69129944,2473.26001,26318.5,3666.629883,215026,2021.02002,42,3320.129883,1000,1000,1163,202275,1,2649,61,225,122
B1261,0.9754,86.98719788,36,431,2008,0,1.90464E-06,39,25,18.48200035,219,25.80699921,0,-0.222222,118.09,24.86,0.7728,1458.800049,19.52499962,1624.949951,1074.609985,159512000,24.79150009,24.79150009,588.6290283,3019.899902,879.9959717,29645,279.4549866,2,3304.22998,20248.5,3605.550049,218,43741.60156,1,2690,52,194,117
B1262,1.1043,75.77400208,36,711,2008,103,0.093180202,39,25,11.19760036,219,14.07839966,0,-1.185189962,118.03,24.89,0.8574,1132.599976,18.69169998,1619.650024,1077.150024,160172000,23.74570084,23.74570084,588.6290283,3019.899902,879.9959717,29645,279.4549866,2,3741.300049,25059.90039,2000,597,43741.60156,1,2591,57,162,118
B1263,1.1184,126.052002,36,595,2008,0,4.0995E-09,39,25,24.44849968,220,30.95159912,-1,0.358025014,118.01,24.83,0.8779,1582.300049,18.79999924,1638.630005,1063.699951,160132992,24.34469986,24.34469986,588.6290283,3019.899902,879.9959717,29645,279.4549866,1,3372.97998,20124.59961,2828.429932,484,51980.80078,1,2929,52,188,116
B1264,1.1228,120.6999969,36,340,2008,55,0.457356006,39,25,5.74364996,219,11.61030006,0,1.555559993,118.08,24.85,0.8042,1448.699951,20.08329964,1595.079956,1088.109985,159512000,24.98999977,24.98999977,588.6290283,3019.899902,879.9959717,29645,279.4549866,0,3529.219971,20000,2236.070068,184,43741.60156,1,2541,55,183,117
B1265,1.1506,225,36,149,2008,0,0.00541818,39,25,8.049469948,219,8.988880157,-1,-0.876542985,118.05,24.83,0.8248,1200.800049,20.45000076,1589.209961,1063.699951,158952992,26.3567009,26.3567009,588.6290283,3019.899902,879.9959717,29645,279.4549866,17,4126.299805,18601.09961,1000,669,43741.60156,1,1952,60,176,125
B1266,1.2099,169.3630066,36,369,2008,0,4.71244E-06,39,25,15.15610027,219,16.93519974,-2,-0.222222,118.02,24.82,0.8598,1536.599976,19.8416996,1622.219971,1063.699951,160132992,25.34079933,25.34079933,588.6290283,3019.899902,879.9959717,29645,279.4549866,0,3549.399902,18788.30078,1414.209961,615,51980.80078,1,2655,52,183,116
B1267,1.014,135,36,282,2008,0,3.990880013,39,25,0.328489989,219,0.447214007,16,-0.024691399,109.75,26.8333,0.7329,610.2000122,16.625,1339.949951,1008.440002,135536992,23.16760063,23.16760063,202.9989929,254.701004,574.8250122,6216.439941,73.62770081,242,141.6430054,2000,0,3,45874.19922,1,3687,58,202,120
B1268,0.2121,83.99099731,14,1270,2011,105,1.01694E-07,54,32,11.6697998,97,16.38290024,0,-1.901229978,109.36,36.91,0.5742,303.7999878,9.725000381,632.3549805,523.1519775,161408992,18.11030006,18.11030006,142.8670044,522.9069824,324.7990112,5983.060059,81.3302002,15,160.3659973,5830.950195,4472.140137,255,15695.2002,1,1512,83,180,127
B1275,2.1015,138.302002,21,311,2011,0,0.469045013,47,32,11.25949955,30,13.28909969,16,1.012349963,112.4667,35.0167,0.7791,307.7999878,14.23330021,783.9219971,587.1140137,156319008,20.68440056,20.68440056,789.8220215,6617.069824,2947.790039,57270,621.9420166,62,1550.069946,5656.850098,3162.280029,721,33394.19922,1,1474,76,189,131
B1276,0.3938,317.8269958,21,320,2008,0,0.883684993,47,32,8.810040474,30,11.29599953,16,1.012349963,112.47,35.02,0.796,312.6000061,14.57499981,526.7930298,633.8469849,162104000,20.6522007,20.6522007,797.6719971,6575.27002,2881.790039,56402.60156,623.6950073,64,1422.130005,5656.850098,3162.280029,591,29146.80078,1,1703,71,185,131
B1277,0.6386,41.18590164,21,218,2008,0,0.576346993,47,32,4.926169872,30,5.709640026,-1,-0.135802001,112.51,35.05,0.7321,355.7999878,14.88329983,502.5339966,687.9290161,162003008,21.17889977,21.17889977,797.6719971,6575.27002,2881.790039,56402.60156,623.6950073,64,2493.01001,1000,1414.209961,4100,4930420,1,1195,79,196,132
B1278,0.6478,73.30079651,21,353,2008,86,0.000422977,47,32,12.72049999,30,14.15629959,-1,0.83950597,112.46,35.06,0.7199,346.7000122,14.67500019,510.5859985,687.9290161,162211008,21.22509956,21.22509956,210.2960052,1138.219971,956.6270142,12606.2002,175.7749939,34,1434.369995,2236.070068,1000,658,25282.30078,1,1644,72,196,131
B1279,0.8412,135,29,112,2003,0,5.163090229,33,38,1.642019987,176,3.162280083,16,0.197531,112.3,27.0833,0.7036,523.4000244,18.79170036,1094.670044,882.9849854,140018000,23.66530037,23.66530037,991.3430176,1187.689941,4603.779785,30454.09961,362.1059875,35,213.0299988,2828.429932,3162.280029,0,21165.90039,1,2064,51,191,126
B1283,2.0058,71.9394989,36,1862,2004,147,4.58903E-06,39,25,14.65649986,219,20.34210014,16,0.629630029,100.4983,21.5131,0.9305,1234.099976,18.14170074,1624.380005,1002.849976,167680992,20.87400055,20.87400055,0.535320997,0.272520006,2.439169884,13.21660042,0.205520004,25,28.71769905,54918.10156,48662.10156,0,423.571991,1,3516,52,232,101
B1284,2.172,102.8479996,36,1790,2004,0,2.5147E-06,39,25,13.33390045,219,15.53059959,16,-0.222222,100.5008,21.5106,0.9199,1199.300049,18.14170074,1624.380005,1002.849976,167292992,20.87400055,20.87400055,0.535320997,0.272520006,2.439169884,13.21660042,0.205520004,25,28.71769905,54918.10156,48662.10156,0,423.571991,1,3516,52,232,101
B1285,2.876,77.53510284,36,1597,2004,151,0.909359992,39,25,7.490149975,219,13.16810036,-1,0,100.5042,21.4972,0.7496,974.7000122,18.625,1621.23999,1002.849976,167179008,22.81139946,22.81139946,0.535320997,0.272520006,2.439169884,13.21660042,0.205520004,48,56.19820023,55226.80078,49819.69922,0,423.571991,1,2406,56,199,108
B1286,2.9117,161.7960052,36,1751,2004,0,0.000181798,39,25,11.96730042,219,16.10589981,-1,0.283951014,100.5028,21.5106,0.9199,1199.300049,18.14170074,1624.380005,1002.849976,167292992,20.87400055,20.87400055,0.535320997,0.272520006,2.439169884,13.21660042,0.205520004,25,28.71769905,54918.10156,48662.10156,0,423.571991,1,3516,52,232,101
B1287,0.0588,351.8699951,19,436,2010,58,1.780990005,54,27,2.735369921,17,3.033149958,16,-0.0123457,125.61,51.45,0.852,431.2000122,-2.025000095,593.7050171,457.8569946,126195000,2.729439974,2.729439974,0.175742,2.978300095,0.640968978,14.74940014,0.120063998,0,3.850739956,73979.70313,195274,0,181.8359985,1,7547,58,279,101
B1288,1.2514,188.1300049,19,403,2010,73,3.306770086,54,27,0.547473013,17,0.894427001,0,0.074074097,125.72,51.33,0.862,440.1000061,-2.108330011,595.7059937,454.4360046,126763000,3.665420055,3.665420055,0.175742,2.978300095,0.640968978,14.74940014,0.120063998,0,10.28380013,87931.79688,179569,0,34.0544014,1,7746,61,340,106
B1289,1.2584,118.887001,22,441,2010,96,3.482939959,46,32,5.115270138,152,5.25357008,-1,-0.185185,125.36,51.28,0.9214,425.7000122,-1.958330035,597.9019775,450.1849976,126613000,3.397779942,3.397779942,0.110724002,8.338629723,0.388619006,35.83409882,0.243942007,0,4.361700058,65513.39844,191450,4,120.3059998,1,7430,59,300,103
B1290,0.3333,258.6900024,30,335,2007,85,5.597690105,41,29,1.18422997,21,1.483240008,16,0.024691399,128.67,48.21,0.8773,346.7000122,2.108330011,485.868988,512.3040161,136187008,7.309440136,7.309440136,2.322180033,59.00749969,9.223810196,294.0960083,3.232599974,3,21.45730019,29410.90039,61846.60156,2,465.6889954,1,7550,61,265,108
B1291,0.5171,209.7449951,20,349,2007,0,1.916159987,44,36,4.981289864,149,7.307529926,1,-0.382716,128.53,48.09,0.8371,349.6000061,2.583329916,479.8970032,523.4970093,137063008,6.947919846,6.947919846,2.322180033,59.00749969,9.223810196,294.0960083,3.232599974,2,24.69079971,31048.30078,48826.19922,0,602.3430176,1,7263,58,249,105
B1292,0.5821,77.90519714,19,453,2007,52,0.393741995,54,27,2.216059923,17,2.898279905,0,0.098765403,128.58,48.13,0.8685,390.8999939,2.391669989,489.7000122,508.1579895,136982000,7.195690155,7.195690155,2.322180033,59.00749969,9.223810196,294.0960083,3.232599974,2,19.16559982,31016.09961,52478.60156,2,653.0620117,1,6697,58,241,104
B1293,1.0559,119.5780029,20,315,2007,64,0.955190003,44,36,3.290430069,21,3.286339998,0,-0.197531,128.71,48.19,0.8742,344.5,2,486.8370056,512.3040161,135988992,6.898749828,6.898749828,2.322180033,59.00749969,9.223810196,294.0960083,3.232599974,2,13.89050007,25961.5,58872.69922,0,465.6889954,1,7842,60,262,105
B1294,1.21,180,30,343,2007,0,4.935800076,41,29,0.619390011,21,1,0,0.148148,128.66,48.22,0.8729,358.5,2.166670084,485.2290039,512.3040161,136187008,6.891670227,6.891670227,2.322180033,59.00749969,9.223810196,294.0960083,3.232599974,3,21.52700043,30675.69922,63158.5,0,465.6889954,1,8157,61,258,106
B1295,1.1936,327.2000122,19,510,2011,95,0.205604002,54,27,4.137829781,17,4.14729023,-1,-0.197531,125.65,51.12,0.8621,541.2999878,-0.833333015,540.125,482.2070007,131823000,5.180280209,5.180280209,0.094131798,6.074090004,0.649379015,25.00230026,0.169348001,0,3.518209934,88005.70313,164201,1,141.9810028,1,7284,58,272,103
B1296,1.3758,144.4620056,27,487,2011,0,0.816169024,45,28,3.989840031,126,4.31276989,3,0.074074097,125.81,51.25,0.8678,482.3999939,-1.325000048,523.4370117,489.2099915,131082000,5.57847023,5.57847023,0.094131798,6.074090004,0.649379015,25.00230026,0.169348001,0,4.422679901,94921,168241,5,39.92010117,1,7624,57,268,101
B1297,1.6466,239.0359955,27,429,2011,103,3.97191,45,28,0.451462001,126,0.632456005,16,0.024691399,125.72,51.46,0.7491,421.7999878,-1.216670036,498.2879944,496.8280029,129774000,4.756110191,4.756110191,0.172489002,3.117000103,0.699697971,14.27400017,0.118813999,4,7.129459858,71784.39844,192520,4,49.91870117,1,7644,60,282,102
B1298,1.9228,45,19,499,2011,44,0.138315007,54,27,5.566810131,17,5.848080158,16,0.0123457,125.44,51.61,0.8683,619.7000122,-1.100000024,500.3919983,485.1210022,129660000,5.446390152,5.446390152,0.291020006,0.936294019,1.300519943,9.269579887,0.108208999,0,4.031720161,57008.80078,216889,4,0,1,7171,57,262,104
B1303,1.1798,276.3399963,19,449,2011,17,0.042753398,54,27,6.284830093,152,6.618159771,16,0.135802001,125.29,51.42,0.8824,497.5,-1.625,518.8720093,482.8819885,129438000,4.614719868,4.614719868,0.039359398,0.120798998,0.611383021,1.408419967,0.021525299,0,4.342510223,60827.60156,206235,1,24.97030067,1,7670,59,285,101
B1304,1.2902,12.38080025,19,462,2011,0,0.343549013,54,27,6.47247982,17,7.668119907,2,-0.185185,125.78,51.53,0.8825,536.5999756,-0.841666996,489.9930115,499.1419983,130100000,5.566939831,5.566939831,3.871649981,11.68330002,16.51259995,115.7170029,1.40399003,0,4.041500092,63694.60156,197003,3,49.91870117,1,7193,58,273,102
B1305,1.6381,305.5379944,19,416,2011,100,1.454949975,54,27,0.666019976,17,0.632456005,-1,0.098765403,125.73,51.35,0.8722,437.2999878,-1.366670012,507.7609863,487.5209961,130427000,4.696670055,4.696670055,0.172489002,3.117000103,0.699697971,14.27400017,0.118813999,4,7.310279846,85703,181157,2,194.9609985,1,7790,59,303,103
B1306,1.7658,270,19,451,2011,0,1.850430012,54,27,0.929039001,17,1.612450004,16,1,125.45,51.25,0.9648,493.1000061,-1.141669989,528.0170288,485.2409973,130532000,4.426670074,4.426670074,0.101618998,8.640299797,0.408367991,34.7806015,0.225257993,0,3.371360064,72006.89844,184272,0,141.4920044,1,7669,58,259,101
B1307,0.142,78.69010162,27,414,2006-2011,0,4.631420135,45,28,1.18422997,126,1.414209962,16,0.530864,125.74,51.38,0.831316667,471.9833374,-1.473610471,548.0600026,462.9248352,127708833.3,4.688008388,4.688008388,0.202394997,3.989851713,0.580360994,16.54588826,0.177189829,1,7.520723343,81596.60156,184166,0.5,195.3149974,1,8146,60,317,102
B1308,0.0243,19.74679947,27,469,2011,0,0.396198988,45,28,6.389989853,126,6.308720112,0,-0.370370001,125.81,51.35,0.8853,526.2000122,-1.208330035,513.8989868,489.2099915,130725000,4.836530209,4.836530209,0.172489002,3.117000103,0.699697971,14.27400017,0.118813999,0,4.354269981,85615.39844,178059,0,194.9609985,1,7378,57,281,98
B1309,0.6282,350.8380127,27,437,2011,0,2.205460072,45,28,2.42979002,126,2.569050074,1,1,125.72,51.44,0.8826,477.6000061,-1.350000024,501.1640015,492.3200073,129502000,4.970689774,4.970689774,0.172489002,3.117000103,0.699697971,14.27400017,0.118813999,3,7.139239788,74946.60156,189995,1,223.7929993,1,7858,58,277,101
B1310,0.7155,225,22,405,2011,18,4.72371006,46,32,0.766439974,152,0.894427001,16,0.037037,125.37,51.25,0.8842,435.2000122,-1.208330035,523.7310181,486.7770081,129965000,4.362639904,4.362639904,0.101618998,8.640299797,0.408367991,34.7806015,0.225257993,0,4.554240227,66753.29688,187949,0,141.4920044,1,7421,60,294,102
B1311,0.73,344.8989868,19,523,2011,114,1.493149996,54,27,5.039319992,17,5.385159969,-3,0,125.82,51.48,0.8974,475.8999939,-1.216670036,502.5830078,499.1419983,129964000,7.02545023,7.02545023,0.172489002,3.117000103,0.699697971,14.27400017,0.118813999,0,4.149010181,70263.79688,190000,1,32.55120087,1,7463,58,288,101
B1312,1.54,345.256012,22,447,2011,78,3.700380087,46,32,1.520840049,152,1.732049942,0,-0.074074097,125.15,51.13,0.8771,440.2000122,-1.174999952,544.3270264,486.848999,130726000,5.458610058,5.458610058,0.101618998,8.640299797,0.408367991,34.7806015,0.225257993,0,3.494309902,57428.19922,189737,2,82.32420349,1,7483,60,268,103
B1313,1.56,315,27,457,2011,0,4.837930202,45,28,1.642019987,20,1.897369981,-2,0.061728399,125.26,51.35,0.8804,403.8999939,-1.583330035,525.9219971,487.2260132,129714000,5.077360153,5.077360153,0.101618998,8.640299797,0.408367991,34.7806015,0.225257993,0,8.272319794,59464.30078,201259,1,19.14889908,1,7700,62,299,107
B1314,0.1316,133.0590057,27,867,2011,0,0.069592498,41,32,6.436870098,1,6.526869774,16,0.148148,123.54,51.24,0.8621,525.0999756,-2.724999905,599.7890015,476.2160034,130909000,4.098889828,4.098889828,0.922421992,2.831039906,14.32830048,33.00770187,0.504463971,0,3.081069946,41436.69922,276293,74,54.16070175,1,7759,58,269,103
B1315,0.7018,239.2160034,27,928,2011,0,4.59371E-05,41,32,8.410829544,1,9.219539642,-1,0.024691399,123.71,51.28,0.897,570.2999878,-2.633330107,610.1760254,468.1860046,130368000,4.916940212,4.916940212,0.922421992,2.831039906,14.32830048,33.00770187,0.504463971,0,3.026429892,30594.09961,276588,0,0,1,7453,58,251,105
B1316,0.9649,0.79351902,27,854,2011,0,0.0162609,41,32,26.00699997,1,29.90649986,16,-0.0123457,123.66,51.18,0.9012,515.9000244,-2.341670036,608.2559814,482.3930054,131036000,4.148330212,4.148330212,0.922421992,2.831039906,14.32830048,33.00770187,0.504463971,0,2.046920061,33136.10156,266608,111,1.12480998,1,7782,58,228,107
B1317,0.9912,176.8200073,27,850,2011,135,0.0109318,41,32,8.31608963,1,8.555700302,16,0.049382702,123.78,51.39,0.8808,522.2000122,-2.916670084,599.1459961,473.1839905,129838000,3.92347002,3.92347002,0.527225971,6.228489876,3.111819983,33.83110046,0.309700996,0,1.83434999,30805.80078,280631,2,0,1,7869,57,283,103
B1318,1.2018,172.9989929,27,752,2011,0,0.024103099,45,28,8.82256031,126,8.966600418,-1,0,123.52,51.22,0.8807,451.7999878,-2.474999905,578.0960083,476.2160034,130909000,4.305140018,4.305140018,0.922421992,2.831039906,14.32830048,33.00770187,0.504463971,0,3.084490061,43011.60156,274722,3,54.16070175,1,7462,59,273,103
B1319,1.5789,244.4859924,27,887,2011,119,0.000174157,41,32,14.7638998,1,16.03120041,-1,0,123.69,51.35,0.9042,534.2000122,-2.849999905,609.177002,468.1860046,130124000,3.99416995,3.99416995,0.527225971,6.228489876,3.111819983,33.83110046,0.309700996,0,3.026429892,34000,283007,0,0.140600994,1,7914,57,250,104
B1320,0.382,136.1230011,29,380,2013,7,0.117138997,52,19,5.56787014,214,3.224900007,16,-0.098765403,109.45,18.37,0.9206,1374.5,23.52499962,2143.320068,1126.079956,171059008,27.33099937,27.33099937,217.0919952,2708.939941,814.0889893,12602.40039,95.58209991,0,720.6350098,7000,5385.169922,880,150747,1,2653,54,245,117
B1321,0.382,311.4240112,29,20,2013,27,1.018700004,52,19,1.754840016,214,4.242640018,-1,0,109.25,18.45,0.6901,713.9000244,25.20829964,2002.449951,1117.75,169715008,28.13829994,28.13829994,361.4830017,1542.98999,590.5430298,14514.90039,130.9909973,0,680.1259766,9848.860352,14422.2002,425,6161.790039,1,2295,61,208,117
B1322,0.0924,163.9259949,27,423,2013,91,0.0131893,45,28,4.743159771,126,5.5136199,16,-0.037037,123.7515,50.5848,0.6365,485.4609985,-1.174999952,765.5189819,484.7919922,118479000,5.554170132,5.554170132,8.19246006,35.43889999,97.6384964,363.9190063,4.672410011,5,15.89750004,0,198910,2606,33168.89844,1,7166,63,264,105
B1323,0.1288,150.0679932,27,458,2013,0,0.039156899,45,28,8.775690079,126,9.989999771,16,-0.024691399,123.7508,50.5854,0.6365,485.4609985,-1.174999952,765.5189819,475.95401,118479000,5.371250153,5.371250153,8.19246006,35.43889999,97.6384964,363.9190063,4.672410011,5,110.7689972,0,198910,2606,33168.89844,1,7166,63,264,105
B1324,0.2275,196.6990051,27,470,2013,0,0.626483977,45,28,1.616289973,126,2.932579994,16,0,123.7504,50.5861,0.6365,485.4609985,-1.174999952,765.5189819,475.95401,118479000,5.371250153,5.371250153,8.19246006,35.43889999,97.6384964,363.9190063,4.672410011,5,110.7689972,0,198910,2606,33168.89844,1,7166,63,264,105
B1325,0.4586,14.45240021,27,811,2013,48,0.124838002,41,32,7.70897007,1,7.937250137,1,0,121.0302,52.0465,0.892,568.5999756,-4.008329868,647.2609863,441.5390015,117444000,1.489860058,1.489860058,1.056740046,11.17409992,93.88980103,19.31399918,1.183449984,0,12.88560009,59008.5,339525,0,0,1,8713,58,254,105
B1326,0.4773,339.7749939,22,707,2013,0,2.988049984,46,32,1.567379951,152,1.673320055,2,0,121.9167,51.7077,0.8974,490.7000122,-4.383329868,726.7080078,433.8450012,114297000,0.530833006,0.530833006,0.229516998,1.047230005,3.225990057,2.625040054,0.224736005,3,18.52120018,2000,309002,406,26982.30078,1,9164,58,311,105
B1327,0.4923,14.9666996,27,815,2013,0,0.124838002,41,32,8.041480064,1,8.136340141,-1,0,121.0304,52.0463,0.892,568.5999756,-4.008329868,647.2609863,441.5390015,117444000,1.489860058,1.489860058,1.056740046,11.17409992,93.88980103,19.31399918,1.183449984,0,12.88560009,59008.5,339525,0,0,1,8713,58,254,105
B1328,0.5896,14.45240021,27,811,2013,48,0.117784999,41,32,7.70897007,1,7.937250137,1,-0.037037,121.03,52.0461,0.892,568.5999756,-4.008329868,647.2609863,441.5390015,117444000,1.489860058,1.489860058,1.056740046,11.17409992,93.88980103,19.31399918,1.183449984,0,12.88560009,59008.5,339525,0,0,1,8713,58,254,105
B1329,0.6032,35.2723999,27,810,2013,0,0.664324999,41,32,3.882380009,149,3.924279928,16,-0.074074097,121.5008,50.9061,0.884,559.2000122,-4.083330154,766.1939697,431.4360046,117327000,1.997079968,1.997079968,85.37930298,1688.699951,59.93220139,9201.160156,64.83540344,0,16.31620026,5000,208010,4,2347.5,1,8063,58,252,101
B1330,0.6074,229.0859985,27,946,2013,0,0.00925926,41,32,7.638800144,1,7.962409973,1,0.111111,121.7795,52.0456,0.8921,547.2000122,-5.008329868,705.3800049,437.3359985,113434000,0.229721993,0.229721993,0.0308237,0.307081014,2.504070044,0.541909993,0.034078099,0,19.13150024,16124.5,346325,1,126.3509979,1,9007,55,279,101
B1331,0.6352,14.45240021,27,811,2013,48,0.064179704,41,32,7.70897007,1,7.937250137,1,0.037037,121.0294,52.046,0.892,568.5999756,-4.008329868,647.2609863,441.5390015,117444000,1.489860058,1.489860058,1.056740046,11.17409992,93.88980103,19.31399918,1.183449984,0,12.88560009,59008.5,339525,0,0,1,8713,58,254,105
B1332,0.637,347.0050049,22,707,2013,0,1.687489986,46,32,4.12485981,152,4.35890007,2,0.037037,121.9118,51.7069,0.8974,452.5,-4.433330059,751.322998,433.8450012,114297000,0.530833006,0.530833006,0.229516998,1.047230005,3.225990057,2.625040054,0.224736005,3,18.52120018,2000,309002,847,26982.30078,1,8833,58,263,105
B1333,0.654,145.3049927,19,424,2013,6,0.062304199,54,27,4.885029793,126,5.603569984,16,0.037037,123.8808,50.5489,0.8221,483.5499878,-1.208330035,768.1339722,483.2569885,118271000,4.911670208,4.911670208,8.19246006,35.43889999,97.6384964,363.9190063,4.672410011,0,10.05029964,1000,190966,775,6488.47998,1,8022,61,268,107
B1334,0.6664,354.8059998,22,713,2013,10,1.687489986,46,32,5.117579937,152,5.234499931,16,-0.037037,121.9114,51.7068,0.8974,446.6000061,-4.433330059,751.322998,433.8450012,114297000,0.530833006,0.530833006,0.229516998,1.047230005,3.225990057,2.625040054,0.224736005,3,18.52120018,2000,309002,847,26982.30078,1,8833,58,263,105
B1335,0.6805,161.5650024,19,434,2013,37,0.062304199,54,27,6.581709862,126,7.014269829,1,0,123.8802,50.5491,0.8221,483.5499878,-1.208330035,768.1339722,483.2569885,118271000,4.911670208,4.911670208,8.19246006,35.43889999,97.6384964,363.9190063,4.672410011,0,10.05029964,1000,190966,775,6488.47998,1,8022,61,268,108
B1336,0.775,320.1940002,20,831,2013,137,0.598016977,44,36,3.623490095,149,3.741660118,16,0,121.4542,51.3016,0.8525,524.4000244,-4.491670132,738.242981,417.6080017,116796000,1.292500019,1.292500019,1.147169948,16.30480003,15.25389957,67.30780029,1.273120046,1,27.7567997,0,253239,312,28494.5,1,8434,61,264,100
B1337,0.7955,17.02050018,27,826,2013,21,0.095671602,41,32,7.885230064,1,8.306619644,16,-0.098765403,121.0297,52.0455,0.9067,568.5999756,-4.108329773,647.2609863,441.5390015,117444000,1.489860058,1.489860058,1.056740046,11.17409992,93.88980103,19.31399918,1.183449984,0,12.88560009,59008.5,339525,0,0,1,8713,58,254,105
B1338,0.8258,339.7749939,22,707,2013,0,3.687489986,46,32,1.567379951,152,1.673320055,2,-0.086419798,121.9174,51.7081,0.9049,490.7000122,-4.383329868,726.7080078,433.8450012,114297000,0.530833006,0.530833006,0.229516998,1.047230005,3.225990057,2.625040054,0.224736005,3,18.51519966,2000,309002,406,26982.30078,1,9164,58,311,105
B1339,1.1967,24.91799927,27,854,2013,0,0.050255001,41,32,10.71580029,149,11.59309959,16,0.061728399,121.4996,50.9037,0.884,559.2000122,-4.083330154,766.1939697,431.4360046,117327000,1.997079968,1.997079968,85.37930298,1688.699951,59.93220139,9201.160156,64.83540344,1,16.31620026,4000,207010,4,2347.5,1,8063,58,252,101
B1340,1.217,188.5690002,20,864,2013,0,0.136322007,44,36,5.697110176,1,5.916079998,3,0.049382702,121.0267,50.9928,0.8999,504.2000122,-4.333330154,732.382019,417.6119995,119153000,4.805759907,4.805759907,3.752949953,70.56909943,10.53569984,373.9679871,3.074840069,2,42.3205986,2000,211729,1696,10095.40039,1,8557,59,309,101
B1341,1.2316,320.1940002,20,831,2013,137,0.483788013,44,36,3.623490095,149,3.741660118,16,-0.024691399,121.4541,51.3013,0.8525,524.4000244,-4.491670132,738.242981,417.6080017,116796000,1.292500019,1.292500019,1.147169948,16.30480003,15.25389957,67.30780029,1.273120046,1,27.7567997,0,253239,312,28494.5,1,8434,61,264,100
B1342,1.2749,90,19,419,2013,0,1.079079986,54,27,4.6354599,126,6.228960037,-1,-0.049382702,123.8809,50.5464,0.789,483.4779968,-1.208330035,768.1339722,524.6849976,118271000,4.911670208,4.911670208,2.203000069,7.079750061,28.1821003,87.76999664,1.229460001,0,10.05029964,1000,190966,775,6488.47998,1,8022,61,268,107
B1343,1.2899,197.9279938,27,825,2013,127,0.021337699,41,32,5.516600132,1,5.916079998,16,-0.049382702,121.4932,50.9439,0.8904,471.7999878,-4.275000095,768.4699707,431.4360046,117163000,3.066390038,3.066390038,0.111524999,0.508857012,1.567530036,1.275539994,0.109201998,0,16.28610039,7280.109863,212000,3,79.05930328,1,8316,60,235,106
B1344,1.2907,213.6900024,27,709,2013,0,0.866195023,45,28,2.232199907,1,2.683279991,16,0.037037,121.4122,50.4842,0.899,464,-3.891669989,763.1229858,419.7680054,119632000,0.4375,0.4375,20.81830025,381.3850098,36.52230072,2108.659912,16.1515007,1,47.56330109,10000,156320,11,171.2910004,1,8941,60,257,104
B1345,1.3011,211.8090057,20,845,2013,6,0.00445231,44,36,7.160260201,149,7.429669857,16,-0.061728399,121.0531,51.0017,0.8839,471.2179871,-4.425000191,736.3619995,417.6229858,118730000,3.143749952,3.143749952,3.752949953,70.56909943,10.53569984,373.9679871,3.074840069,32,141.8269958,1414.209961,212596,1853,10095.40039,1,8208,64,309,102
B1346,1.3039,315,22,775,2013,104,4.689599991,46,32,0.109498002,152,0.447214007,16,0,121.8414,49.6461,0.8835,447.1000061,-3.783329964,772.9589844,430.9970093,119624000,1.473330021,1.473330021,6.506070137,33.8003006,20.28339958,341.072998,3.975490093,1,55.29460144,27202.90039,71028.20313,0,25338.09961,1,7870,64,292,102
B1347,1.3255,244.4400024,27,845,2013,6,1.917260051,41,32,1.973219991,1,2.144759893,16,0,121.0064,51.0131,0.8895,552.0999756,-4.199999809,735.5430298,417.6119995,118832000,3.795000076,3.795000076,3.752949953,70.56909943,10.53569984,373.9679871,3.074840069,1,28.29210091,2236.070068,213974,397,10095.40039,1,7959,59,287,103
B1348,1.4573,25.49760056,29,808,2013,0,0.314826995,39,32,5.558300018,46,5.692100048,0,0.024691399,121.8542,49.635,0.8769,462.2000122,-3.708329916,777.4719849,431.8110046,119938000,1.700139999,1.700139999,6.506070137,33.8003006,20.28339958,341.072998,3.975490093,1,55.25090027,27658.59961,70000,2,25338.09961,1,6917,65,291,101
B1349,1.4607,267.2739868,27,856,2013,138,1.515319943,41,32,3.252110004,1,3.286339998,-2,0.024691399,121.0083,51.0125,0.8895,552.0999756,-4.199999809,735.5430298,417.6119995,118832000,4.050149918,4.050149918,3.752949953,70.56909943,10.53569984,373.9679871,3.074840069,1,28.29210091,2236.070068,213974,987,10095.40039,1,7959,59,287,103
B1350,1.4749,195.9450073,27,819,2013,105,0.093968302,41,32,2.253540039,1,2.75680995,16,-0.049382702,121.4925,50.9439,0.8904,552.5999756,-4.275000095,768.4699707,431.4360046,117163000,3.066390038,3.066390038,0.111524999,0.508857012,1.567530036,1.275539994,0.109201998,0,16.28610039,7280.109863,212000,3,79.05930328,1,8316,60,235,106
B1351,1.4839,248.1990051,20,779,2013,0,0.568988025,44,36,2.500149965,149,2.44949007,16,-0.037037,121.5052,50.866,0.8917,435.1000061,-4.116670132,761.9349976,431.4360046,115769000,1.725280046,1.725280046,85.37930298,1688.699951,59.93220139,9201.160156,64.83540344,0,19.36870003,1000,203022,4,2347.5,1,8145,61,250,103
B1352,1.5232,64.77610016,27,857,2013,73,0.00101121,41,32,10.24549961,149,12.38549995,16,0.049382702,121.4997,50.9031,0.9236,487.6000061,-4.083330154,766.1939697,431.4360046,117163000,1.997079968,1.997079968,85.37930298,1688.699951,59.93220139,9201.160156,64.83540344,1,16.31620026,4000,207010,1,2347.5,1,8063,58,252,101
B1353,1.5235,50.04240036,27,802,2013,0,0.664324999,41,32,3.732110023,149,4.04968977,0,0.049382702,121.5013,50.906,0.884,559.2000122,-4.083330154,766.1939697,431.4360046,117327000,1.997079968,1.997079968,85.37930298,1688.699951,59.93220139,9201.160156,64.83540344,0,16.31620026,5000,208010,1,2347.5,1,8063,58,252,101
B1354,1.5239,336.1610107,27,723,2013,42,0.368791014,45,28,10.79020023,126,11.62759972,1,0.0123457,121.4294,50.4911,0.8936,430.6000061,-3.950000048,764.0490112,419.7680054,119632000,0.070833303,0.070833303,20.81830025,381.3850098,36.52230072,2108.659912,16.1515007,1,47.5304985,7810.25,158382,4,171.2910004,1,9180,60,278,103
B1355,1.6004,228.0130005,27,758,2013,0,3.560369968,41,32,4.159359932,1,4.04968977,0,-0.024691399,121.3917,50.4728,0.8775,464.2999878,-3.974999905,763.1129761,419.7680054,119324000,1.93166995,1.93166995,20.81830025,381.3850098,36.52230072,2108.659912,16.1515007,1,47.59609985,11401.7998,155261,1,171.2910004,1,8955,61,253,101
B1356,1.608,218.6600037,20,859,2013,0,0.0184569,44,36,6.907169819,149,7.238780022,-1,-0.037037,121.0519,51.0036,0.8839,471.1659851,-4.425000191,736.3619995,417.6229858,118730000,3.143749952,3.143749952,3.752949953,70.56909943,10.53569984,373.9679871,3.074840069,32,141.8269958,1414.209961,212596,1853,10095.40039,1,8208,64,309,101
B1357,1.6092,82.875,22,799,2013,111,0.540003002,46,32,3.740080118,46,4.35890007,-1,0.037037,121.8581,49.6283,0.8769,424.2000122,-3.591670036,777.4719849,431.8110046,119938000,1.591249943,1.591249943,6.506070137,33.8003006,20.28339958,341.072998,3.975490093,0,43.25090027,26907.19922,69000,2,25338.09961,1,6917,65,291,103
B1358,1.6593,203.8390045,27,748,2013,27,0.271162003,41,32,7.240960121,1,7.641990185,1,0.037037,121.3947,50.4689,0.8775,462.8999939,-3.974999905,763.1129761,419.7680054,119324000,1.21152997,1.21152997,20.81830025,381.3850098,36.52230072,2108.659912,16.1515007,2,47.59609985,12206.59961,154263,3,171.2910004,1,8955,61,253,101
B1359,1.6626,284.9309998,27,1089,2013,135,0.151960999,41,32,2.402559996,1,2.607680082,16,0.037037,121.7945,51.3089,0.9114,600.7999878,-5.166669846,800.0679932,461.9379883,110168000,0.209306002,0.209306002,0.28185001,1.286010027,3.961549997,3.223570108,0.275977999,1,26.99270058,19026.30078,260094,0,48.18280029,1,7963,62,265,102
B1360,1.667,62.02050018,19,421,2013,1,0.780806005,54,27,5.593329906,126,5.779270172,4,-0.074074097,123.8804,50.5464,0.789,483.4779968,-1.208330035,768.1339722,524.6849976,118271000,4.911670208,4.911670208,2.203000069,7.079750061,28.1821003,87.76999664,1.229460001,0,10.05029964,1000,190966,775,6488.47998,1,8022,61,268,107
B1361,1.6695,15.5241003,29,805,2013,83,0.222562999,39,32,5.766260147,46,5.949790001,0,0.0123457,121.8508,49.6367,0.8769,462.2000122,-3.708329916,777.4719849,430.9970093,119938000,1.700139999,1.700139999,6.506070137,33.8003006,20.28339958,341.072998,3.975490093,2,55.25090027,27018.5,70007.10156,2,25338.09961,1,7712,63,286,101
B1362,1.6827,13.31359959,27,862,2013,127,0.00494499,41,32,10.31029987,149,12.1491003,-1,-0.0123457,121.4986,50.9033,0.9236,487.6000061,-4.083330154,766.1939697,431.4360046,117163000,1.997079968,1.997079968,85.37930298,1688.699951,59.93220139,9201.160156,64.83540344,1,16.31620026,4000,207010,4,79.05930328,1,8063,58,252,101
B1363,1.8274,315,27,1091,2013,0,0.151960999,41,32,1.642019987,1,1.897369981,0,0.0123457,121.7952,51.3093,0.9114,600.7999878,-5.166669846,800.0679932,461.9379883,110168000,-0.082777701,-0.082777701,0.28185001,1.286010027,3.961549997,3.223570108,0.275977999,1,27.0048008,19026.30078,260094,0,48.18280029,1,7963,62,265,102
B1364,1.8972,188.5690002,20,864,2013,0,0.236376002,44,36,5.697110176,1,5.916079998,3,0.197531,121.0275,50.9931,0.8999,443,-4.333330154,732.382019,417.6119995,119153000,2.931809902,2.931809902,3.752949953,70.56909943,10.53569984,373.9679871,3.074840069,2,84.01940155,2000,211729,1696,10095.40039,1,8557,59,309,101
B1365,0.259,139.7640076,16,693,2013,121,0.148025006,56,28,5.259300232,97,5.639150143,16,0.197531,121.0911,47.0861,0.8566,491,1.183330059,723.7160034,529.434021,134061000,7.89236021,7.89236021,8.373330116,11.6111002,46.01179886,295.756012,4.442619801,0,27.6534996,48000,94047.89844,0,119.4919968,1,4384,70,283,118
B1366,0.2755,147.529007,29,256,2013,0,7.293169975,26,45,1.009420037,148,1.897369981,-3,0.197531,122.3116,42.9121,0.6671,294.2000122,7.058330059,503.1539917,564.4689941,138795008,15.41860008,15.41860008,82.15249634,196,314.6000061,3421.669922,43.32180023,25,117.1149979,4000,7615.77002,241,123911,1,1684,75,235,137
B1367,0.3275,139.7640076,16,693,2013,121,0.148025006,56,28,5.259300232,97,5.639150143,16,0.197531,121.0911,47.0861,0.8566,491,1.183330059,723.7160034,529.434021,134061000,7.89236021,7.89236021,8.373330116,11.6111002,46.01179886,295.756012,4.442619801,0,27.6534996,48000,94047.89844,0,119.4919968,1,4384,70,283,118
B1368,0.6931,356.697998,27,1154,2013,0,0.177424997,41,32,8.013110161,1,8.449850082,-1,0.197531,121.0506,47.9192,0.8896,558.7000122,-1.766669989,795.3510132,464.6019897,127179000,3.504580021,3.504580021,10.3032999,51.64640045,32.26649857,531.3809814,6.268559933,0,65.00669861,11661.90039,104048,3,126.8970032,1,6026,62,271,106
B1369,0.705,8.583620071,27,855,2013,52,0.242899999,45,28,8.24285984,126,8.64869976,1,0.493826985,120.7332,46.9078,0.8548,521.4000244,0.283333004,699.6450195,490.5350037,134782000,7.744579792,7.744579792,4.975019932,87.25559998,40.93259811,479.1480103,3.952610016,5,19.53750038,23769.69922,121643,1,72.29149628,1,4503,69,272,113
B1370,0.7597,143.1300049,27,903,2013,0,2.986089945,45,28,0.77421999,126,1.183220029,-2,-0.086419798,120.656,46.954,0.881,478.2000122,0.050000001,711.3460083,468.5150146,135128992,6.752359867,6.752359867,0.227443993,6.114779949,3.230600119,31.86499977,0.240744993,0,17.09350014,26000,126317,0,58.89789963,1,5906,65,264,108
B1371,0.8141,45,27,904,2013,0,2.378289938,45,28,0.328489989,126,0.632456005,16,0,120.654,46.9546,0.881,489.1000061,-0.025,711.3460083,468.5150146,135128992,6.752359867,6.752359867,0.227443993,6.114779949,3.230600119,31.86499977,0.240744993,0,17.09350014,26000,126317,0,58.89789963,1,5906,65,264,108
B1372,0.9518,13.71730042,27,849,2013,87,0.453218997,45,28,10.01850033,126,9.93982029,0,0.024691399,120.7351,46.9083,0.8548,460.6000061,0.283333004,699.6450195,490.5350037,134782000,7.744579792,7.744579792,4.975019932,87.25559998,40.93259811,479.1480103,3.952610016,5,19.53750038,23769.69922,121643,1,72.29149628,1,4503,69,272,113
B1373,0.96,211.3289948,19,542,2013,115,0.0051227,54,27,4.162220001,126,7.707139969,16,-0.037037,121.9614,47.3111,0.8943,421.1000061,2.166670084,734.7349854,539.0239868,132857000,10.44190025,10.44190025,29.75329971,54.33560181,153.5059967,1121.420044,15.92520046,15,170.5410004,65299.30078,29546.59961,3,899.914978,1,3501,70,257,124
B1374,1.0976,16.5258007,27,1105,2013,0,0.830313981,41,32,7.309510231,1,7.987490177,16,-0.024691399,121.0597,47.9225,0.8954,558.5999756,-1.649999976,790.3790283,464.6019897,127179000,3.504580021,3.504580021,10.3032999,51.64640045,32.26649857,531.3809814,6.268559933,1,54.19229889,10816.7002,104293,1,126.8970032,1,6098,63,277,106
B1375,1.1206,352.4760132,27,1128,2013,0,0.204125002,41,32,8.221610069,1,8.29458046,2,0,121.0503,47.9208,0.8896,541.2000122,-1.766669989,781.7639771,464.6019897,127179000,3.504580021,3.504580021,10.3032999,51.64640045,32.26649857,531.3809814,6.268559933,1,65.00669861,10816.7002,104293,3,126.8970032,1,6026,62,271,106
B1376,1.1637,192.0950012,41,526,2013,0,0.481974989,40,19,4.42550993,22,4.516640186,-2,-0.049382702,121.895,47.3033,0.7636,444.2000122,2.099999905,733.8619995,517.1929932,133850000,10.59029961,10.59029961,29.75329971,54.33560181,153.5059967,1121.420044,15.92520046,2,193.345993,69656.29688,34014.69922,2,284.7059937,1,3817,69,260,117
B1377,1.2254,66.80139923,27,901,2013,72,2.900409937,45,28,0.589644015,126,1.095450044,16,-0.024691399,120.6564,46.9537,0.881,478.2000122,0.050000001,700.1489868,468.5150146,135128992,6.752359867,6.752359867,0.227443993,6.114779949,3.230600119,31.86499977,0.240744993,0,17.09350014,26000,126317,0,58.89789963,1,5906,65,264,108
B1378,1.2633,122.5739975,27,1094,2013,90,0.00879188,41,32,6.58618021,1,6.434279919,0,0,121.0614,47.9192,0.8954,556.0999756,-1.649999976,781.7680054,464.6019897,127179000,3.504580021,3.504580021,10.3032999,51.64640045,32.26649857,531.3809814,6.268559933,1,54.1595993,10816.7002,104293,1,126.8970032,1,6026,62,271,106
B1379,1.3118,172.4049988,41,525,2013,0,0.203200996,40,19,4.676300049,22,5.727129936,1,0.049382702,121.8981,47.3031,0.7636,444.2000122,2.025000095,733.8619995,517.1929932,133850000,10.06260014,10.06260014,29.75329971,54.33560181,153.5059967,1121.420044,15.92520046,3,193.345993,68884,33105.89844,2,284.7059937,1,3817,69,260,117
B1380,1.3194,328.2080078,27,836,2013,33,0.518067002,45,28,10.88930035,126,11.48910046,1,0,120.8163,46.763,0.8618,477.7999878,0.866666973,679.7659912,528.2540283,131494000,8.217359543,8.217359543,3.393480062,12.21070004,23.56089973,156.5090027,1.862380028,1,23.37240028,6324.560059,112294,6,12788.7002,1,4260,70,251,117
B1381,1.3605,61.76259995,22,864,2013,0,0.884666026,46,32,9.406220436,152,10.55459976,3,-0.049382702,121.2778,48.0183,0.8973,546.0999756,-1.183330059,776.9509888,495.7969971,124258000,5.026110172,5.026110172,10.3032999,51.64640045,32.26649857,531.3809814,6.268559933,0,60.7098999,5656.850098,94005.29688,1,618.664978,1,7072,63,295,109
B1382,1.3648,28.4428997,27,837,2013,133,0.568452001,45,28,8.392809868,126,8.590689659,-1,-0.049382702,120.735,46.909,0.8548,460.6000061,0.283333004,699.6450195,490.5350037,134782000,7.744579792,7.744579792,4.975019932,87.25559998,40.93259811,479.1480103,3.952610016,5,19.53750038,23769.69922,121643,1,72.29149628,1,4503,69,272,115
B1383,1.4235,194.0359955,7,297,2013,90,1.517150044,80,13,1.276739955,101,1.673320055,16,-0.049382702,121.7953,42.895,0.5821,214.8000031,7.066669941,455.8829956,518.5980225,133890000,16.05509949,16.05509949,59.3445015,95.1187973,330.8169861,2236.060059,30.68840027,17,98.34300232,14866.09961,46486.60156,4,1146.050049,1,2762,77,223,135
B1384,1.4423,14.62090015,19,537,2013,15,0.557801008,54,27,3.675770044,126,4.538720131,16,-0.049382702,121.9592,47.3106,0.8943,421.1000061,2.166670084,734.7349854,539.0239868,132857000,10.44190025,10.44190025,29.75329971,54.33560181,153.5059967,1121.420044,15.92520046,15,170.5410004,65299.30078,29546.59961,3,899.914978,1,3501,70,257,124
B1385,1.4655,315,18,196,2013,71,7.44370985,51,31,0.109498002,57,0,-1,0.197531,121.7656,44.1227,0.6367,261.3999939,6.533329964,358.0050049,478.8240051,136548000,16.6739006,16.6739006,183.1529999,482.9020081,811.9829712,7878.720215,95.80380249,9,99.51119995,1000,1000,3,25079.19922,1,3612,79,215,136
B1386,1.4819,198.4349976,19,939,2013,34,2.525379896,54,27,2.691309929,126,3.435110092,16,0.0123457,120.6283,46.9725,0.886,577.0999756,-0.316666991,713.0490112,470.2980042,135148992,5.260829926,5.260829926,0.227443993,6.114779949,3.230600119,31.86499977,0.240744993,0,15.96249962,25059.90039,127389,2,58.89789963,1,5834,65,255,111
B1387,1.4888,60.94540024,27,905,2013,20,2.83604002,45,28,0.797106028,126,1.095450044,1,0.148148,120.6534,46.9554,0.881,587.2999878,-0.025,711.3460083,468.5150146,135128992,6.752359867,6.752359867,0.227443993,6.114779949,3.230600119,31.86499977,0.240744993,0,17.09350014,26000,126317,0,58.89789963,1,5906,65,264,112
B1388,1.4943,45,27,904,2013,0,2.378289938,45,28,0.328489989,126,0.632456005,16,-0.061728399,120.6543,46.9549,0.881,489.1000061,-0.025,711.3460083,468.5150146,135128992,6.752359867,6.752359867,0.227443993,6.114779949,3.230600119,31.86499977,0.240744993,0,17.09350014,26000,126317,0,58.89789963,1,5906,65,264,112
B1389,1.5196,165.3430023,22,892,2013,0,5.24128E-07,46,32,15.23639965,152,17.78759956,16,-0.358025014,121.2781,48.0139,0.8886,407.1000061,-1.133329988,776.9509888,495.7969971,124258000,5.364170074,5.364170074,10.3032999,51.64640045,32.26649857,531.3809814,6.268559933,0,47.33850098,6403.120117,93005.39844,1,618.664978,1,5663,67,303,109
B1390,1.5729,348.6900024,22,199,2013,0,7.254849911,48,30,0.394793987,57,2.144759893,-1,0.123457,121.7424,44.1305,0.5594,260.6000061,6.583330154,358.1539917,465.8569946,136683008,16.72500038,16.72500038,183.1529999,482.9020081,811.9829712,7878.720215,95.80380249,19,150.4140015,1000,1000,1,25079.19922,1,3581,78,218,135
B1391,1.5858,84.80560303,22,840,2013,0,0.000445403,46,32,10.15480042,152,11.77289963,-1,-0.123457,121.2806,48.0136,0.8496,407.1000061,-1.166669965,776.9509888,495.7969971,124258000,5.364170074,5.364170074,10.3032999,51.64640045,32.26649857,531.3809814,6.268559933,0,47.33850098,6403.120117,93005.39844,1,618.664978,1,5483,68,301,112
B1392,1.6925,162.3500061,22,841,2013,0,0.637758017,46,32,3.570440054,152,6.542170048,16,-0.061728399,121.2814,48.0158,0.8496,546.0999756,-1.166669965,776.9509888,495.7969971,124258000,5.364170074,5.364170074,10.3032999,51.64640045,32.26649857,531.3809814,6.268559933,0,60.7098999,6403.120117,93005.39844,1,618.664978,1,5483,68,301,109
B1393,1.7008,206.5650024,7,259,2013,84,7.087120056,80,13,0.346258998,101,0.632456005,-2,-0.209876999,122.29,42.8922,0.722,311.3999939,7.025000095,503.625,564.4689941,139810000,14.91709995,14.91709995,82.15249634,196,314.6000061,3421.669922,43.32180023,10,93.75460052,3605.550049,9219.540039,9,761.7910156,1,1678,76,229,138
B1394,1.7034,108.4349976,27,903,2013,0,2.83604002,45,28,0.734493971,126,2.09762001,-2,-0.086419798,120.6532,46.9559,0.881,489.1000061,-0.025,711.3460083,468.5150146,135128992,6.752359867,6.752359867,0.227443993,6.114779949,3.230600119,31.86499977,0.240744993,0,17.09350014,26000,126317,0,58.89789963,1,5906,65,264,112
B1395,1.7987,191.3099976,7,240,2013,78,7.562739849,80,13,1.18422997,101,2.323790073,-1,-0.024691399,122.2645,43.0856,0.6833,305.7000122,7,474.743988,562.9470215,136936992,15.80379963,15.80379963,82.15249634,196,314.6000061,3421.669922,43.32180023,23,117.7580032,1000,10440.2998,5,18001.90039,1,2158,76,232,139
B1396,1.9089,329.0360107,7,293,2013,0,2.971920013,80,13,0.451462001,101,1.264909983,0,-0.160494,121.803,42.8986,0.4579,214.8000031,7.058330059,457.4930115,518.5980225,133698000,15.98209953,15.98209953,59.3445015,95.1187973,330.8169861,2236.060059,30.68840027,7,98.34300232,13928.40039,45541.19922,4,1146.050049,1,2762,77,223,135
B1397,1.9759,207.1809998,19,943,2013,59,1.949779987,54,27,3.217050076,126,2.898279905,1,-0.234568,120.627,46.9733,0.886,592.0999756,-0.316666991,713.0490112,470.2980042,135148992,5.260829926,5.260829926,0.227443993,6.114779949,3.230600119,31.86499977,0.240744993,0,15.96249962,25059.90039,127389,2,58.89789963,1,5834,65,255,111
B1398,2.0053,50.46910095,19,1145,2013,155,0.00940671,54,27,10.22980022,17,10.78890038,-2,0.728394985,120.6273,46.9405,0.9106,603.5,-0.550000012,726.4349976,464.8739929,135528000,6.147079945,6.147079945,4.975019932,87.25559998,40.93259811,479.1480103,3.952610016,0,17.05190086,24351.59961,128035,0,58.89789963,1,5005,67,303,111
B1399,2.0288,156.0379944,18,192,2013,0,7.406239986,51,31,1.524770021,60,2.049390078,1,0.407406986,121.7647,44.1198,0.6367,269.6000061,6.533329964,358.0050049,478.8240051,136548000,16.66760063,16.66760063,183.1529999,482.9020081,811.9829712,7878.720215,95.80380249,9,188.0809937,1000,1000,3,4433.720215,1,3612,79,215,136
B1400,2.1233,355.6010132,27,845,2013,6,0.774563015,45,28,7.031139851,17,8.258330345,16,0.061728399,120.818,46.7633,0.8618,477.7999878,0.866666973,679.7659912,528.2540283,131494000,8.217359543,8.217359543,3.393480062,12.21070004,23.56089973,156.5090027,1.862380028,1,23.37240028,7280.109863,112770,6,12788.7002,1,4260,70,251,117
B1401,2.2962,225,18,196,2013,71,7.432149887,51,31,0.328489989,57,0.774596989,-1,-0.123457,121.7623,44.1227,0.6367,261.3999939,6.550000191,358.0050049,478.8240051,136548000,16.66760063,16.66760063,183.1529999,482.9020081,811.9829712,7878.720215,95.80380249,8,99.51119995,1000,0,3,25079.19922,1,3461,79,215,136
B1402,2.3018,283.67099,27,853,2013,0,0.289177001,45,28,8.775690079,17,9.715970039,16,-0.333332986,120.8196,46.7641,0.8138,466.6000061,0.866666973,679.7659912,528.2540283,131494000,8.217359543,8.217359543,3.393480062,12.21070004,23.56089973,156.5090027,1.862380028,0,23.37240028,7280.109863,112770,0,12788.7002,1,4260,70,251,117
B1403,2.4435,322.125,7,298,2013,31,0.588218987,80,13,0.88273102,101,1.095450044,16,-0.061728399,121.7957,42.8962,0.5821,214.8000031,7.058330059,455.8829956,518.5980225,133890000,16.05509949,16.05509949,59.3445015,95.1187973,330.8169861,2236.060059,30.68840027,17,98.34300232,14866.09961,46486.60156,4,1146.050049,1,2762,77,223,135
B1404,2.7395,161.5650024,7,238,2013,0,7.56551981,80,13,0.979283988,101,1.095450044,16,-0.098765403,122.2691,43.0829,0.6833,296.3999939,7.008329868,475.6749878,562.9470215,136936992,15.65190029,15.65190029,82.15249634,196,314.6000061,3421.669922,43.32180023,17,117.7580032,2000,9486.830078,9,18001.90039,1,2205,77,231,138
B1405,2.9998,45,7,271,2013,59,3.801539898,80,13,0.875914991,101,1.095450044,0,0.098765403,122.0907,42.8469,0.5741,253.3999939,7.074999809,489.1700134,557.5670166,137722000,16.11289978,16.11289978,76.44819641,506.2330017,683.2329712,3708.620117,36.82860184,22,109.112999,1000,24738.59961,1,895.7219849,1,1882,76,218,139
B1406,3.0196,165.4400024,27,799,2013,111,0.0001169,45,28,12.13459969,126,15.13939953,-1,-0.234568,120.7883,46.7636,0.817,469.7999878,0.966666996,650.3959961,528.2540283,131738000,8.82763958,8.82763958,3.393480062,12.21070004,23.56089973,156.5090027,1.862380028,1,26.27980042,7000,114061,0,12788.7002,1,4145,70,257,123
B1407,0.0414,101.3099976,18,520,2013,0,2.38902998,51,31,0.78955102,55,1.414209962,16,0,119.9798,42.4965,0.5433,313.1000061,7.283329964,396.243988,451.0740051,135171008,16.60079956,16.60079956,235.9880066,444.2510071,747.0809937,15496.40039,118.8030014,21,170.5570068,16643.30078,0,36,2992.699951,1,2012,79,208,137
B1408,0.0585,356.4240112,7,1150,2013,16,1.977800012,80,13,2.480940104,101,2.966480017,2,-0.160494,117.4346,43.215,0.6624,344.3999939,2.666670084,406.2539978,473.0169983,143236992,9.669309616,9.669309616,141.7059937,1912.27002,259.3110046,13051.90039,97.97570038,4,69.85669708,2828.429932,2000,982,434.9030151,1,2522,80,215,121
B1409,0.0881,165.7350006,21,635,2013,36,0.534120977,58,21,4.702909946,62,4.939640045,1,-0.160494,119.023,42.2561,0.6049,291.8999939,7.625,392.493988,434.6809998,140116992,17.38960075,17.38960075,683.4210205,4634.779785,1629.290039,53494.30078,375.9309998,8,4955.549805,2828.429932,1000,2222,5459480,1,1418,81,181,137
B1410,0.112,168.6900024,21,637,2013,74,0.370258003,58,21,2.761460066,62,3.162280083,16,-0.185185,119.0247,42.2562,0.6049,291.8999939,7.625,392.493988,434.6809998,140116992,17.38960075,17.38960075,683.4210205,4634.779785,1629.290039,53494.30078,375.9309998,8,4955.549805,2828.429932,1000,2222,5459480,1,1592,81,186,137
B1411,0.1237,147.529007,7,1279,2013,0,4.855259895,80,13,1.009420037,101,1.673320055,1,0,116.3931,42.1525,0.6422,374.7999878,3.208329916,441.1789856,530.2739868,141062000,14.19419956,14.19419956,267.7990112,2399.929932,1179.77002,18286.19922,177.1360016,6,203.1849976,2000,54231,37,905.2020264,1,2664,81,207,134
B1412,0.1261,255.9640045,7,1283,2013,151,4.741399765,80,13,0.63845098,101,0.774596989,-1,0.0123457,117.0696,43.2514,0.557,307.3999939,1.316669941,399.8930054,478.901001,132759000,10.53439999,10.53439999,43.73249817,110.3580017,98.58930206,1798.329956,24.25790024,8,55.47359848,13892.40039,7615.77002,5,1073.01001,1,3091,80,233,134
B1413,0.1353,294.4440002,18,639,2013,0,1.154690027,51,31,1.870440006,55,1.673320055,-1,-0.086419798,120.0956,42.3698,0.7123,313.5,6.974999905,423.0549927,504.8059998,135920992,15.27499962,15.27499962,113.0839996,251.8139954,359.0409851,4745.410156,57.95009995,16,190.2910004,32280,16278.7998,0,12047.2002,1,1759,79,250,137
B1414,0.1394,45,7,1270,2013,105,5.386099815,80,13,0.109498002,101,0.632456005,0,-0.0123457,116.4104,42.1491,0.5462,350.8999939,3.25,440.67099,539.7160034,141060000,14.53069973,14.53069973,267.7990112,2399.929932,1179.77002,18286.19922,177.1360016,4,127.8180008,1414.209961,55154.30078,366,25965.40039,1,2820,82,204,135
B1415,0.1406,30.96380043,7,358,2013,0,6.594230175,80,13,0.451462001,101,1.414209962,16,0.209876999,120.7139,42.9393,0.4345,248.1999969,7.074999809,377.6589966,469.1889954,133062000,17.07309914,17.07309914,128.6660004,332.5620117,355.1229858,5528.140137,68.06569672,6,117.9889984,1000,13601.5,28,848.039978,1,2054,79,207,141
B1416,0.1439,171.1580048,21,625,2013,13,0.564059973,58,21,3.521660089,62,3.605550051,16,0.197531,119.0273,42.2553,0.6049,309.1000061,7.625,392.493988,434.6809998,140116992,17.38960075,17.38960075,683.4210205,4634.779785,1629.290039,53494.30078,375.9309998,8,6928,3162.280029,1000,1421,5459480,1,1592,81,186,139
B1417,0.147,311.4240112,18,610,2013,50,1.373990059,51,31,1.754840016,55,2.323790073,1,-0.074074097,120.086,42.3689,0.6411,300.6000061,7.025000095,418.3720093,504.8059998,135920992,15.27499962,15.27499962,113.0839996,251.8139954,359.0409851,4745.410156,57.95009995,4,190.2339935,32015.59961,15811.40039,5,12047.2002,1,1664,80,238,139
B1418,0.15,261.8699951,7,357,2013,0,6.651939869,80,13,0.547473013,101,0.774596989,16,-0.0123457,120.6784,42.9553,0.4368,194,7.008329868,376.7090149,421.6260071,130613000,17.38680077,17.38680077,47.30210114,55.44800186,127.3040009,1748.660034,23.5326004,3,132.098999,2000,16763.09961,2,848.039978,1,2262,79,218,142
B1419,0.1562,165.9640045,7,1281,2013,0,4.756869793,80,13,1.276739955,101,1.612450004,16,0.0123457,117.0651,43.2538,0.5365,305,1.316669941,399.8930054,478.901001,132759000,10.71570015,10.71570015,43.73249817,110.3580017,98.58930206,1798.329956,24.25790024,8,47.40579987,13892.40039,7615.77002,9,1073.01001,1,3091,80,233,134
B1420,0.1701,289.7990112,18,644,2013,1,0.932991982,51,31,2.056400061,55,2.607680082,16,-0.098765403,120.0964,42.3691,0.7123,313.5,6.933330059,423.0549927,504.8059998,135920992,14.97000027,14.97000027,113.0839996,251.8139954,359.0409851,4745.410156,57.95009995,16,190.2910004,32280,16278.7998,0,12047.2002,1,1759,79,250,137
B1421,0.1734,315,7,357,2013,0,6.586649895,80,13,0.109498002,101,0,16,-0.037037,120.7126,42.9419,0.4345,240.5,7.074999809,377.6589966,469.1889954,133062000,17.07309914,17.07309914,128.6660004,332.5620117,355.1229858,5528.140137,68.06569672,31,117.9889984,0,14560.2002,28,848.039978,1,2054,79,207,141
B1422,0.1904,315,18,634,2013,0,1.52256,51,31,2.407540083,55,2.720289946,16,-0.135802001,120.0957,42.372,0.7123,325.6000061,6.974999905,423.0549927,504.8059998,135920992,15.27499962,15.27499962,113.0839996,251.8139954,359.0409851,4745.410156,57.95009995,16,172.75,32280,16278.7998,0,12047.2002,1,1759,79,250,137
B1423,0.1911,318.1799927,18,633,2013,0,1.320080042,51,31,1.973219991,55,2.144759893,-3,-0.135802001,120.0949,42.3723,0.7123,325.6000061,6.974999905,423.0549927,504.8059998,135920992,15.27499962,15.27499962,113.0839996,251.8139954,359.0409851,4745.410156,57.95009995,16,190.1809998,32280,16278.7998,0,12047.2002,1,1759,79,250,137
B1424,0.1984,101.3099976,7,1288,2013,0,4.593299866,80,13,1.18422997,101,2.44949007,16,-0.135802001,116.3895,42.1551,0.7429,394.8999939,3.208329916,441.1789856,530.2739868,141062000,14.52320004,14.52320004,267.7990112,2399.929932,1179.77002,18286.19922,177.1360016,6,203.1849976,2236.070068,53310.39844,37,905.2020264,1,2664,81,207,134
B1425,0.2112,182.6029968,21,585,2013,64,0.640734017,58,21,3.406280041,62,3.492850065,0,0,119.0162,42.2909,0.4256,355.0849915,7.708330154,383.6489868,434.6809998,140116992,17.81439972,17.81439972,683.4210205,4634.779785,1629.290039,53494.30078,375.9309998,277,16123.5,1000,2000,4696,5459480,1,1326,82,166,138
B1426,0.2195,231.8430023,18,595,2013,0,5.75964E-07,51,31,10.89509964,55,11.84910011,-1,0,120.5305,44.4932,0.8635,358.2000122,4.766670227,461.3500061,423.5289917,143704000,13.78610039,13.78610039,124.6520004,496.5799866,752.3250122,5841.189941,72.80269623,1,149.3049927,36235.30078,32649.69922,3,1177.310059,1,3155,77,216,122
B1427,0.2233,30.96380043,7,362,2013,0,6.741099834,80,13,0.451462001,101,0.774596989,0,0,120.5392,42.9573,0.3845,190.3000031,7.099999905,371.8540039,388.0329895,128569000,17.85149956,17.85149956,47.30210114,55.44800186,127.3040009,1748.660034,23.5326004,3,132.0399933,13000,26925.80078,4,265.1390076,1,2058,80,179,139
B1428,0.2427,318.1799927,18,633,2013,0,1.28749001,51,31,1.973219991,55,2.144759893,-3,0,120.0955,42.3727,0.7123,325.6000061,6.974999905,423.0549927,504.8059998,135920992,15.27499962,15.27499962,113.0839996,251.8139954,359.0409851,4745.410156,57.95009995,16,172.75,32280,16278.7998,0,12047.2002,1,1759,79,250,137
B1429,0.2428,0,7,355,2013,0,6.655290127,80,13,0.154853001,101,0.632456005,10,0,120.6769,42.9564,0.4368,194,7.008329868,376.7090149,421.6260071,130613000,17.38680077,17.38680077,47.30210114,55.44800186,127.3040009,1748.660034,23.5326004,3,132.098999,3000,17720,2,848.039978,1,2262,79,218,142
B1430,0.2495,108.4349976,22,351,2013,0,6.503550053,47,31,0.244843006,142,2.049390078,16,-0.098765403,120.7606,42.9377,0.7035,230.8999939,7.083330154,379.7369995,470.7309875,132558000,17.20280075,17.20280075,128.6660004,332.5620117,355.1229858,5528.140137,68.06569672,7,108.3069992,4000,11000,7,1395.73999,1,1967,79,189,138
B1431,0.2739,315,7,1234,2013,83,2.969909906,80,13,0.437983006,101,1.732049942,16,0,117.2297,43.1651,0.2775,208.1000061,1.816669941,398.6809998,460.0180054,131413000,13.68099976,13.68099976,43.73249817,110.3580017,98.58930206,1798.329956,24.25790024,5,80.70269775,1000,5099.02002,31,1535.439941,1,3153,79,233,128
B1432,0.2934,204.4440002,16,603,2013,0,4.967130184,65,19,1.870440006,63,2.607680082,16,-0.024691399,118.9257,42.3246,0.3296,282.7999878,7.616670132,381.1600037,433.9880066,140966000,16.66250038,16.66250038,683.4210205,4634.779785,1629.290039,53494.30078,375.9309998,377,8640.94043,2236.070068,1000,4743,286321,1,1404,83,194,137
B1433,0.2937,150.2550049,16,636,2013,121,0.796764016,65,19,2.495359898,62,3.065939903,-2,0.111111,118.9988,42.3031,0.6429,295.2999878,7.574999809,387.4830017,434.6809998,141012992,17.63220024,17.63220024,683.4210205,4634.779785,1629.290039,53494.30078,375.9309998,11,7052.649902,2000,2000,2737,139579,1,1300,81,180,139
B1434,0.3198,254.0549927,22,1167,2013,0,3.827320099,46,32,1.127200007,152,2.049390078,-2,0.024691399,118.1526,44.3646,0.6365,372.7000122,0.649999976,417.2099915,501.0969849,125181000,8.478610039,8.478610039,5.956210136,6.573110104,49.45560074,160.0939941,3.957570076,4,81.45310211,19799,127953,0,175.6139984,1,3320,78,253,129
B1435,0.3236,71.56500244,7,1175,2013,3,3.975399971,80,13,0.489677995,101,0.894427001,3,-0.049382702,116.6541,43.6321,0.6168,326.6000061,1.783329964,347.5780029,461.9880066,134831008,11.31439972,11.31439972,15.01599979,85.32990265,101.9909973,553.8920288,13.69970036,2,129.5379944,34928.5,0,3,20586.69922,1,2715,80,189,122
B1436,0.325,78.69010162,7,1323,2013,0,1.935889959,80,13,0.394793987,101,2.236069918,1,0.049382702,117.1074,43.2172,0.5088,271.3999939,1.299999952,406.5820007,456.5350037,129395000,10.50599957,10.50599957,43.73249817,110.3580017,98.58930206,1798.329956,24.25790024,5,56.80329895,8944.269531,6403.120117,2,1073.01001,1,2884,79,213,135
B1437,0.3268,243.4349976,7,357,2013,0,6.650790215,80,13,0.346258998,101,0.774596989,16,0.160494,120.68,42.9548,0.6633,183.3000031,7.033329964,376.7090149,421.6260071,130613000,16.79599953,16.79599953,47.30210114,55.44800186,127.3040009,1748.660034,23.5326004,3,132.098999,2000,16763.09961,2,848.039978,1,2262,79,218,142
B1438,0.3341,180,16,600,2013,2,4.958620071,65,19,1.85758996,63,2.236069918,16,-0.024691399,118.912,42.3194,0.211,167,7.558330059,380.4500122,433.9880066,140966000,17.15679932,17.15679932,683.4210205,4634.779785,1629.290039,53494.30078,375.9309998,377,937.1220093,2000,1414.209961,3983,286321,1,1586,82,178,138
B1439,0.3408,251.5650024,7,361,2013,19,6.739880085,80,13,0.244843006,101,0.894427001,16,0,120.5404,42.9565,0.4435,187.5,7.099999905,371.8540039,388.0329895,128569000,17.85149956,17.85149956,47.30210114,55.44800186,127.3040009,1748.660034,23.5326004,3,132.0399933,12000,25961.5,4,265.1390076,1,2309,79,211,139
B1440,0.3764,185.4400024,21,608,2013,0,5.749259949,58,21,3.263099909,62,3.549649954,16,-0.111111,119.0143,42.2941,0.4256,355.0759888,7.616670132,383.6489868,434.6809998,140116992,17.81439972,17.81439972,683.4210205,4634.779785,1629.290039,53494.30078,375.9309998,98,16123.5,1000,2000,3773,5459480,1,1233,82,161,138
B1441,0.4026,225,7,1282,2013,24,4.683869839,80,13,0.437983006,101,0.774596989,1,-0.172839999,117.0666,43.2495,0.5365,318.2000122,1.299999952,399.8930054,478.901001,130241000,10.53439999,10.53439999,43.73249817,110.3580017,98.58930206,1798.329956,24.25790024,8,55.47359848,13892.40039,7615.77002,5,1073.01001,1,3091,80,233,133
B1442,0.4453,338.6289978,22,1163,2013,76,4.31828022,46,32,1.91158998,152,2.323790073,0,0.148148,118.1536,44.3711,0.7426,394.1000061,0.716666996,418.5559998,501.0969849,125181000,8.478610039,8.478610039,5.956210136,6.573110104,49.45560074,160.0939941,3.957570076,4,57.80149841,19105,128860,9,175.6139984,1,3248,78,250,129
B1443,0.4779,1.468799949,7,1328,2013,120,1.999169946,80,13,3.017839909,101,4.242640018,16,0.160494,117.119,43.2144,0.4507,225.3999939,1.291669965,409.776001,456.5350037,129395000,13.23579979,13.23579979,43.73249817,110.3580017,98.58930206,1798.329956,24.25790024,7,56.85749817,8062.259766,5830.950195,3,1073.01001,1,2917,79,224,135
B1444,0.499,161.5650024,7,362,2013,0,6.742529869,80,13,0.489677995,101,0.447214007,0,0.209876999,120.5392,42.9587,0.4823,190.3000031,7.099999905,371.8540039,388.0329895,128569000,17.85149956,17.85149956,47.30210114,55.44800186,127.3040009,1748.660034,23.5326004,3,120.9540024,13000,26925.80078,4,265.1390076,1,2058,80,179,139
B1445,0.5536,120.9639969,7,349,2013,0,6.620399952,80,13,0.451462001,101,1,1,0.024691399,120.7069,42.9657,0.7374,252.3999939,7.050000191,376.4370117,421.6260071,131852000,16.70560074,16.70560074,128.6660004,332.5620117,355.1229858,5528.140137,68.06569672,8,224.5169983,1000,16124.5,0,209.0579987,1,2432,79,213,140
B1446,0.5883,243.4349976,22,1172,2013,0,3.754820108,46,32,1.384780049,152,2.489979982,2,-0.061728399,118.1584,44.3677,0.6365,372.7000122,0.666666985,418.5559998,501.0969849,125181000,8.478610039,8.478610039,5.956210136,6.573110104,49.45560074,160.0939941,3.957570076,4,81.45310211,19105,128860,0,175.6139984,1,3320,78,253,129
B1447,1.1002,180,27,1334,2013,150,3.374079943,43,30,1.393409967,47,1.414209962,16,-0.148148,117.1834,43.5156,0.6846,335.1000061,0.5,397.2630005,512.5419922,133920000,8.743610382,8.743610382,22.19409943,25.09690094,50.44530106,771.28302,11.79049969,7,52.89070129,35510.60156,23259.40039,5,203.5670013,1,3065,78,219,130
B1448,1.1711,168.6900024,7,1030,2013,0,5.902530193,80,13,0.394793987,54,2.049390078,16,0,117.0907,44.5097,0.4951,235,1.941669941,335.394989,415.9249878,132982000,11.36880016,11.36880016,5.554759979,13.02729988,45.80540085,181.121994,3.805049896,1,23.6739006,11661.90039,100424,0,20.42099953,1,2663,79,199,137
B1449,1.1806,0,7,350,2013,0,6.630199909,80,13,0.464549989,101,0.632456005,-1,0,120.7089,42.9642,0.794,249.8000031,7.050000191,376.8080139,421.6260071,131852000,16.70560074,16.70560074,128.6660004,332.5620117,355.1229858,5528.140137,68.06569672,8,205.2369995,1000,16124.5,0,209.0579987,1,2432,79,213,140
B1450,1.2345,236.3099976,7,351,2013,0,6.659749985,80,13,0.558314025,101,1.549190044,16,0,120.6989,42.9841,0.6775,251.6999969,7.074999809,375.6990051,421.6260071,130613000,17.35400009,17.35400009,128.6660004,332.5620117,355.1229858,5528.140137,68.06569672,8,198.0500031,2828.429932,17464.30078,5,209.0579987,1,2781,80,201,141
B1451,1.4298,53.13010025,7,1217,2013,0,0.923779011,80,13,6.934350014,101,8.543999672,-1,0,117.4302,43.2014,0.7796,409.7999878,2.341670036,413.7430115,473.0169983,143236992,9.542920113,9.542920113,141.7059937,1912.27002,259.3110046,13051.90039,97.97570038,3,79.31469727,4242.640137,3605.550049,667,434.9030151,1,3664,75,243,121
B1452,1.8277,236.6499939,18,634,2013,0,0.031705,51,31,10.71790028,55,11.19820023,16,0,120.4982,44.5173,0.8204,389.1000061,4.5,465.4169922,423.5289917,143576000,13.32120037,13.32120037,99.15010071,435.5700073,584.8969727,4833.640137,58.17029953,1,87.95639801,37696.19922,34176,0,1177.310059,1,2896,76,224,120
B1453,1.9678,260.2179871,18,664,2013,0,0.116224997,51,31,4.547440052,55,7.912020206,-1,0,120.497,44.5321,0.8538,387.2000122,4.391670227,471.0169983,423.5289917,143576000,14.6704998,14.6704998,99.15010071,435.5700073,584.8969727,4833.640137,58.17029953,1,87.81159973,38275.30078,34785.10156,5,1955.25,1,3257,76,216,119
B1454,1.985,158.9620056,27,526,2013,0,3.038170099,43,30,1.078299999,47,1.949360013,-2,0,120.4985,44.5656,0.7265,301.5,5.183330059,449.3110046,446.730011,141978000,14.28419971,14.28419971,99.15010071,435.5700073,584.8969727,4833.640137,58.17029953,3,108.4570007,38078.89844,34713.10156,2,1955.25,1,2750,78,201,133
B1455,2.1419,230.4400024,18,602,2013,0,0.795566976,51,31,4.609749794,55,5.176869869,16,0,120.4977,44.514,0.8204,389.2999878,4.724999905,465.4169922,423.5289917,143576000,13.72539997,13.72539997,99.15010071,435.5700073,584.8969727,4833.640137,58.17029953,1,87.95639801,38078.89844,34539.80078,6,1177.310059,1,2837,77,220,120
B1456,2.7094,281.3099976,29,1261,2013,0,5.521669865,42,29,0.394793987,127,1.897369981,-1,0,116.4641,42.1335,0.7151,431.1000061,3.299999952,444.0799866,533.2630005,140658000,14.06379986,14.06379986,267.7990112,2399.929932,1179.77002,18286.19922,177.1360016,11,143.6929932,0,59236.80078,576,25965.40039,1,2674,81,199,136
B1457,3.193,345.651001,22,1156,2013,0,1.638939977,46,32,6.840439796,152,7.745969772,16,0,118.1446,44.3816,0.6326,313.6889954,0.791666985,416.0169983,490.6960144,124777000,8.170419693,8.170419693,5.956210136,6.573110104,49.45560074,160.0939941,3.957570076,177,53.08150101,19209.40039,130188,0,175.6139984,1,3251,78,232,127
B1458,0.052,322.8739929,22,949,2013,22,0.0321716,49,29,10.27910042,13,12.28820038,1,0,118.7787,41.9031,0.7456,404.2000122,6.258329868,494.2070007,564.9260254,146463008,12.95820045,12.95820045,147.1880035,260.6950073,407.2399902,5916.149902,73.93920135,10,202.4380035,34669.89844,5000,383,2650.820068,1,2406,77,187,120
B1459,0.1978,283.8410034,22,1024,2013,0,6.3722E-05,49,29,10.87199974,13,10.16860008,16,0,118.7767,41.8876,0.8513,439,5.808330059,466.95401,564.9260254,147268992,11.73579979,11.73579979,147.1880035,260.6950073,407.2399902,5916.149902,73.93920135,3,268.802002,35805,5385.169922,196,2650.820068,1,2680,76,187,116
B1460,0.2372,322.8739929,22,949,2013,22,0.344289005,49,29,10.27910042,13,12.28820038,1,0,118.7785,41.9026,0.7456,404.2000122,6.258329868,453.3089905,564.9260254,146463008,12.95820045,12.95820045,147.1880035,260.6950073,407.2399902,5916.149902,73.93920135,10,202.4380035,34669.89844,5000,383,2650.820068,1,2406,77,187,120
B1461,0.2746,301.2850037,22,1145,2013,155,0.685784996,49,29,18.28809929,13,21.89979935,-2,0,118.5143,41.7323,0.8466,497.1000061,4.491670132,532.0880127,585.3660278,146191008,10.61870003,10.61870003,263.9639893,1223.420044,510.2290039,11756.40039,134.0980072,2,189.8800049,34885.5,8246.209961,23,81819.20313,1,3357,72,190,112
B1462,0.5052,266.4960022,22,1265,2013,136,0.000517934,49,29,11.25599957,13,13.57940006,16,0,118.7997,41.8602,0.8658,512,4.550000191,533.651001,564.9260254,147280000,9.515000343,9.515000343,263.9639893,1223.420044,510.2290039,11756.40039,134.0980072,5,193.3200073,35057.10156,9433.980469,3,926.9060059,1,4319,69,192,112
B1463,0.617,216.6470032,22,1388,2013,0,3.67558E-05,49,29,25.95499992,13,30.76040077,16,0,118.7984,41.8697,0.89,460.2000122,4.516670227,502.9200134,564.9260254,147268992,9.878330231,9.878330231,263.9639893,1223.420044,510.2290039,11756.40039,134.0980072,12,183.3450012,34058.80078,8544,4,926.9060059,1,4120,72,200,114
B1464,0.7466,33.0848999,22,1437,2013,0,0.000706399,49,29,12.01869965,13,13.58679962,-1,0,118.8018,41.8734,0.8084,424.6000061,4.516670227,525.9450073,564.9260254,147280000,9.878330231,9.878330231,263.9639893,1223.420044,510.2290039,11756.40039,134.0980072,12,191.9290009,34058.80078,8544,0,926.9060059,1,3304,76,206,113
B1465,0.7541,265.3469849,22,1332,2013,0,4.0611E-06,49,29,13.12679958,13,13.05370045,16,0,118.8034,41.8597,0.8658,515.2999878,4.550000191,533.651001,564.9260254,147280000,9.515000343,9.515000343,263.9639893,1223.420044,510.2290039,11756.40039,134.0980072,5,193.3200073,35057.10156,9433.980469,3,926.9060059,1,4319,69,192,112
B1466,1.0463,274.6740112,22,1172,2013,0,0.00017467,49,29,12.16569996,13,11.19820023,2,-0.555555999,118.511,41.7255,0.8602,439.3999939,4.841670036,527.8150024,585.3660278,146191008,10.19499969,10.19499969,263.9639893,1223.420044,510.2290039,11756.40039,134.0980072,2,193.6880035,35355.30078,8544,17,81819.20313,1,3599,70,164,112
B1467,1.1434,309.2260132,22,1153,2013,0,0.038999598,49,29,18.87610054,13,19.74839973,3,1.049379945,118.5131,41.7308,0.8466,499.2000122,4.841670036,527.8150024,585.3660278,146191008,10.61870003,10.61870003,263.9639893,1223.420044,510.2290039,11756.40039,134.0980072,2,189.8800049,34885.5,8246.209961,23,81819.20313,1,3357,72,190,112
B1468,1.3406,50.93999863,22,1317,2013,0,4.42902E-05,49,29,18.38710022,13,18.71360016,0,-0.160494,118.5067,41.7059,0.9222,525.5999756,3.716670036,543.9470215,585.3660278,146191008,8.691949844,8.691949844,263.9639893,1223.420044,510.2290039,11756.40039,134.0980072,0,250.548996,36359.30078,8944.269531,7,81819.20313,1,3268,71,184,112
B1469,1.3822,296.7919922,22,1157,2013,113,9.48896E-06,49,29,17.00359917,13,17.7595005,0,-0.024691399,118.5136,41.7296,0.8466,499.2000122,4.491670132,527.8150024,585.3660278,146191008,10.19499969,10.19499969,263.9639893,1223.420044,510.2290039,11756.40039,134.0980072,2,193.6880035,34885.5,8246.209961,23,81819.20313,1,3357,72,190,112
B1470,1.6297,283.4429932,22,1341,2013,58,7.54337E-06,49,29,15.89859962,13,17.97220039,16,-0.024691399,118.802,41.8586,0.8658,512,4.550000191,533.651001,564.9260254,147280000,9.515000343,9.515000343,263.9639893,1223.420044,510.2290039,11756.40039,134.0980072,5,193.3200073,35057.10156,9433.980469,3,926.9060059,1,4319,69,192,112
B1471,1.7826,330.7810059,22,1446,2013,121,0.025890101,49,29,5.21969986,13,5.440589905,0,-0.024691399,118.8004,41.8515,0.9136,488.6000061,4.400000095,542.9260254,564.9260254,147280000,10.25459957,10.25459957,263.9639893,1223.420044,510.2290039,11756.40039,134.0980072,17,251.3079987,35128.30078,9848.860352,6,926.9060059,1,4352,70,202,112
B1472,1.3508,18.67169952,19,600,2010,2,0.396088988,54,27,11.6857996,17,15.50479984,16,-0.024691399,124.9412,41.8498,0.9218,530.5,4.658329964,644.5960083,572.1420288,126774000,7.447780132,7.447780132,79.30590057,283.5889893,231.5330048,2821.639893,33.0583992,0,198.3999939,28178,16552.90039,100,1239.050049,1,3721,61,229,116
B1473,0.0052,188.9730072,7,230,2010,0,3.222140074,80,13,2.975990057,101,3.37638998,0,0.024691399,122.4834,42.7116,0.7152,306.8999939,6.616670132,328.0559998,540.8930054,133263000,13.2347002,13.2347002,140.9459991,516.03302,1051.069946,5139.470215,57.31119919,231,265.7409973,1000,1000,504,7379.669922,1,1463,75,232,141
B1474,0.1237,90,7,251,2010,0,7.449369907,80,13,0.77421999,142,1.095450044,16,0.0123457,122.4089,42.9034,0.8146,315.8999939,6.525000095,385.821991,520.6459961,134004000,14.75139999,14.75139999,80.50409698,282.2630005,455.4960022,3460.590088,40.94979858,24,109.9420013,2000,1000,451,120245,1,1451,77,237,138
B1476,0.1486,45,7,214,2010,21,3.126830101,80,13,0.218995005,101,0.774596989,1,0.358025014,122.5434,42.6898,0.7768,320.7000122,6.675000191,314.5490112,540.8930054,133654000,13.47000027,13.47000027,140.9459991,516.03302,1051.069946,5139.470215,57.31119919,22,132.8769989,4123.109863,2828.429932,4,5456.560059,1,1402,75,240,138
B1477,0.1695,217.875,7,251,2010,0,7.448029995,80,13,0.88273102,101,1.183220029,16,-0.555555999,122.4103,42.9044,0.7206,315.8999939,6.525000095,385.821991,520.6459961,134004000,14.56309986,14.56309986,80.50409698,282.2630005,455.4960022,3460.590088,40.94979858,24,88.1257019,2000,1000,451,120245,1,1451,77,237,138
B1478,0.1774,348.6900024,7,215,2010,78,3.126830101,80,13,0.394793987,101,0.632456005,-2,0.049382702,122.5441,42.6892,0.7768,364.2000122,6.675000191,314.5490112,540.8930054,133654000,13.47000027,13.47000027,140.9459991,516.03302,1051.069946,5139.470215,57.31119919,22,132.8769989,4123.109863,2828.429932,4,5456.560059,1,1358,75,242,138
B1479,0.208,3.814069986,22,208,2010,41,3.665610075,47,31,1.163820028,142,1.341639996,0,0.074074097,122.5758,42.6846,0.6327,310.2000122,6.75,309.7640076,547.6209717,133774000,13.33539963,13.33539963,140.9459991,516.03302,1051.069946,5139.470215,57.31119919,13,153.4199982,5830.950195,4472.140137,0,5456.560059,1,1373,75,245,139
B1480,0.2219,315,7,215,2010,78,3.126830101,80,13,0.328489989,101,0.447214007,-2,-0.185185,122.5442,42.6897,0.7768,364.2000122,6.675000191,314.5490112,540.8930054,133654000,13.47000027,13.47000027,140.9459991,516.03302,1051.069946,5139.470215,57.31119919,22,132.8769989,4123.109863,2828.429932,4,5456.560059,1,1358,75,242,138
B1481,0.2459,50.19440079,7,221,2010,69,0.366575986,80,13,1.209259987,101,1.732049942,-1,-0.407406986,122.5418,42.6855,0.7413,350.5,6.675000191,314.5490112,540.8930054,133654000,13.14439964,13.14439964,140.9459991,516.03302,1051.069946,5139.470215,57.31119919,13,132.8769989,3605.550049,2236.070068,5,5456.560059,1,1516,75,239,138
B1482,0.3302,188.1300049,7,237,2010,0,2.816689968,80,13,0.547473013,101,1.095450044,-2,0.209876999,122.5476,42.7264,0.6893,315.1000061,6.625,325.2829895,540.8930054,133087000,12.87849998,12.87849998,140.9459991,516.03302,1051.069946,5139.470215,57.31119919,20,204.1060028,5656.850098,3162.280029,20,5456.560059,1,1640,74,236,138
B1483,0.3342,84.80560303,22,210,2010,30,3.559289932,47,31,1.709900022,101,2.720289946,16,0.049382702,122.5783,42.6834,0.6327,310.2000122,6.716670036,309.7640076,547.6209717,133774000,13.33539963,13.33539963,140.9459991,516.03302,1051.069946,5139.470215,57.31119919,13,153.4199982,5830.950195,4472.140137,0,5456.560059,1,1373,75,245,139
B1484,0.3581,270,7,235,2010,41,3.234250069,80,13,1.548159957,101,2.236069918,16,0.024691399,122.5495,42.7248,0.6893,352.2000122,6.641670227,325.2829895,547.6209717,133087000,12.87849998,12.87849998,140.9459991,516.03302,1051.069946,5139.470215,57.31119919,20,204.1060028,5656.850098,3162.280029,20,5456.560059,1,1640,74,236,138
B1485,0.3734,300.9639893,22,208,2010,41,3.568490028,47,31,0.902867973,101,1.483240008,0,-0.0123457,122.5802,42.6833,0.6946,307.7000122,6.75,309.7640076,547.6209717,133774000,13.33539963,13.33539963,140.9459991,516.03302,1051.069946,5139.470215,57.31119919,13,153.4199982,5830.950195,4472.140137,0,5456.560059,1,1373,75,245,139
B1486,0.3902,194.7440033,7,217,2010,0,3.281949997,80,13,1.520840049,101,2.28034997,1,0.049382702,122.5244,42.7024,0.8469,326.3999939,6.641670227,320.6520081,540.8930054,133087000,13.54150009,13.54150009,140.9459991,516.03302,1051.069946,5139.470215,57.31119919,51,204.8580017,2828.429932,1000,41,5456.560059,1,1391,74,248,139
B1487,0.3928,51.34019852,7,216,2010,50,2.139199972,80,13,0.991446972,101,1.183220029,16,0.037037,122.5448,42.6852,0.7413,328.7999878,6.675000191,314.5490112,540.8930054,133654000,13.47000027,13.47000027,140.9459991,516.03302,1051.069946,5139.470215,57.31119919,13,132.9759979,3605.550049,2236.070068,5,5456.560059,1,1516,75,239,139
B1488,0.4092,144.4620056,7,234,2010,83,2.641160011,80,13,2.662280083,101,3.521359921,-3,-0.185185,122.5479,42.7252,0.6893,315.1000061,6.641670227,325.2829895,540.8930054,133087000,12.87849998,12.87849998,140.9459991,516.03302,1051.069946,5139.470215,57.31119919,20,204.1060028,5656.850098,3162.280029,20,5456.560059,1,1640,74,236,138
B1489,0.4698,198.4349976,22,218,2010,0,3.231620073,47,31,0.489677995,101,1.341639996,-1,-0.185185,122.5423,42.6921,0.7768,320.7000122,6.666669846,317.4809875,540.8930054,133654000,13.14439964,13.14439964,140.9459991,516.03302,1051.069946,5139.470215,57.31119919,25,205.4129944,3162.280029,2000,4,5456.560059,1,1402,75,240,138
B1490,0.618,84.28939819,22,216,2010,50,3.327120066,47,31,1.555879951,101,1.612450004,16,-0.148148,122.5424,42.6912,0.7768,320.7000122,6.675000191,317.4809875,540.8930054,133654000,13.14439964,13.14439964,140.9459991,516.03302,1051.069946,5139.470215,57.31119919,25,205.4129944,3162.280029,2000,4,5456.560059,1,1402,75,240,138
B1491,0.645,150.9450073,22,218,2010,0,3.060630083,47,31,0.797106028,101,2,-1,-0.740741014,122.5411,42.691,0.7768,320.7000122,6.675000191,317.4809875,540.8930054,133654000,13.14439964,13.14439964,140.9459991,516.03302,1051.069946,5139.470215,57.31119919,25,132.8769989,3162.280029,2000,4,5456.560059,1,1402,75,240,138
B1492,0.6694,81.86990356,22,192,2010,0,3.701930046,47,31,1.094849944,142,1.549190044,1,0.69135797,122.6956,42.7637,0.8213,356.6000061,6.824999809,328.1700134,535.3859863,133169000,14.42650032,14.42650032,140.9459991,516.03302,1051.069946,5139.470215,57.31119919,11,206.0870056,17492.90039,15000,3,2798.600098,1,1368,74,238,139
B1493,0.9981,218.6600037,7,220,2010,3,3.234600067,80,13,0.991446972,101,1.183220029,2,-0.185185,122.5221,42.703,0.8469,326.3999939,6.641670227,322.5690002,540.8930054,133087000,13.54150009,13.54150009,140.9459991,516.03302,1051.069946,5139.470215,57.31119919,51,204.8580017,2828.429932,1000,41,5456.560059,1,1390,74,249,138
B1494,1.3371,191.3099976,7,220,2010,3,3.221440077,80,13,1.578799963,101,2.44949007,2,-1.938269973,122.5207,42.7034,0.8469,315.2000122,6.641670227,322.5690002,540.8930054,133087000,13.85420036,13.85420036,140.9459991,516.03302,1051.069946,5139.470215,57.31119919,28,204.8580017,2236.070068,0,41,5456.560059,1,1390,74,249,138
B1495,1.3879,52.125,7,219,2010,0,0.651086986,80,13,1.76504004,101,2,16,0.160494,122.543,42.6848,0.7413,350.5,6.675000191,314.5490112,540.8930054,133654000,13.47000027,13.47000027,140.9459991,516.03302,1051.069946,5139.470215,57.31119919,13,132.8769989,3605.550049,2236.070068,5,5456.560059,1,1516,75,239,138
B1496,1.4335,161.5650024,7,218,2010,0,3.756570101,80,13,0.979283988,101,1.897369981,-1,0.580246985,122.5523,42.7137,0.852,342.7000122,6.650000095,322.6470032,547.6209717,133383000,13.3657999,13.3657999,140.9459991,516.03302,1051.069946,5139.470215,57.31119919,29,204.8390045,5000,2828.429932,14,5456.560059,1,1486,74,243,138
B1497,1.5912,203.1990051,25,93,2010,0,7.892700195,47,28,1.768429995,126,2.09762001,16,-0.580246985,123.8071,42.9494,0.9051,365.3999939,6.408329964,462.1579895,603.6010132,128297000,11.41930008,11.41930008,389.7349854,1354.589966,2466.419922,13734.7002,157.0549927,49,332.5880127,26925.80078,8485.280273,632,28112.30078,1,1843,79,285,133
B1498,2.2339,189.4620056,7,216,2010,50,3.795700073,80,13,0.941851974,101,2.607680082,16,-0.148148,122.5539,42.7132,0.852,342.7000122,6.650000095,322.6470032,547.6209717,133383000,13.83189964,13.83189964,140.9459991,516.03302,1051.069946,5139.470215,57.31119919,30,204.8390045,5656.850098,3605.550049,14,5456.560059,1,1486,74,243,138
B1499,2.2943,45,25,95,2010,35,7.926050186,47,28,0.437983006,126,1.095450044,0,0,123.7769,42.9539,0.8627,285.2000122,6.366670132,461.2950134,603.6010132,129166000,10.83209991,10.83209991,389.7349854,1354.589966,2466.419922,13734.7002,157.0549927,99,436.7739868,28792.40039,10000,525,28112.30078,1,1722,80,276,138
B1500,2.491,135,7,249,2010,0,7.460299969,80,13,0.766439974,142,1.341639996,0,0,122.4133,42.9026,0.7206,296.1000061,6.525000095,382.9519958,520.6459961,134004000,14.56309986,14.56309986,80.50409698,282.2630005,455.4960022,3460.590088,40.94979858,24,88.1257019,2000,1000,239,120245,1,1451,77,237,138
B1501,3.1978,180,7,252,2010,46,7.460330009,80,13,0.77421999,142,1.843909979,0,-0.0123457,122.4112,42.9036,0.7206,296.1000061,6.525000095,385.821991,520.6459961,134004000,14.56309986,14.56309986,80.50409698,282.2630005,455.4960022,3460.590088,40.94979858,24,88.1257019,2000,1000,239,120245,1,1451,77,237,138
B1502,3.3621,195.2550049,7,218,2010,0,3.795700073,80,13,0.88273102,101,1.673320055,-1,-0.0123457,122.555,42.7128,0.852,342.7000122,6.658329964,322.6470032,547.6209717,133383000,13.83189964,13.83189964,140.9459991,516.03302,1051.069946,5139.470215,57.31119919,30,204.8390045,5656.850098,3605.550049,14,5456.560059,1,1305,74,248,138
B1503,3.6238,45,7,250,2010,0,7.450789928,80,13,0.218995005,142,0.894427001,16,0.0123457,122.4081,42.9019,0.8146,300.2000122,6.525000095,382.9519958,520.6459961,134004000,14.75139999,14.75139999,80.50409698,282.2630005,455.4960022,3460.590088,40.94979858,24,109.9420013,2000,1000,451,120245,1,1451,77,237,138
B1504,0.117,39.24169922,22,610,2010,50,0.058279399,49,29,12.87520027,13,13.58679962,1,0,120.4652,42.0372,0.8316,366.1000061,6.483329773,358.821991,531.7730103,148264992,14.49610043,14.49610043,133.6210022,423.5490112,548.1950073,4934.540039,59.19060135,14,91.24230194,13601.5,36619.69922,3,2291.590088,1,2590,75,180,122
B1505,0.1258,293.1990051,7,355,2010,0,6.654789925,80,13,0.589644015,101,1.341639996,10,-0.123457,120.6783,42.9577,0.5718,168.6000061,6.658329964,432.5119934,372.7149963,134298000,16.98679924,16.98679924,39.51250076,48.59519958,176.8079987,1444.369995,18.60510063,3,87.74759674,3000,17720,86,668.2609863,1,2262,79,218,142
B1506,0.1429,282.5289917,18,646,2010,0,1.131410003,51,31,1.427379966,55,1.264909983,16,-0.037037,120.0969,42.3694,0.7148,245.6999969,6.675000191,464.3599854,424.5050049,142128000,17.18149948,17.18149948,102.7929993,272.7550049,385.6199951,4355.22998,51.41450119,18,128.2290039,32280,16278.7998,0,11369.59961,1,1759,79,250,137
B1507,0.1488,315,18,638,2010,0,1.52256,51,31,2.18888998,55,2.75680995,1,-1.209879994,120.096,42.3718,0.7148,245.6999969,6.675000191,464.3599854,424.5050049,142128000,17.18149948,17.18149948,102.7929993,272.7550049,385.6199951,4355.22998,51.41450119,18,84.37529755,32280,16278.7998,0,11369.59961,1,1759,79,250,137
B1508,0.1756,282.5289917,18,646,2010,0,1.131410003,51,31,1.427379966,55,1.264909983,16,-0.617284,120.0972,42.3692,0.7148,245.6999969,6.675000191,464.3599854,424.5050049,142128000,17.18149948,17.18149948,102.7929993,272.7550049,385.6199951,4355.22998,51.41450119,18,128.2290039,32280,16278.7998,0,11369.59961,1,1759,79,250,137
B1509,0.1998,210.9640045,7,363,2010,0,6.731609821,80,13,0.451462001,101,1.264909983,16,-0.395062,120.5481,42.9498,0.4676,149.8000031,6.758329868,430.9339905,367.6099854,132185000,17.74609947,17.74609947,39.51250076,48.59519958,176.8079987,1444.369995,18.60510063,4,76.71289825,12000,25709.90039,0,210.8619995,1,2001,80,193,139
B1510,0.2661,164.0549927,7,263,2010,0,6.83258009,80,13,1.127200007,60,1.414209962,16,-0.308642,121.1592,43.4157,0.4651,257.7999878,6.525000095,407.2369995,303.8829956,139006000,17.10079956,17.10079956,122.2949982,388.0159912,830.5579834,5755.75,64.24770355,16,133.5019989,18027.80078,26172.5,0,1070.439941,1,2815,82,208,137
B1511,0.2897,270,7,363,2010,0,6.603980064,80,13,0.619390011,101,1.095450044,16,0.506173015,120.6956,42.9312,0.5794,196.3999939,6.724999905,432.947998,393.0109863,136348000,16.88940048,16.88940048,95.83809662,349.7120056,693.1900024,4348.129883,51.35010147,7,117.3789978,0,14317.7998,4,668.2609863,1,2044,80,197,140
B1512,0.3138,135,7,364,2010,0,6.738170147,80,13,0.218995005,101,1.414209962,16,0.851852,120.546,42.9561,0.4676,148.6999969,6.775000095,430.7099915,367.6099854,132185000,17.88059998,17.88059998,39.51250076,48.59519958,176.8079987,1444.369995,18.60510063,3,76.71289825,12000,25961.5,1,210.8619995,1,2309,79,211,139
B1513,0.3309,324.4620056,7,488,2010,0,4.556550026,80,13,0.666019976,101,0.632456005,-1,-0.049382702,119.716,42.5004,0.6634,297.5,6.974999905,459.3630066,379.4729919,145368000,17.0897007,17.0897007,300.4869995,1587.359985,981.9019775,19602.59961,167.6159973,26,123.2360001,4000,4123.109863,2,4308.689941,1,1916,79,227,138
B1514,0.3585,135,7,354,2010,78,6.650599957,80,13,0.109498002,101,1.732049942,16,-0.320987999,120.6815,42.9577,0.6813,166.3000031,6.683330059,432.5119934,372.7149963,134298000,16.55929947,16.55929947,39.51250076,48.59519958,176.8079987,1444.369995,18.60510063,10,87.74759674,2000,17029.40039,86,668.2609863,1,2262,79,218,142
B1515,0.3825,294.4440002,7,488,2010,0,4.556729794,80,13,0.935468018,101,1.414209962,-1,-0.320987999,119.7154,42.4998,0.6634,297.5,7,459.3630066,379.4729919,145368000,17.0897007,17.0897007,300.4869995,1587.359985,981.9019775,19602.59961,167.6159973,26,123.2360001,4000,4123.109863,2,4308.689941,1,1916,79,227,138
B1516,0.5758,251.5650024,22,285,2010,64,6.663680077,47,31,0.489677995,142,1.341639996,16,0.123457,121.0862,43.2025,0.8851,319.2000122,6.525000095,426.5169983,328.6940002,139079008,15.2784996,15.2784996,112.9150009,261.4419861,827.5499878,4535.330078,57.00130081,76,158.4880066,1414.209961,10000,71,5645.540039,1,2883,81,206,135
B1517,0.7227,341.5650024,7,487,2010,0,4.53497982,80,13,0.489677995,101,0.774596989,3,0.506173015,119.7148,42.4975,0.6487,265.1000061,7,459.8519897,379.4729919,144816992,16.99399948,16.99399948,300.4869995,1587.359985,981.9019775,19602.59961,167.6159973,26,70.93769836,4000,4123.109863,2,33706.39844,1,1916,79,227,138
B1518,0.8559,303.6900024,7,494,2010,0,4.424170017,80,13,1.116520047,101,1.183220029,0,0.407406986,119.7183,42.4964,0.6487,243.6000061,7,460.2380066,379.4729919,144816992,16.94930077,16.94930077,300.4869995,1587.359985,981.9019775,19602.59961,167.6159973,3,70.93769836,5000,3605.550049,2,33706.39844,1,1808,80,219,140
B1519,0.8928,339.4440002,7,485,2010,101,4.450729847,80,13,1.322829962,101,2.44949007,-1,0.333332986,119.7173,42.5025,0.6634,297.5,6.974999905,459.3630066,379.4729919,145368000,17.0897007,17.0897007,300.4869995,1587.359985,981.9019775,19602.59961,167.6159973,26,123.2360001,4000,4123.109863,2,4308.689941,1,1916,79,227,139
B1520,1.3568,323.1300049,7,490,2010,0,4.497489929,80,13,0.77421999,101,0.774596989,16,-0.160494,119.7182,42.4994,0.6634,282.7999878,7,459.7569885,379.4729919,144816992,17.04500008,17.04500008,300.4869995,1587.359985,981.9019775,19602.59961,167.6159973,3,123.2360001,5000,3605.550049,2,4308.689941,1,1808,80,219,138
B1521,1.5418,81.86990356,7,363,2010,0,6.742529869,80,13,0.547473013,101,1,16,0.83950597,120.5387,42.9586,0.4755,153.8000031,6.775000095,430.4100037,367.6099854,132185000,17.88059998,17.88059998,39.51250076,48.59519958,176.8079987,1444.369995,18.60510063,3,87.59889984,13000,26925.80078,9,210.8619995,1,2058,80,179,139
B1522,2.1433,263.6600037,7,261,2010,0,6.439750195,80,13,0.701093972,101,1.095450044,1,0.530864,121.42,43.2017,0.3316,166.5,6.616670132,438.8590088,344.9649963,135352992,18.10280037,18.10280037,53.59960175,263.822998,522.0479736,2672.98999,30.5048008,16,84.9382019,13453.59961,5000,3,1150.160034,1,2721,80,235,132
B1523,0.0095,228.2149963,14,1335,2010,17,0.091747902,54,32,9.667869568,92,14.98670006,16,-0.086419798,109.2508,36.7222,0.7165,385.6000061,10.11670017,495.1019897,572.9320068,159160000,19.9571991,19.9571991,460.605011,2505.790039,903.4680176,24717.80078,286.2430115,28,228.2489929,25059.90039,5099.02002,4,3040.850098,1,1695,82,193,125
B1524,0.0106,188.2070007,14,1318,2010,0,0.000388993,54,32,15.85400009,92,18.26469994,16,-0.530864,109.2517,36.7214,0.7165,385.6000061,10.11670017,495.1019897,572.9320068,159160000,19.9571991,19.9571991,460.605011,2505.790039,903.4680176,24717.80078,286.2430115,28,228.2489929,24596.69922,6082.759766,4,3040.850098,1,1695,82,193,125
B1525,0.0205,188.2070007,14,1318,2010,0,0.000388993,54,32,15.85400009,92,18.26469994,16,-0.037037,109.2514,36.7214,0.7165,385.6000061,10.11670017,495.1019897,572.9320068,159160000,19.9571991,19.9571991,460.605011,2505.790039,903.4680176,24717.80078,286.2430115,28,228.2489929,24596.69922,6082.759766,4,3040.850098,1,1695,82,193,125
B1526,0.0997,48.96469879,14,1341,2010,58,0.138256997,54,32,10.95049953,92,13.64550018,16,1.172839999,109.2492,36.7244,0.6989,355.2999878,10.11670017,503.105011,572.9320068,158612000,19.9571991,19.9571991,460.605011,2505.790039,903.4680176,24717.80078,286.2430115,33,228.2489929,25059.90039,5099.02002,2,3040.850098,1,1598,83,193,125
B1527,0.1004,169.6629944,14,1324,2010,0,0.000562736,54,32,12.32050037,92,16.22340012,-2,-0.92592603,109.2492,36.7233,0.6989,355.2999878,10.11670017,495.1019897,572.9320068,158612000,19.9571991,19.9571991,460.605011,2505.790039,903.4680176,24717.80078,286.2430115,33,228.2489929,25059.90039,5099.02002,2,3040.850098,1,1695,82,193,125
B1528,0.127,197.3710022,14,1302,2010,161,0.00117344,54,32,15.4350996,92,20.15940094,-2,-0.382716,109.2494,36.7222,0.7165,385.6000061,10.11670017,495.1019897,572.9320068,158612000,19.9571991,19.9571991,460.605011,2505.790039,903.4680176,24717.80078,286.2430115,28,228.2489929,25059.90039,5099.02002,4,3040.850098,1,1695,82,193,125
B1529,0.2224,145.6029968,14,1259,2010,102,0.664725006,54,32,21.5387001,92,24.3064003,16,-0.024691399,109.3586,37.0061,0.5898,309.1000061,9.883330345,465.0039978,575.6810303,161302000,19.09390068,19.09390068,121.4520035,498.098999,293.9450073,5654.470215,72.9571991,78,212.9859924,1414.209961,7810.25,413,14435.90039,1,1480,83,174,129
B1530,0.0059,52.92689896,14,1109,2010,0,0.00339272,54,32,16.95470047,92,22.90410042,4,-0.024691399,110.7595,36.2731,0.7076,399.3999939,10.5333004,513.6079712,551.190979,165195008,17.95529938,17.95529938,180.9660034,763.8519897,184.3269958,10443.59961,107.8889999,28,58.38190079,33941.10156,21023.80078,9,63708.10156,1,1844,80,232,128
B1531,0.009,142.4720001,14,1072,2010,0,0.00339272,54,32,13.23270035,92,19.47820091,0,-0.024691399,110.7595,36.2733,0.7076,399.3999939,10.5333004,513.6079712,551.190979,165195008,17.95529938,17.95529938,180.9660034,763.8519897,184.3269958,10443.59961,107.8889999,28,58.38190079,33941.10156,21023.80078,13,63708.10156,1,1844,80,232,128
B1532,0.1696,142.4720001,14,1072,2010,0,0.00139471,54,32,13.23270035,92,19.47820091,0,-0.024691399,110.7589,36.2733,0.7076,399.3999939,10.5333004,513.6079712,551.190979,165195008,17.95529938,17.95529938,180.9660034,763.8519897,184.3269958,10443.59961,107.8889999,28,58.38190079,33941.10156,21023.80078,9,63708.10156,1,1844,80,232,128
B1533,0.254,103.5950012,14,1133,2010,135,0.000204316,54,32,12.00879955,92,14.51210022,16,-0.185185,110.7583,36.2739,0.7076,399.3999939,10.5333004,513.6079712,551.190979,165195008,17.95529938,17.95529938,180.9660034,763.8519897,184.3269958,10443.59961,107.8889999,28,58.38190079,33941.10156,21023.80078,13,63708.10156,1,1844,80,232,127
B1535,0.3541,103.9120026,14,1224,2010,0,5.34049E-07,54,32,8.628749847,92,16.75709915,16,0.83950597,110.7386,36.275,0.7845,426.2999878,10.31669998,515.15802,521.7540283,165331008,17.88319969,17.88319969,180.9660034,763.8519897,184.3269958,10443.59961,107.8889999,6,68.16249847,35383.60156,21000,1,63708.10156,1,2073,74,209,126
B1536,0.3899,181.4199982,14,1091,2010,0,3.39961E-06,54,32,18.11429977,92,18.43370056,0,0.320987999,110.7619,36.2733,0.7791,399.3999939,10.5333004,513.6079712,551.190979,165195008,18.33499908,18.33499908,180.9660034,763.8519897,184.3269958,10443.59961,107.8889999,28,75.8010025,33941.10156,21023.80078,2,63708.10156,1,1844,80,232,128
B1537,0.4731,99.73940277,14,1176,2010,131,0.000135989,54,32,20.17630005,92,26.67210007,-1,-0.382716,110.7401,36.2759,0.7438,427.2999878,10.24170017,515.15802,521.7540283,165331008,17.88319969,17.88319969,180.9660034,763.8519897,184.3269958,10443.59961,107.8889999,30,68.16249847,35383.60156,21000,11,63708.10156,1,2073,74,209,126
B1538,0.5459,103.9120026,14,1224,2010,0,5.34049E-07,54,32,8.628749847,92,16.75709915,16,-0.024691399,110.7386,36.275,0.7845,426.2999878,10.31669998,515.15802,521.7540283,165331008,17.88319969,17.88319969,180.9660034,763.8519897,184.3269958,10443.59961,107.8889999,6,68.16249847,35383.60156,21000,1,63708.10156,1,2073,74,209,126
B1539,0.5528,320.7109985,14,1108,2010,121,7.63266E-08,54,32,16.07139969,92,16.82259941,16,0.049382702,110.7286,36.2653,0.789,458.2000122,10.1583004,528.4000244,521.7540283,165331008,17.1942997,17.1942997,180.9660034,763.8519897,184.3269958,10443.59961,107.8889999,16,68.24340057,37483.30078,19026.30078,8,318.2139893,1,2416,71,187,125
B1540,0.5535,134.496994,14,1152,2010,121,1.21661E-06,54,32,12.29119968,92,15.63969994,16,-0.0123457,110.7569,36.2728,0.7076,472.5,10.5333004,513.6079712,551.190979,165195008,17.95529938,17.95529938,180.9660034,763.8519897,184.3269958,10443.59961,107.8889999,57,58.38190079,33941.10156,21023.80078,9,63708.10156,1,1844,80,232,127
B1541,0.5894,185.9929962,14,1142,2010,0,4.10591E-06,54,32,13.81700039,92,19.70789909,16,-0.037037,110.7416,36.2754,0.7438,427.2999878,10.31669998,515.15802,521.7540283,165331008,17.95529938,17.95529938,180.9660034,763.8519897,184.3269958,10443.59961,107.8889999,30,68.16249847,35383.60156,21000,11,63708.10156,1,2073,74,209,126
B1542,0.6128,99.73940277,14,1176,2010,131,0.000135989,54,32,20.17630005,92,26.67210007,-1,-0.864198029,110.7401,36.2759,0.7438,427.2999878,10.24170017,515.15802,521.7540283,165331008,17.88319969,17.88319969,180.9660034,763.8519897,184.3269958,10443.59961,107.8889999,30,68.16249847,35383.60156,21000,11,63708.10156,1,2073,74,209,126
B1544,0.6454,103.9120026,14,1224,2010,0,5.34049E-07,54,32,8.628749847,92,16.75709915,16,-1.111109972,110.7386,36.275,0.7845,426.2999878,10.31669998,515.15802,521.7540283,165331008,17.88319969,17.88319969,180.9660034,763.8519897,184.3269958,10443.59961,107.8889999,6,68.16249847,35383.60156,21000,1,63708.10156,1,2073,74,209,126
B1545,0.6533,191.6589966,14,1091,2010,0,3.39961E-06,54,32,19.17329979,92,23.31520081,0,-0.086419798,110.7614,36.273,0.7791,399.3999939,10.5333004,513.6079712,551.190979,165195008,18.33499908,18.33499908,180.9660034,763.8519897,184.3269958,10443.59961,107.8889999,28,75.8010025,33941.10156,21023.80078,5,63708.10156,1,1844,80,232,128
B1546,0.6744,132.9550018,14,1371,2010,158,0.00022218,54,32,9.125729561,92,12.17370033,-1,0.0123457,110.8114,36.1147,0.8205,479.2999878,10.06669998,533.0679932,622.5020142,162912992,18.65390015,18.65390015,180.9660034,763.8519897,184.3269958,10443.59961,107.8889999,6,54.89210129,38948.69922,4472.140137,2,4268.810059,1,2666,72,205,118
B1547,0.6977,339.1459961,14,1102,2010,87,0.879113019,54,32,16.89240074,92,16.9822998,16,-1.148149967,110.73,36.2672,0.8308,458.2000122,10.26669979,528.4000244,521.7540283,165331008,17.11529922,17.11529922,180.9660034,763.8519897,184.3269958,10443.59961,107.8889999,7,68.24340057,36069.39844,20000,8,318.2139893,1,2416,71,187,124
B1548,0.7133,185.9929962,14,1142,2010,0,4.10591E-06,54,32,13.81700039,92,19.70789909,16,0.518518984,110.7416,36.2754,0.7438,427.2999878,10.31669998,515.15802,521.7540283,165331008,17.95529938,17.95529938,180.9660034,763.8519897,184.3269958,10443.59961,107.8889999,30,68.16249847,35383.60156,21000,11,63708.10156,1,2073,74,209,126
B1549,0.8098,116.1309967,14,1015,2010,0,0.00176431,54,32,9.065190315,92,16.70929909,1,0.037037,107.6928,35.2253,0.7675,489.7000122,10.80830002,682.7340088,630.0059814,153224000,20.59219933,20.59219933,421.322998,702.1849976,1139.810059,14888.59961,165.8209991,46,393.4909973,11704.7002,3162.280029,228,21842.69922,1,1743,81,186,126
B1550,0.8528,57.09479904,14,1144,2010,54,0.00116134,54,32,3.132420063,92,4.959839821,1,0.518518984,107.7861,35.1044,0.8781,556.4000244,10.74170017,689.2810059,644.2559814,152722000,19.50510025,19.50510025,601.2050171,10237.59961,974.1279907,23043.59961,239.0180054,17,430.8900146,12369.2998,12369.2998,0,15559.7998,1,1792,78,180,126
B1551,0.8763,132.9550018,14,1371,2010,158,0.00022218,54,32,9.125729561,92,12.17370033,-1,0.518518984,110.8114,36.1147,0.8205,479.2999878,10.06669998,533.0679932,622.5020142,162912992,18.65390015,18.65390015,180.9660034,763.8519897,184.3269958,10443.59961,107.8889999,6,54.89210129,38948.69922,4472.140137,2,4268.810059,1,2666,72,205,118
B1553,0.9797,185.9929962,14,1142,2010,0,4.10591E-06,54,32,13.81700039,92,19.70789909,16,-0.962962985,110.7416,36.2754,0.7438,427.2999878,10.31669998,515.15802,521.7540283,165331008,17.95529938,17.95529938,180.9660034,763.8519897,184.3269958,10443.59961,107.8889999,30,68.16249847,35383.60156,21000,11,63708.10156,1,2073,74,209,126
B1554,1.0858,97.43139648,21,1232,2010,61,7.02377E-05,50,29,5.371900082,29,14.32479954,1,0.135802001,110.8564,36.2622,0.8183,469.7999878,10.14999962,519.9390259,584.5040283,165432992,19.08209991,19.08209991,180.9660034,763.8519897,184.3269958,10443.59961,107.8889999,28,57.30780029,28284.30078,22803.5,13,63708.10156,1,2387,70,207,125
B1555,1.0893,319.7640076,14,1105,2010,0,5.82687E-05,54,32,5.259300232,92,14.31779957,16,0.481480986,107.8325,35.1303,0.8607,523,10.70829964,671.0809937,644.2559814,153516992,19.00939941,19.00939941,601.2050171,10237.59961,974.1279907,23043.59961,239.0180054,17,311.0610046,9000,8246.209961,2,6685380,1,2063,75,179,125
B1556,1.2025,95.71060181,14,1512,2010,0,0.0021365,54,32,1.555879951,92,5.385159969,0,0.074074097,110.6014,36.1906,0.8598,398,9.016670227,580.7579956,526.8729858,164767008,15.85919952,15.85919952,180.9660034,763.8519897,184.3269958,10443.59961,107.8889999,48,59.49280167,29832.90039,12727.90039,3,1292.26001,1,3581,71,184,118
B1557,1.2267,291.447998,21,1234,2010,83,5.61502E-05,50,29,4.64827013,29,14.00710011,16,1.530859947,110.8547,36.2622,0.8183,469.7999878,10.14999962,519.9390259,584.5040283,165432992,19.08209991,19.08209991,180.9660034,763.8519897,184.3269958,10443.59961,107.8889999,13,57.35189819,28284.30078,22803.5,13,63708.10156,1,2387,70,207,125
B1559,1.3748,95.71060181,14,1512,2010,0,0.0021365,54,32,1.555879951,92,5.385159969,0,1.530859947,110.6014,36.1906,0.8598,398,9.016670227,580.7579956,526.8729858,164767008,15.85919952,15.85919952,180.9660034,763.8519897,184.3269958,10443.59961,107.8889999,48,59.49280167,29832.90039,12727.90039,3,1292.26001,1,3581,71,184,118
B1561,0.0134,86.58339691,14,1171,2010,104,1.50742E-06,54,32,19.94109917,92,23.61359978,16,0.135802001,107.6797,35.1303,0.6742,447.7999878,10.52499962,696.9840088,649.9819946,151496000,19.77630043,19.77630043,249.802002,732.0189819,714.5579834,9931.019531,104.1679993,22,108.0009995,20124.59961,13341.7002,9,14326.7002,1,1754,81,196,125
B1562,0.0286,157.3800049,14,1134,2010,9,0.00115329,54,32,15.69970036,92,20.28790092,16,0.135802001,110.7536,36.2738,0.7076,472.5,10.35000038,513.6079712,551.190979,165195008,17.95529938,17.95529938,180.9660034,763.8519897,184.3269958,10443.59961,107.8889999,32,58.38190079,34655.39844,21000,9,63708.10156,1,2073,74,209,127
B1563,0.0406,172.9420013,14,1136,2010,0,4.21326E-07,54,32,8.136730194,92,17.46419907,16,0.135802001,107.6917,35.2189,0.7675,511.2999878,10.80830002,675.9940186,630.0059814,153224000,20.94560051,20.94560051,421.322998,702.1849976,1139.810059,14888.59961,165.8209991,46,466.7099915,11704.7002,3162.280029,228,21842.69922,1,1743,81,186,125
B1566,0.1144,315,8,170,2005,18,7.744269848,85,7,0.109498002,102,0.894427001,1,0.518518984,122.0629,44.3837,0.5678,190.1999969,6.599999905,360.973999,432.821991,137196992,16.75580025,16.75580025,44.75279999,54.64920044,309.9989929,1398.069946,18.76989937,15,11.26809978,35355.30078,37483.30078,0,2882.929932,2,3521,82,221,133
B1567,0.1962,101.3099976,22,139,2005,42,7.98029995,48,30,0.78955102,126,1.483240008,0,0.234568,123.2448,44.1052,0.6865,255.3999939,6.633329868,496.8110046,504.8699951,136968000,14.68490028,14.68490028,174.125,292.6390076,1116.709961,5868.879883,76.00330353,42,38.18519974,5830.950195,11401.7998,167,14065.59961,2,2906,80,230,133
B1568,0.1117,334.6539917,18,1106,2005,14,4.716710091,51,31,1.62737,55,1.549190044,2,0.234568,114.897,44.0057,0.3717,150.3000031,2.549999952,162.6809998,219.1829987,144027008,14.29069996,14.29069996,42.44250107,368.2130127,407.4840088,3902.550049,25.70859909,1,4.642610073,1000,88005.70313,36,12528.5,2,2176,79,172,137
B1569,0.117,111.038002,27,650,2005,27,3.371769905,43,30,1.078299999,47,1.095450044,16,0.234568,120.3345,45.107,0.8021,299.5,4.150000095,423.8250122,473.7420044,144398000,14.77260017,14.77260017,10.20790005,28.58769989,103.625,388.9689941,4.969669819,8,10.88729954,55081.80078,82879.39844,1,217.602005,2,2936,79,210,129
B1570,0.1608,150.9450073,18,1434,2005,169,5.842209816,51,31,0.797106028,55,1.414209962,-2,0.234568,111.8913,41.7878,0.2923,105.0999985,4.333330154,202.6790009,276.6119995,154924000,19.19319916,19.19319916,18.29820061,45.51440048,119.6139984,672.8989868,8.826919556,4,8.131279945,86052.29688,82036.60156,0,441.2669983,2,1664,82,180,142
B1571,0.1174,281.3099976,17,1023,2005,0,4.671629906,62,21,0.394793987,56,0.632456005,16,0.234568,113.556,43.8079,0.1557,81.40000153,3.575000048,111.3539963,139.5700073,141384992,14.70320034,14.70320034,2.143480062,4.091790199,28.2390995,68.96279907,1.260419965,1,2.637969971,5656.850098,138579,4,7160.279785,2,1687,80,170,143
B1572,0.1723,111.038002,27,650,2005,27,3.371769905,43,30,1.078299999,47,1.095450044,16,0.234568,120.3345,45.107,0.8021,299.5,4.150000095,423.8250122,473.7420044,144398000,14.77260017,14.77260017,10.20790005,28.58769989,103.625,388.9689941,4.969669819,8,10.88729954,55081.80078,82879.39844,1,217.602005,2,2936,79,210,129
B1573,0.1856,176.1860046,19,279,2005,42,3.564810038,58,23,1.163820028,54,2.049390078,16,0.234568,120.957,44.5764,0.6509,245,6.724999905,358.4190063,384.5910034,143795008,16.98719978,16.98719978,71.69719696,174.822998,700.0579834,2709.050049,33.16839981,42,28.76329994,5099.02002,3605.550049,333,6243.259766,2,2817,78,201,139
B1575,0.2063,116.5650024,18,1103,2005,0,2.902839899,51,31,1.038669944,55,1.095450044,1,0.234568,115.8264,43.9426,0.5,188.3000031,2.883330107,188.1049957,261.3680115,144356992,15.30860043,15.30860043,11.34449959,81.56289673,55.2215004,598.2180176,11.12419987,2,34.51900101,10198,21189.59961,6,663.5269775,2,2363,78,200,140
B1576,0.22,38.15719986,18,1242,2005,0,3.722549915,51,31,2.75496006,55,3.162280083,-1,0.234568,116.6757,43.5548,0.5195,231.3999939,1.850000024,258.7650146,393.9700012,143686000,14.67000008,14.67000008,16.49740028,141.2220001,78.08380127,975.4749756,16.93359947,2,38.19049835,38000,1000,3,10663.2002,2,2485,80,215,129
B1578,0.2489,54.46229935,29,1015,2005,0,4.869860172,42,29,0.666019976,127,1.414209962,1,0.061728399,118.3588,44.7737,0.6861,293.7000122,1.858330011,338.4379883,376.2950134,135408000,12.23029995,12.23029995,3.581549883,25.6779995,81.3227005,205.1950073,2.62387991,1,5.813640118,2000,175571,6,4152.279785,2,3095,78,224,133
B1579,0.4853,153.4349976,19,1030,2005,0,1.166120052,58,23,2.076669931,54,3,16,-0.0123457,117.6759,44.5072,0.6938,278.7000122,2.174999952,287.8930054,329.3210144,141356992,14.23849964,14.23849964,10.90569973,33.1957016,267.572998,423.3569946,6.194570065,0,7.88985014,9000,124776,1,1946.01001,2,2785,79,234,133
B1580,0.0667,321.3399963,17,1102,2005,87,4.966300011,62,21,0.991446972,56,1.483240008,16,0.024691399,112.7065,42.7967,0.1474,80.30000305,5.491670132,116.1500015,158.3309937,146756992,18.50779915,18.50779915,2.77828002,5.283410072,12.3508997,90.02839661,1.579210043,1,3.851769924,4472.140137,7000,8,10390.90039,2,1320,82,177,143
B1581,0.265,182.1210022,10,4709,2005,44,1.711850047,72,18,4.176499844,207,4.979959965,16,0.876542985,80.6786,32.3485,0.0914,37.98680115,-2.341670036,217.2550049,258.7550049,192334000,20.51819992,20.51819992,0.059419699,0.0581064,2.134010077,0.810163021,0.0140685,0,0.681299984,541765,541341,1,5314.02002,2,1673,80,166,125
B1582,0.9477,180,17,4276,2005,0,0.176962003,44,39,2.012269974,129,2,1,0.876542985,90.5506,30.0862,0.2867,93.80000305,3.133330107,456.2640076,422.428009,188476992,20.59329987,20.59329987,14.06229973,194.0820007,133.0330048,844.2550049,11.2961998,6,2.267970085,0,0,547,4775.410156,2,2369,75,107,132
B1583,1.6718,29.74489975,15,4487,2005,176,1.362120032,66,19,1.248270035,201,2.44949007,0,0.876542985,91.4096,30.553,0.7571,274.3999939,1.741670012,587.9379883,427.1700134,147388000,19.10569954,19.10569954,3.613290071,55.88999939,103.7259979,242.4349976,3.15576005,27,2.027689934,1000,0,0,1147.199951,2,3498,70,219,114
B1584,0.0956,330.9450073,15,4571,2005,1,5.713399887,66,19,0.797106028,201,0.894427001,16,0.876542985,89.1686,32.0429,0.1637,62.09999847,1.183330059,415.4490051,531.2420044,186740992,16.3239994,16.3239994,0.436910987,0.445778996,29.42950058,6.856470108,0.103073999,1,0.10469,205078,241944,0,2613.48999,2,1588,81,154,131
B1585,0.1066,45,15,4604,2005,0,4.80284977,66,19,0.328489989,201,2.720289946,-6,0.876542985,81.8268,32.0736,0.1119,40.54040146,-0.766667008,264.4509888,274.1260071,207594000,22.25379944,22.25379944,0.312265992,0.135520995,15.43780041,4.241320133,0.0654772,0,0.159401,570221,566397,0,6074.97998,2,868,85,266,127
B1586,0.1152,77.73519897,15,4921,2005,263,1.44599998,66,19,1.82178998,204,2.28034997,-1,0.876542985,87.7117,33.2456,0.1313,34.29999924,-2.766669989,400.881012,434.9849854,176615008,15.05720043,15.05720043,0.135224998,0.059807301,5.230879784,1.835970044,0.0283964,1,0.044256002,332104,423713,1,69.65409851,2,1459,84,176,128
B1587,0.1154,251.5650024,20,4588,2005,257,5.842820168,44,36,0.244843006,149,0.447214007,-1,-0.148148,89.7548,31.5223,0.1511,65.30000305,1.375,439.1329956,421.7780151,184936000,14.01599979,14.01599979,0.944947004,9.723400116,33.83140182,45.98730087,0.609308004,3,0.113783002,160100,170414,0,3809.129883,2,2040,77,186,122
B1588,0.1164,225,15,4930,2005,0,1.08829999,66,19,1.532610059,201,1.414209962,0,-0.172839999,88.8793,32.7804,0.1756,48.40000153,-3.241669893,447.0329895,324.6960144,174707008,10.28149986,10.28149986,0.0834594,0.0369123,3.228430033,1.133139968,0.0175259,1,0.166947007,225743,308702,2,89.93419647,2,2206,80,189,118
B1589,0.1168,24.44400024,15,4475,2005,263,3.84397006,66,19,1.870440006,201,1.897369981,-2,-0.209876999,84.0535,32.2595,0.1141,39.40000153,0.966666996,277.4070129,291.4909973,187554000,22.15010071,22.15010071,0.084222697,0.036467399,7.15170002,1.143489957,0.0176483,1,0.136329994,560740,567818,2,1960.27002,2,820,86,163,135
B1590,0.1221,288.4349976,15,4652,2005,154,2.118309975,66,19,0.734493971,201,1.414209962,16,0.172839999,90.2488,31.3906,0.1943,66,0.5,475.8009949,414.2319946,179099008,15.83650017,15.83650017,2.96449995,50.28210068,93.11830139,214.6360016,2.78414011,0,0.298294008,123649,127675,0,6184.910156,2,1952,77,160,120
B1591,0.1236,37.875,15,4434,2005,0,2.459959984,66,19,0.88273102,201,1.341639996,-1,0.876542985,84.6663,32.1677,0.1319,46.47790146,1.033329964,279.5920105,408.4509888,189640992,20.25370026,20.25370026,0.475939006,18.1609993,16.65730095,70.34700012,0.892021,0,0.176442996,513394,520186,1,5280.25,2,872,85,180,130
B1592,0.1245,251.5650024,15,4533,2005,60,4.892429829,66,19,0.734493971,201,1.673320055,16,0.358025014,86.654,32.338,0.1414,40.59999847,1.066669941,317.9330139,367.9289856,186820000,19.92350006,19.92350006,0.129942998,0.0574711,5.026539803,1.76425004,0.0272872,0,0.048579399,421030,425973,1,0,2,984,84,164,132
B1593,0.1255,177.5099945,15,4621,2005,52,1.065829992,66,19,3.560400009,201,3.94968009,16,0.876542985,86.792,31.763,0.1528,55.68180084,0.925000012,351.4590149,356.0109863,177015008,15.88710022,15.88710022,0.683160007,10.16479969,20.4890995,44.37229919,0.578656971,0,0.154590994,355106,360181,0,43.45019913,2,1534,83,218,122
B1594,0.1255,136.8540039,15,4996,2005,198,7.0601E-10,66,19,27.99349976,201,31.00320053,0,0.185185,82.51,32.3809,0.1703,47,-3.233330011,328.6149902,287.8659973,213728000,16.2432003,16.2432003,0.200471997,3.360189915,7.391550064,14.36900043,0.186464995,0,0.123212002,535374,532184,0,5677.790039,2,1506,80,129,122
B1595,0.1257,164.7449951,15,4944,2005,0,3.727030039,66,19,0.88273102,201,1.483240008,16,0.382716,85.8396,31.9244,0.1814,48.59999847,-2.266669989,385.2000122,408.6010132,179411008,15.02079964,15.02079964,0.428153008,11.65130043,9.661970139,46.6012001,0.595676005,4,0.155924007,420934,427019,1,79.3214035,2,1115,87,217,132
B1596,0.1338,150.2550049,15,4943,2005,0,3.749639988,66,19,1.248270035,201,1.732049942,-1,0.148148,85.8401,31.9244,0.1814,48.59999847,-2.266669989,385.2000122,408.6010132,179411008,15.02079964,15.02079964,0.428153008,11.65130043,9.661970139,46.6012001,0.595676005,4,0.155924007,420934,427019,1,79.3214035,2,1115,87,217,132
B1597,0.1543,356.1860046,15,4466,2005,0,1.921370029,66,19,1.163820028,201,1.732049942,16,0.0123457,82.9093,32.3808,0.1639,41.62599945,0.5,244.0039978,307.2179871,204624992,18.91810036,18.91810036,0.376513004,0.163403004,18.6140995,5.113930225,0.078948699,4,0.153879002,539000,536113,1,5030.350098,2,868,84,157,127
B1598,0.1582,126.4690018,15,4514,2005,96,3.956360102,66,19,2.213360071,201,1.897369981,16,0.0123457,84.0289,32.2343,0.1388,44.49869919,0.649999976,280.4790039,275.6629944,185258000,18.56710052,18.56710052,0.084222697,0.036467399,7.15170002,1.143489957,0.0176483,0,0.173310995,561443,568558,1,1960.27002,2,854,86,187,132
B1599,0.1594,315,15,4624,2005,0,5.588429928,66,19,0.218995005,201,1.095450044,16,0.0123457,90.3994,31.3747,0.2099,83,0.633333027,484.6390076,431.9530029,178836000,15.00720024,15.00720024,0.751581013,0.325527012,31.78440094,10.22049999,0.157769993,0,0.307357013,112161,114543,1,4359.009766,2,2090,77,141,124
B1600,0.164,90,15,4493,2005,109,3.880729914,66,19,0.929039001,201,1.183220029,1,0.0123457,87.0201,31.901,0.1687,56.79999924,1.958330035,329.526001,389.3410034,198068992,18.57889938,18.57889938,1.893919945,22.69029999,60.10689926,103.4779968,1.361979961,4,0.119758002,359781,364313,1,2162.639893,2,1496,84,208,130
B1601,0.1675,34.69520187,15,4589,2005,191,2.54715991,66,19,1.224040031,201,1.483240008,16,0.0123457,85.0797,31.9761,0.1485,48.29029846,0.524999976,326.1910095,336.9429932,184778000,21.49239922,21.49239922,0.563908994,17.52869987,25.01429939,69.15589905,0.880872011,1,0.188703999,470644,477347,2,0,2,839,85,191,128
B1602,0.1711,225,15,4682,2005,224,5.67993021,66,19,0.875914991,201,1.673320055,-1,0.0123457,90.0591,31.4956,0.2431,72.09999847,0.283333004,468.1830139,429.4769897,178832000,12.9854002,12.9854002,2.96449995,50.28210068,93.11830139,214.6360016,2.78414011,1,0.294615,135823,147526,0,0,2,1990,77,195,125
B1603,0.1827,190.4909973,15,4645,2005,269,2.498260021,66,19,2.125089884,201,3.162280083,16,0.0123457,90.2442,31.391,0.1943,59.5,0.491667002,475.8009949,414.2319946,179099008,15.15219975,15.15219975,2.96449995,50.28210068,93.11830139,214.6360016,2.78414011,1,0.297935009,124278,128860,0,6184.910156,2,1952,77,160,120
B1604,0.1909,255.9640045,15,5132,2005,0,2.962120056,66,19,0.63845098,201,0.774596989,16,0.0123457,82.829,32.0757,0.1643,35.09999847,-5.150000095,374.8469849,363.6669922,196986000,13.66969967,13.66969967,0.224114001,0.097263597,11.07979965,3.044009924,0.0469932,1,0.163884997,575000,572000,1,44.24739838,2,1189,81,209,119
B1605,0.1931,319.3989868,15,5699,2005,25,0.227570996,66,19,7.101799965,213,7.443120003,2,0.0123457,87.6534,32.3373,0.1448,39.09999847,-9.341670036,521.6060181,333.3710022,181487008,2.978189945,2.978189945,0.0221854,0.00981214,0.85819,0.301212996,0.0046588,0,0.131879002,334216,363629,0,191.1470032,2,2966,73,237,113
B1606,0.2034,311.6340027,15,4583,2005,125,1.882439971,66,19,1.86401999,201,2.792850018,16,0.0123457,91.0493,31.492,0.2587,79.5,0.141666993,525.6140137,462.8179932,167880992,15.81779957,15.81779957,0.562674999,0.243705004,31.88349915,7.651080132,0.118105002,6,0.298085988,55470.69922,64350.60156,0,6651.319824,2,1925,74,166,124
B1607,0.2413,177.5099945,15,4648,2005,0,3.932149887,66,19,1.781919956,204,1.897369981,16,0.0123457,86.8884,33.1899,0.0895,48.85079956,-0.949999988,334.5350037,428.9859924,188488000,16.34970093,16.34970093,0.11304,0.049995199,4.372680187,1.534749985,0.023737701,0,0.049456201,402061,480975,0,28.20660019,2,1340,84,139,127
B1608,0.2416,168.6900024,15,4607,2005,269,4.928989887,66,19,0.394793987,201,1.095450044,-2,0.0123457,90.4597,31.3642,0.2632,70,0.916666985,487.7369995,570.5949707,179706000,16.97820091,16.97820091,0.751581013,0.325527012,31.78440094,10.22049999,0.157769993,3,0.310856998,108337,109238,0,5297.240234,2,2287,76,168,126
B1609,0.2444,85.6013031,15,4958,2005,125,2.522579908,66,19,1.009420037,201,1.341639996,0,0.0123457,88.8104,33.1992,0.2543,38.59999847,-3.191669941,444.7200012,380.4949951,178152000,12.57610035,12.57610035,0.394917011,10.04800034,9.33259964,40.49710083,0.518602014,0,0.149000004,237497,345068,0,314.1340027,2,1599,83,175,118
B1610,0.255,160.1150055,15,4869,2005,0,0.628895998,66,19,3.863919973,201,4.04968977,16,0.0123457,88.295,33.2067,0.1568,47.70000076,-2.616669893,410.6929932,477.4100037,178687008,15.42930031,15.42930031,0.063386902,0.0280347,2.4519701,0.860608995,0.0133109,0,0.073667102,281476,380063,0,0,2,1595,84,149,125
B1611,0.2577,189.2389984,15,4880,2005,0,9.59595E-06,66,19,27.17679977,201,30.62680054,-1,0.0123457,86.2972,31.7524,0.1706,40.40000153,-1.366670012,354.0899963,400.7090149,176282000,12.88290024,12.88290024,0.790651977,11.0078001,24.16830063,48.66249847,0.636331022,0,0.157258004,378893,384690,0,68.76580048,2,1758,84,230,120
B1612,0.2585,237.529007,15,4678,2005,0,5.649650097,66,19,1.009420037,201,2.966480017,2,0.0123457,90.0538,31.497,0.2431,82.5,0.300000012,467.4899902,429.4769897,178832000,12.9854002,12.9854002,2.96449995,50.28210068,93.11830139,214.6360016,2.78414011,1,0.294883996,135823,147526,0,0,2,1990,77,195,125
B1613,0.2649,28.61050034,15,5001,2005,0,1.163300037,66,19,1.93956995,201,2.607680082,16,-0.049382702,88.9378,32.5155,0.3489,76.30000305,-2.841670036,460.5,428.9630127,180868992,12.22869968,12.22869968,0.391945004,16.60359955,7.491320133,63.79190063,0.807322979,1,0.183189005,221000,286667,0,0,2,2291,78,205,117
B1614,0.2863,152.526001,15,4846,2005,277,0.638547003,66,19,2.180680037,201,3.130500078,16,0.024691399,88.4068,33.295,0.2029,40.40000153,-2.400000095,416.3269958,468.7690125,176852992,13.98139954,13.98139954,0.063386902,0.0280347,2.4519701,0.860608995,0.0133109,0,0.071667001,273441,378593,1,0,2,1623,85,162,125
B1615,0.2766,135,13,4569,2005,238,4.776949883,63,24,0.328489989,194,0.894427001,-1,0,91.4884,31.595,0.2983,193.8000031,0.016666699,549.7869873,485.1090088,157763008,15.52779961,15.52779961,4.446239948,39.3993988,129.4530029,193.7480011,2.586080074,7,1.590569973,18868,43909,0,12029.7998,2,2642,74,195,121
B1616,0.2792,175.8150024,21,4719,2005,63,1.717759967,47,32,3.179709911,193,3.521359921,1,-0.049382702,91.9106,32.3052,0.6135,134.1999969,-2.358330011,581.0079956,374.9960022,124541000,15.68470001,15.68470001,1.749160051,54.60409927,55.25630188,215.3569946,2.742949963,1,0.218165994,22360.69922,103005,2,127.3519974,2,3567,72,232,111
B1617,0.3562,332.2409973,21,4582,2005,272,0.75346297,47,32,3.321120024,193,5.25357008,-4,0,91.9732,31.3843,0.5954,217.3999939,-0.00833333,596.3989868,495.4360046,157228000,17.29070091,17.29070091,7.690529823,51.52709961,217.1450043,275.980011,3.73958993,9,1.401409984,2000,2000,13,2260.409912,2,3610,74,242,119
B1618,0.3768,145.8860016,21,4561,2005,0,0.432736009,47,32,2.896640062,193,3.464099884,16,-0.111111,91.7245,31.6197,0.5963,161.3999939,-0.216666996,562.6810303,491.6549988,146271008,16.48460007,16.48460007,5.762199879,57.01599884,190.1329956,272.2950134,3.614530087,5,1.621440053,0,29732.09961,0,803.1589966,2,3428,72,237,111
B1619,0.388,191.8890076,21,4941,2005,164,2.35341E-07,47,32,14.7020998,193,18.45540047,16,-0.098765403,91.4339,32.1661,0.2614,93,-1.858330011,606.6810303,427.5859985,141535008,15.93350029,15.93350029,1.067700028,0.462449014,64.79599762,14.51980019,0.224136993,0,0.221860006,12083,98387,1,232.2160034,2,3882,73,199,112
B1620,0.5001,135,21,4591,2005,0,3.74661994,47,32,0.437983006,193,1,-1,-0.123457,92.0137,31.6434,0.6634,234.1000061,-0.908333004,588.0469971,464.9760132,136938000,14.65509987,14.65509987,6.600669861,76.88159943,180.4880066,353.0799866,4.650929928,11,1.632400036,12041.59961,24515.30078,2,1.397799969,2,3759,74,248,115
B1621,0.5086,270,15,4619,2005,190,2.665380001,66,19,0.619390011,201,1.183220029,0,0.049382702,91.4916,32.1711,0.2822,100.6999969,-0.925000012,545.7949829,441.7390137,145680992,16.89500046,16.89500046,1.067700028,0.462449014,64.79599762,14.51980019,0.224136993,7,0.276154995,7071.069824,95854.10156,2,232.2160034,2,2285,76,180,120
B1622,0.5843,156.8009949,21,4584,2005,0,3.045059919,47,32,1.179159999,193,1.095450044,1,-0.037037,92.0144,31.6316,0.6183,223.8000031,-0.791666985,588.9730225,464.9760132,136938000,14.01060009,14.01060009,6.600669861,76.88159943,180.4880066,353.0799866,4.650929928,5,1.097309947,10630.09961,22561,1,1.397799969,2,3792,74,249,116
B1623,0.7079,106.2600021,21,4558,2005,92,1.334910035,47,32,3.865459919,193,3.687819958,16,0.086419798,91.7199,31.6081,0.4772,151,0,560.2700195,491.6549988,146271008,17.0904007,17.0904007,5.762199879,57.01599884,190.1329956,272.2950134,3.614530087,5,1.629559994,2000,29000,3,803.1589966,2,3393,72,239,117
B1624,0.7682,166.6069946,21,4710,2005,0,1.566689968,47,32,3.339040041,193,3.94968009,0,-0.0123457,91.9074,32.3029,0.6346,142.3000031,-2.358330011,581.0079956,374.9960022,124541000,15.68500042,15.68500042,1.749160051,54.60409927,55.25630188,215.3569946,2.742949963,1,0.218165994,21377.59961,103019,2,127.3519974,2,3405,73,231,111
B1625,0.775,275.4119873,21,4544,2005,254,0.0496227,47,32,7.347919941,193,7.720099926,-1,-0.0123457,91.9625,31.3764,0.2932,154.6000061,0.133332998,588.7540283,495.4360046,157228000,17.14679909,17.14679909,7.690529823,51.52709961,217.1450043,275.980011,3.73958993,12,1.677479982,1000,1000,4,2260.409912,2,3439,74,243,122
B1626,0.5129,53.13010025,7,1317,2009,0,5.206709862,80,13,0.77421999,101,2.720289946,0,-0.0123457,116.7333,43.05,0.3327,199.6999969,2.099999905,311.9710083,328.1679993,144727008,14.60669994,14.60669994,29.34770012,45.1617012,87.2390976,1009.580017,14.91090012,7,50.81880188,1000,40853.39844,0,6209.810059,2,2543,81,209,136
B1627,0.558,353.6600037,18,1178,2009,8,3.230340004,51,31,0.701093972,55,4.427189827,16,-0.0123457,116.55,43.5333,0.3821,193.6999969,2.433330059,296.9809875,330.276001,149780992,14.56919956,14.56919956,16.30529976,119.5329971,100.2389984,745.5549927,14.8767004,2,86.49939728,29000,10198,2,163.5500031,2,2577,79,205,132
B1628,0.6751,45,7,1311,2009,0,5.35973978,80,13,0.437983006,101,0.774596989,0,-0.0123457,116.7,43.05,0.3012,203.3999939,2.133330107,309.1690063,328.1679993,144715008,14.33380032,14.33380032,29.34770012,45.1617012,87.2390976,1009.580017,14.91090012,11,63.58200073,1000,42544.10156,0,6209.810059,2,2809,80,217,137
B1629,0.7362,346.5039978,18,1268,2009,0,2.572419882,51,31,3.97487998,55,4.123109818,16,-0.0123457,116.6667,43.55,0.3824,224.3999939,1.850000024,311.5209961,311.6170044,148136992,13.31989956,13.31989956,16.30529976,119.5329971,100.2389984,745.5549927,14.8767004,2,88.72440338,37000,2000,0,14157,2,2800,79,222,129
B1632,0.8646,53.13010025,7,1317,2009,0,5.206709862,80,13,0.77421999,101,2.720289946,0,-0.0123457,116.7333,43.05,0.3327,199.6999969,2.099999905,311.9710083,328.1679993,144727008,14.60669994,14.60669994,29.34770012,45.1617012,87.2390976,1009.580017,14.91090012,7,50.81880188,1000,40853.39844,0,6209.810059,2,2543,81,209,136
B1633,1.1184,353.6600037,18,1178,2009,8,3.230340004,51,31,0.701093972,55,4.427189827,16,-0.0123457,116.55,43.5333,0.3821,193.6999969,2.433330059,296.9809875,330.276001,149780992,14.56919956,14.56919956,16.30529976,119.5329971,100.2389984,745.5549927,14.8767004,2,86.49939728,29000,10198,2,163.5500031,2,2577,79,205,132
B1634,0.4591,341.5650024,25,580,2003,108,4.699180126,57,18,0.734493971,51,0.632456005,16,-0.0123457,120.1688,50.2055,0.8323,278.6000061,-1.883329988,396.8200073,386.105011,131584000,5.331940174,5.331940174,22.84720039,1373.469971,254.5130005,2381.360107,17.55809975,7,8.654100418,84770.29688,112071,837,560.5930176,2,5020,72,330,111
B1635,0.4711,315,25,580,2003,108,4.699180126,57,18,0.218995005,51,0.632456005,16,-0.0123457,120.1686,50.2055,0.8323,278.6000061,-1.883329988,396.8200073,386.105011,131584000,5.331940174,5.331940174,22.84720039,1373.469971,254.5130005,2381.360107,17.55809975,7,8.654100418,84770.29688,112071,837,560.5930176,2,5020,72,330,111
B1636,0.5497,315,25,580,2003,108,4.699180126,57,18,0.218995005,51,0.632456005,16,-0.0123457,120.1684,50.2054,0.8323,278.6000061,-1.883329988,396.8200073,386.105011,131584000,5.331940174,5.331940174,22.84720039,1373.469971,254.5130005,2381.360107,17.55809975,7,8.654100418,84770.29688,112071,895,560.5930176,2,5020,72,330,111
B1637,0.6312,274.7640076,20,646,2003,0,1.588999987,44,36,1.86401999,149,2.323790073,16,-0.0123457,120.345,49.1608,0.5267,249.5,-1.024999976,357.2690125,402.2770081,125559000,7.117360115,7.117360115,15.61410046,194.423996,62.42079926,1572.339966,17.34659958,29,5.005060196,0,2236.070068,0,10099.90039,2,4380,73,292,116
B1638,0.7263,264.8059998,20,649,2003,119,0.717211008,44,36,2.563910007,149,2.932579994,16,0.037037,120.3463,49.1614,0.5267,249.5,-1.075000048,357.2690125,402.2770081,125559000,7.117360115,7.117360115,15.61410046,194.423996,62.42079926,1572.339966,17.34659958,29,6.76473999,0,2236.070068,0,10099.90039,2,4380,73,292,118
B1639,0.7973,45,16,616,2003,20,6.891719818,77,7,0.328489989,50,0.447214007,1,-0.061728399,120.0465,49.2035,0.783,270,-0.583333015,340.8869934,387.7219849,122998000,7.564169884,7.564169884,15.61410046,194.423996,62.42079926,1572.339966,17.34659958,11,325.6390076,1000,1000,748,395.2399902,2,4157,75,283,122
B1640,0.8819,252.6459961,20,654,2003,54,0.437831014,44,36,2.594039917,149,3.033149958,0,0.197531,120.3468,49.1619,0.5267,249.5,-1.075000048,357.2690125,402.2770081,125559000,7.117360115,7.117360115,15.61410046,194.423996,62.42079926,1572.339966,17.34659958,29,6.76473999,0,2236.070068,0,10099.90039,2,4380,73,292,118
B1641,0.9468,45,16,616,2003,20,6.895599842,77,7,0.328489989,50,0.447214007,1,-0.024691399,120.0463,49.2037,0.783,270,-0.583333015,340.8869934,387.7219849,122998000,7.564169884,7.564169884,15.61410046,194.423996,62.42079926,1572.339966,17.34659958,11,325.6390076,1000,1000,748,395.2399902,2,4157,75,283,122
B1642,1.0601,45,16,616,2003,20,6.894189835,77,7,0.328489989,50,0.447214007,1,0,120.0466,49.2037,0.783,270,-0.583333015,340.8869934,387.7219849,122998000,7.564169884,7.564169884,15.61410046,194.423996,62.42079926,1572.339966,17.34659958,11,325.6390076,1000,1000,748,395.2399902,2,4157,75,283,122
B1643,0.0184,344.7449951,7,1293,2003,0,5.483300209,80,13,1.76504004,101,3.464099884,16,0.086419798,116.1301,43.2458,0.4837,214.1999969,1.100000024,462.3110046,478.4509888,119015000,11.18430042,11.18430042,4.254590034,7.198880196,24.0557003,133.0930023,2.027299881,11,2.174740076,1000,0,0,338.7200012,2,2636,81,188,139
B1644,0.0959,0,7,1300,2003,0,5.460639954,80,13,1.393409967,101,3.405879974,16,0.037037,116.1295,43.2449,0.4147,214.1999969,1.100000024,462.3110046,478.4509888,119015000,11.35569954,11.35569954,4.254590034,7.198880196,24.0557003,133.0930023,2.027299881,11,2.174740076,0,0,0,338.7200012,2,2636,81,188,138
B1645,0.0959,0,7,1300,2003,0,5.483300209,80,13,1.393409967,101,3.405879974,16,0.037037,116.1299,43.2452,0.4837,214.1999969,1.100000024,462.3110046,478.4509888,119015000,11.35569954,11.35569954,4.254590034,7.198880196,24.0557003,133.0930023,2.027299881,11,2.174740076,0,0,0,338.7200012,2,2636,81,188,139
B1646,0.3857,149.0359955,22,929,2003,0,5.354849815,47,31,0.451462001,142,0.632456005,16,-0.0123457,115.9363,44.3269,0.4844,168.6000061,3.191669941,344.6220093,399.6099854,133189000,15.69869995,15.69869995,7.355840206,54.08229828,27.84199905,492.7789917,7.361710072,3,23.44300079,10000,54120.19922,0,2845.169922,2,2175,80,183,143
B1647,0.5829,137.8619995,19,728,2003,0,0.793292999,58,23,2.191620111,54,2.44949007,16,-0.111111,117.0833,49.3394,0.386,175.1999969,0.208333001,301.6990051,302.4840088,134467008,10.72739983,10.72739983,3.965490103,15.92150021,63.85340118,185.2689972,2.442879915,3,2.969110012,34713.10156,32280,0,5355.899902,2,2976,74,249,127
B1648,0.5876,5.194429874,12,1235,2003,0,3.943099976,56,32,1.709900022,146,2.323790073,1,0.024691399,112.4195,42.4057,0.2669,135.8000031,4.616670132,366.9360046,446.8479919,124107000,14.07489967,14.07489967,7.384119987,25.24440002,43.75979996,317.677002,3.640059948,2,4.4582901,27892.69922,31064.40039,0,548.552002,2,1427,81,190,143
B1649,0.6471,135,18,1011,2003,0,2.576709986,51,31,0.328489989,55,2.144759893,16,-0.049382702,115.9934,43.9958,0.5207,212.1999969,3.291670084,387.04599,386.9049988,132759000,15.76679993,15.76679993,11.5401001,48.37630081,46.77090073,528.0349731,10.25549984,3,31.26600075,3162.280029,15811.40039,0,3481.810059,2,1845,79,194,139
B1650,0.6545,69.22769928,27,661,2003,118,1.956550002,45,28,2.400069952,126,2.44949007,-1,0.0123457,119.7531,49.2821,0.6658,222,-0.56666702,333.1279907,387.480011,123995000,9.097780228,9.097780228,76.4068985,1696.630005,141.6799927,13642.59961,79.10420227,7,390.4670105,3605.550049,2236.070068,2627,850005,2,4086,72,258,119
B1651,0.7144,83.65979767,17,1031,2003,65,7.660620213,62,21,0.701093972,56,0.894427001,0,-0.024691399,114.2335,43.8774,0.3465,151.8000031,2.724999905,293.5969849,349.0920105,133366000,13.48970032,13.48970032,1.136059999,3.494070053,16.81270027,46.15919876,0.609387994,2,1.681830049,19416.5,134164,0,0.021357801,2,2059,81,180,143
B1652,0.7325,8.13010025,17,1310,2003,3,4.48611021,62,21,0.547473013,56,1.897369981,16,0,112.2254,42.1749,0.3099,167.5,4.349999905,398.8070068,485.0820007,124861000,14.71940041,14.71940041,11.46920013,16.74710083,73.65129852,344.3160095,4.507520199,4,5.03553009,41146.10156,54231,0,2674.860107,2,1800,80,179,142
B1653,0.7506,300.9639893,17,1032,2003,150,7.660620213,62,21,0.451462001,56,1.483240008,-4,0,114.233,43.8776,0.3465,151.8000031,2.724999905,293.5969849,349.0920105,133366000,13.48970032,13.48970032,1.136059999,3.494070053,16.81270027,46.15919876,0.609387994,2,1.681830049,19416.5,134164,0,0.021357801,2,2059,81,180,143
B1654,0.7626,275.1940002,18,689,2003,0,0.732122004,51,31,0.855143011,55,0.632456005,0,0,118.9484,49.3514,0.6887,223.3000031,-0.833333015,315.553009,323.3200073,126346000,8.468050003,8.468050003,2.398710012,27.62759972,41.53919983,222.3480072,2.259140015,1,6.721000195,21000,0,0,1012.059998,2,3937,74,264,126
B1655,0.7636,149.0359955,22,929,2003,0,5.354849815,47,31,0.451462001,142,0.632456005,16,0,115.9363,44.3269,0.4844,168.6000061,3.191669941,344.6220093,399.6099854,133189000,15.69869995,15.69869995,7.355840206,54.08229828,27.84199905,492.7789917,7.361710072,3,23.44300079,10000,54120.19922,0,2845.169922,2,2175,80,183,143
B1656,0.7656,45,27,578,2003,0,4.81385994,45,28,0.328489989,126,2.236069918,16,0,118.1644,48.2992,0.3808,191.3999939,0.658333004,235.5299988,288.2539978,124348000,8.885560036,8.885560036,4.780550003,21.62730026,86.03109741,233.1199951,2.899840117,1,5.751329899,94000,136971,0,16373.40039,2,3202,77,233,134
B1657,0.7839,70.46330261,27,664,2003,0,1.956550002,45,28,2.545180082,126,2.683279991,-1,0,119.7527,49.2826,0.6658,222,-0.56666702,333.1279907,387.480011,123995000,9.097780228,9.097780228,76.4068985,1696.630005,141.6799927,13642.59961,79.10420227,7,390.4670105,4242.640137,1414.209961,2627,850005,2,4086,72,258,119
B1658,0.7869,339.7749939,18,1125,2003,33,2.571799994,51,31,3.132420063,55,4.04968977,1,-0.037037,114.8856,43.9981,0.3505,146.6999969,1.841670036,323.2179871,397.0440063,132278000,12.11629963,12.11629963,21.31559944,164.6549988,340.3349915,1547.5,11.82919979,5,3.276050091,0,89000,0,10612.7998,2,2192,80,174,136
B1659,0.7972,135,29,847,2003,0,6.242330074,42,29,1.313740015,127,1.612450004,16,0.086419798,118.3423,45.741,0.4833,219.3999939,1.5,326.7359924,424.7950134,129649000,13.87100029,13.87100029,5.36977005,12.09930038,107.1289978,181.6970062,2.985189915,1,2.562289953,0,237800,0,240.9329987,2,3132,79,239,136
B1660,0.8037,300.9639893,17,1032,2003,150,7.665060043,62,21,0.451462001,56,1.483240008,-4,-0.024691399,114.2328,43.8778,0.3465,151.8000031,2.724999905,293.5969849,349.0920105,133366000,13.48970032,13.48970032,1.136059999,3.494070053,16.81270027,46.15919876,0.609387994,2,1.681830049,19416.5,134164,0,0.021357801,2,2059,81,180,143
B1661,0.8063,8.13010025,17,1310,2003,3,4.48611021,62,21,0.547473013,56,1.897369981,16,0.037037,112.2254,42.1749,0.3099,167.5,4.349999905,398.8070068,485.0820007,124861000,14.71940041,14.71940041,11.46920013,16.74710083,73.65129852,344.3160095,4.507520199,4,5.03553009,41146.10156,54231,0,2674.860107,2,1800,80,179,142
B1662,0.83,70.46330261,27,664,2003,0,1.893519998,45,28,2.545180082,126,2.683279991,-1,-0.037037,119.7522,49.2827,0.6658,222,-0.56666702,333.1279907,387.480011,123995000,9.097780228,9.097780228,76.4068985,1696.630005,141.6799927,13642.59961,79.10420227,7,390.4670105,4242.640137,1414.209961,2627,850005,2,4086,72,258,119
B1663,0.8638,45,27,578,2003,0,4.81385994,45,28,0.328489989,126,2.236069918,16,-0.037037,118.1649,48.2992,0.3808,191.3999939,0.658333004,235.5299988,288.2539978,124348000,8.885560036,8.885560036,4.780550003,21.62730026,86.03109741,233.1199951,2.899840117,1,5.751329899,94000,136971,0,16373.40039,2,3202,77,233,134
B1664,0.8723,65.55599976,18,874,2003,71,4.581830025,51,31,0.935468018,55,1.414209962,0,-0.074074097,116.6655,45.2156,0.4998,162.6999969,1.816669941,293.5239868,375.7650146,136440000,13.50819969,13.50819969,1.943249941,10.46949959,36.26679993,106.5889969,1.329139948,3,2.718650103,2000,166012,0,5690.149902,2,2045,79,233,138
B1665,0.8801,65.55599976,18,874,2003,71,4.581830025,51,31,0.935468018,55,1.414209962,0,0.024691399,116.6655,45.2155,0.4998,162.6999969,1.816669941,293.5239868,375.7650146,136440000,13.50819969,13.50819969,1.943249941,10.46949959,36.26679993,106.5889969,1.329139948,3,2.718650103,2000,166012,0,5690.149902,2,2045,79,233,138
B1666,0.884,353.6600037,18,943,2003,59,2.705070019,51,31,0.701093972,55,1,1,-0.074074097,117.9076,44.9489,0.5677,229.6000061,1.674999952,337.3049927,431.92099,129089000,12.65310001,12.65310001,6.502799988,6.834459782,171.6920013,178.822998,2.727020025,2,3.45836997,34058.80078,177792,0,225.5740051,2,2667,79,218,134
B1667,0.8985,161.5650024,19,667,2003,99,4.868150234,58,23,0.979283988,54,1.341639996,0,-0.024691399,118.6926,48.6115,0.4871,212.3000031,0.100000001,270.1069946,327.177002,124934000,8.116530418,8.116530418,1.087720037,9.111689568,18.02190018,81.04190063,0.835268021,2,5.111800194,68066.10156,86145.20313,0,3816.080078,2,3321,75,278,130
B1668,0.9072,65.55599976,18,874,2003,71,4.581830025,51,31,0.935468018,55,1.414209962,0,-0.111111,116.6655,45.2156,0.4998,162.6999969,1.816669941,293.5239868,375.7650146,136440000,13.50819969,13.50819969,1.943249941,10.46949959,36.26679993,106.5889969,1.329139948,3,2.718650103,2000,166012,0,5690.149902,2,2045,79,233,138
B1669,0.9151,132.1380005,19,733,2003,0,0.491457999,58,23,2.191620111,54,2.645750046,0,0.024691399,117.082,49.3396,0.386,167.6999969,0.208333001,301.9719849,302.4840088,134467008,10.72739983,10.72739983,3.965490103,15.92150021,63.85340118,185.2689972,2.442879915,3,2.968130112,34713.10156,32280,0,5355.899902,2,2976,74,249,127
B1670,0.9257,13.57040024,19,591,2003,33,5.216189861,58,23,2.308609962,54,2.898279905,1,-0.246913999,117.0405,48.9227,0.3908,147.1999969,1.200000048,244.048996,503.5429993,129281000,12.50969982,12.50969982,1.471789956,15.33880043,20.45919991,131.7649994,1.294309974,3,3.053070068,70936.60156,82006.10156,0,0.103295997,2,2426,75,220,131
B1671,0.9344,5.194429874,12,1235,2003,0,3.943099976,56,32,1.709900022,146,2.323790073,1,-0.024691399,112.4195,42.4057,0.2669,135.8000031,4.616670132,366.9360046,446.8479919,124107000,14.07489967,14.07489967,7.384119987,25.24440002,43.75979996,317.677002,3.640059948,2,4.4582901,27892.69922,31064.40039,0,548.552002,2,1427,81,190,143
B1672,0.9347,307.875,19,597,2003,6,5.55340004,58,23,1.76504004,54,1.843909979,2,-0.024691399,117.0412,48.9225,0.3908,147.1999969,1.200000048,244.048996,503.5429993,129281000,12.50969982,12.50969982,1.471789956,15.33880043,20.45919991,131.7649994,1.294309974,3,3.053070068,70576.20313,82000,0,0.103295997,2,2426,75,220,131
B1673,0.9487,183.8139954,18,1382,2003,0,2.65177989,51,31,2.326679945,55,3.660599947,16,-0.074074097,116.0948,43.3862,0.6344,321.5,0.616666973,463.1369934,524.0120239,125456000,9.326939583,9.326939583,7.946249962,85.26660156,40.57180023,714.9160156,8.633250237,4,27.89629936,3162.280029,1000,0,2847.189941,2,2767,78,221,128
B1674,0.9525,353.6600037,18,943,2003,59,2.705070019,51,31,0.701093972,55,1,1,-0.024691399,117.9076,44.9489,0.5677,229.6000061,1.674999952,337.3049927,431.92099,129089000,12.65310001,12.65310001,6.502799988,6.834459782,171.6920013,178.822998,2.727020025,2,3.45836997,34058.80078,177792,0,225.5740051,2,2667,79,218,134
B1675,1.0043,339.7749939,18,1125,2003,33,2.571799994,51,31,3.132420063,55,4.04968977,1,0.086419798,114.8856,43.998,0.3505,146.6999969,1.841670036,323.2179871,397.0440063,132278000,12.11629963,12.11629963,21.31559944,164.6549988,340.3349915,1547.5,11.82919979,5,3.276050091,0,89000,0,10612.7998,2,2192,80,174,136
B1676,1.038,258.6900024,18,978,2003,0,2.346019983,51,31,0.78955102,55,1.897369981,0,0.024691399,117.1276,45.6837,0.6272,244.8999939,1.116670012,293.3930054,364.9809875,136636000,11.30179977,11.30179977,1.404770017,7.740809917,26.14629936,78.20880127,0.967869997,4,2.399980068,22360.69922,230054,0,4752.629883,2,2350,79,248,135
B1677,1.0651,63.43489838,27,1046,2003,13,5.644189835,45,28,0.346258998,126,1.183220029,16,0.037037,117.1908,44.4681,0.4377,215.1000061,1.766669989,362.5620117,455.2529907,133061000,12.88819981,12.88819981,2.428009987,7.220540047,61.65859985,97.84829712,1.218580008,8,4.07901001,17000,99960,0,500.4779968,2,2584,79,210,137
B1678,1.0846,177.2740021,22,1023,2003,0,1.371490002,48,30,1.62737,57,1.732049942,16,-0.037037,117.6668,44.5474,0.4481,242.6000061,2.150000095,366.2340088,469.4030151,132284000,14.08780003,14.08780003,8.805580139,23.95269966,224.6239929,340.2919922,4.316530228,6,5.869820118,4000,128810,0,495.401001,2,3019,80,214,134
B1679,1.1099,4.398700237,19,595,2003,0,5.55340004,58,23,1.009420037,54,1.78884995,-1,-0.074074097,117.0408,48.9225,0.3908,138.1000061,1.200000048,244.048996,503.5429993,129281000,12.50969982,12.50969982,1.471789956,15.33880043,20.45919991,131.7649994,1.294309974,3,3.053070068,70936.60156,82006.10156,0,0.103295997,2,2426,75,220,131
B1680,1.1182,353.6600037,18,943,2003,59,2.705070019,51,31,0.701093972,55,1,1,0.037037,117.9076,44.9489,0.5677,229.6000061,1.674999952,337.3049927,431.92099,129089000,12.65310001,12.65310001,6.502799988,6.834459782,171.6920013,178.822998,2.727020025,2,3.45836997,34058.80078,177792,0,225.5740051,2,2667,79,218,134
B1681,1.1713,8.13010025,17,1310,2003,3,4.48611021,62,21,0.547473013,56,1.897369981,16,0.024691399,112.2254,42.1749,0.3099,167.5,4.349999905,398.8070068,485.0820007,124861000,14.71940041,14.71940041,11.46920013,16.74710083,73.65129852,344.3160095,4.507520199,4,5.03553009,41146.10156,54231,0,2674.860107,2,1800,80,179,142
B1682,1.2081,68.19860077,27,580,2003,108,4.810830116,45,28,0.833853006,126,1.732049942,16,0.024691399,118.1641,48.2998,0.3808,191.3999939,0.658333004,235.5299988,288.2539978,124348000,8.885560036,8.885560036,4.780550003,21.62730026,86.03109741,233.1199951,2.899840117,1,5.751329899,94000,136971,0,16373.40039,2,3202,77,233,134
B1683,1.2127,5.194429874,12,1235,2003,0,3.943099976,56,32,1.709900022,146,2.323790073,1,-0.0123457,112.4195,42.4057,0.2669,135.8000031,4.616670132,366.9360046,446.8479919,124107000,14.07489967,14.07489967,7.384119987,25.24440002,43.75979996,317.677002,3.640059948,2,4.4582901,27892.69922,31064.40039,0,548.552002,2,1427,81,190,143
B1684,1.223,334.7990112,18,1132,2003,127,1.508620024,51,31,2.906939983,55,2.898279905,-1,0.037037,116.3491,44.1341,0.6171,250.1000061,1.950000048,396.8779907,421.2380066,134340000,14.00710011,14.00710011,9.277589798,52.96910095,36.40950012,518.9780273,8.745759964,3,20.40740013,17804.5,32280,0,92.60070038,2,2358,78,212,134
B1685,1.2334,63.43489838,27,1046,2003,13,5.644189835,45,28,0.346258998,126,1.183220029,16,0.024691399,117.1908,44.4681,0.4377,215.1000061,1.766669989,362.5620117,455.2529907,133061000,12.88819981,12.88819981,2.428009987,7.220540047,61.65859985,97.84829712,1.218580008,8,4.07901001,17000,99960,0,500.4779968,2,2584,79,210,137
B1686,1.2425,258.6900024,18,978,2003,0,2.346019983,51,31,0.78955102,55,1.897369981,0,-0.086419798,117.1276,45.6837,0.6272,244.8999939,1.116670012,293.3930054,364.9809875,136636000,11.30179977,11.30179977,1.404770017,7.740809917,26.14629936,78.20880127,0.967869997,4,2.399980068,22360.69922,230054,0,4752.629883,2,2350,79,248,135
B1687,1.2609,131.423996,19,740,2003,0,0.441035986,58,23,3.506390095,54,3.492850065,16,0.037037,117.0815,49.3399,0.386,167.6999969,0.208333001,301.9719849,302.4840088,134467008,10.72739983,10.72739983,3.965490103,15.92150021,63.85340118,185.2689972,2.442879915,3,2.968130112,34713.10156,32280,0,5355.899902,2,2976,74,249,127
B1688,1.2722,334.7990112,18,1132,2003,127,1.508620024,51,31,2.906939983,55,2.898279905,-1,-0.086419798,116.3491,44.1341,0.6171,250.1000061,1.950000048,396.8779907,421.2380066,134340000,14.00710011,14.00710011,9.277589798,52.96910095,36.40950012,518.9780273,8.745759964,3,20.40740013,17804.5,32280,0,92.60070038,2,2358,78,212,134
B1689,1.2735,135,18,1011,2003,0,2.576709986,51,31,0.328489989,55,2.144759893,16,-0.259258986,115.9934,43.9959,0.5207,212.1999969,3.291670084,387.04599,386.9049988,132759000,15.76679993,15.76679993,11.5401001,48.37630081,46.77090073,528.0349731,10.25549984,3,31.26600075,3162.280029,15811.40039,0,3481.810059,2,1845,79,194,139
B1690,1.28,258.6900024,18,979,2003,0,2.346019983,51,31,1.18422997,55,1.673320055,16,-0.074074097,117.1278,45.6837,0.6272,244.8999939,1.116670012,293.3930054,364.9809875,136636000,11.30179977,11.30179977,1.404770017,7.740809917,26.14629936,78.20880127,0.967869997,4,2.399980068,22360.69922,230054,0,4752.629883,2,2350,79,248,135
B1691,1.2956,161.5650024,19,667,2003,99,4.86714983,58,23,0.979283988,54,1.341639996,0,-0.074074097,118.6932,48.612,0.4871,212.3000031,0.100000001,270.1069946,327.177002,124934000,8.116530418,8.116530418,1.087720037,9.111689568,18.02190018,81.04190063,0.835268021,2,5.111800194,68066.10156,86145.20313,0,3816.080078,2,3362,75,287,130
B1692,1.3123,177.2740021,22,1023,2003,0,1.371490002,48,30,1.62737,57,1.732049942,16,-0.320987999,117.6668,44.5474,0.4481,242.6000061,2.150000095,366.2340088,469.4030151,132284000,14.08780003,14.08780003,8.805580139,23.95269966,224.6239929,340.2919922,4.316530228,6,5.869820118,4000,128810,0,495.401001,2,3019,80,214,134
B1693,1.3408,135,18,1011,2003,0,2.576709986,51,31,0.328489989,55,2.144759893,16,0.098765403,115.9934,43.9958,0.5207,212.1999969,3.291670084,387.04599,386.9049988,132759000,15.76679993,15.76679993,11.5401001,48.37630081,46.77090073,528.0349731,10.25549984,3,31.26600075,3162.280029,15811.40039,0,3481.810059,2,1845,79,194,139
B1694,1.3719,339.7749939,18,1125,2003,33,1.003499985,51,31,3.132420063,55,4.04968977,1,-0.320987999,114.8851,43.9979,0.3505,146.6999969,1.841670036,323.2179871,397.0440063,132278000,12.11629963,12.11629963,21.31559944,164.6549988,340.3349915,1547.5,11.82919979,5,3.276050091,0,89000,0,10612.7998,2,2192,80,174,136
B1695,1.377,183.8139954,18,1382,2003,0,2.65177989,51,31,2.326679945,55,3.660599947,16,-0.098765403,116.0948,43.3862,0.6344,321.5,0.616666973,463.1369934,524.0120239,125456000,9.326939583,9.326939583,7.946249962,85.26660156,40.57180023,714.9160156,8.633250237,4,27.89629936,3162.280029,1000,0,2847.189941,2,2767,78,221,128
B1696,1.3783,183.8139954,18,1382,2003,0,2.65177989,51,31,2.326679945,55,3.660599947,16,-0.283951014,116.0948,43.3862,0.6344,321.5,0.616666973,463.1369934,524.0120239,125456000,9.326939583,9.326939583,7.946249962,85.26660156,40.57180023,714.9160156,8.633250237,4,27.89629936,3162.280029,1000,0,2847.189941,2,2767,78,221,128
B1697,1.3848,177.2740021,22,1023,2003,0,1.371490002,48,30,1.62737,57,1.732049942,16,-0.098765403,117.6668,44.5474,0.4481,242.6000061,2.150000095,366.2340088,469.4030151,132284000,14.08780003,14.08780003,8.805580139,23.95269966,224.6239929,340.2919922,4.316530228,6,5.869820118,4000,128810,0,495.401001,2,3019,80,214,134
B1698,1.3926,171.8699951,18,1152,2003,121,3.625,51,31,0.547473013,55,2.323790073,16,-0.0123457,116.5729,43.7841,0.7005,319.7000122,1.616670012,424.2359924,481.6340027,128057000,12.1782999,12.1782999,6.328649998,24.45610046,25.82749939,275.4630127,5.552899837,5,26.98250008,32280,7000,0,4413.790039,2,2418,80,206,136
B1699,1.3953,255.2559967,18,688,2003,0,0.114519,51,31,1.520840049,55,1.843909979,16,-0.098765403,118.9491,49.3501,0.6887,223.3000031,-0.783333004,315.553009,323.3200073,126346000,8.468050003,8.468050003,2.398710012,27.62759972,41.53919983,222.3480072,2.259140015,1,6.721000195,21000,0,0,1012.059998,2,3937,74,264,126
B1700,1.4081,149.0359955,22,929,2003,0,5.354849815,47,31,0.451462001,142,0.632456005,16,-0.0123457,115.9363,44.3269,0.4844,168.6000061,3.191669941,344.6220093,399.6099854,133189000,15.69869995,15.69869995,7.355840206,54.08229828,27.84199905,492.7789917,7.361710072,3,23.44300079,10000,54120.19922,0,2845.169922,2,2175,80,183,143
B1701,1.4133,63.43489838,27,1046,2003,13,5.644189835,45,28,0.346258998,126,1.183220029,16,0.049382702,117.1908,44.4681,0.4377,215.1000061,1.766669989,362.5620117,455.2529907,133061000,12.88819981,12.88819981,2.428009987,7.220540047,61.65859985,97.84829712,1.218580008,8,4.07901001,17000,99960,0,500.4779968,2,2584,79,210,137
B1702,1.434,173.6600037,29,852,2003,0,6.19535017,42,29,0.701093972,127,2.09762001,0,-0.654321015,118.3422,45.742,0.4833,219.3999939,1.5,326.7359924,424.7950134,129649000,13.87100029,13.87100029,5.36977005,12.09930038,107.1289978,181.6970062,2.985189915,1,2.562289953,0,237800,0,240.9329987,2,3132,79,239,136
B1703,1.4676,171.8699951,18,1152,2003,121,3.625,51,31,0.547473013,55,2.323790073,16,0,116.5729,43.7842,0.7005,319.7000122,1.591670036,424.2359924,481.6340027,128057000,12.1782999,12.1782999,6.328649998,24.45610046,25.82749939,275.4630127,5.552899837,5,26.98250008,32280,7000,0,4413.790039,2,2418,80,206,136
B1704,1.4919,161.5650024,19,667,2003,99,4.868150234,58,23,0.979283988,54,1.341639996,0,-0.049382702,118.6928,48.6116,0.4871,212.3000031,0.100000001,270.1069946,327.177002,124934000,8.116530418,8.116530418,1.087720037,9.111689568,18.02190018,81.04190063,0.835268021,2,5.111800194,68066.10156,86145.20313,0,3816.080078,2,3321,75,278,130
B1705,1.4948,173.6600037,29,852,2003,0,6.19535017,42,29,0.701093972,127,2.09762001,0,0.123457,118.3422,45.742,0.4833,219.3999939,1.5,326.7359924,424.7950134,129649000,13.87100029,13.87100029,5.36977005,12.09930038,107.1289978,181.6970062,2.985189915,1,2.562289953,0,237800,0,240.9329987,2,3132,79,239,136
B1706,1.5595,334.7990112,18,1132,2003,127,1.508620024,51,31,2.906939983,55,2.898279905,-1,-0.0123457,116.3491,44.1341,0.6171,250.1000061,1.950000048,396.8779907,421.2380066,134340000,14.00710011,14.00710011,9.277589798,52.96910095,36.40950012,518.9780273,8.745759964,3,20.40740013,17804.5,32280,0,92.60070038,2,2358,78,212,134
B1707,1.6178,171.8699951,18,1152,2003,121,3.625,51,31,0.547473013,55,2.323790073,16,0.037037,116.5729,43.7841,0.7005,319.7000122,1.616670012,424.2359924,481.6340027,128057000,12.1782999,12.1782999,6.328649998,24.45610046,25.82749939,275.4630127,5.552899837,5,26.98250008,32280,7000,0,4413.790039,2,2418,80,206,136
B1708,1.8831,225,18,690,2003,0,0.114519,51,31,0.656958997,55,1.414209962,16,0.876542985,118.9498,49.3497,0.7637,223.3000031,-0.783333004,315.553009,323.3200073,126346000,8.534859657,8.534859657,2.398710012,27.62759972,41.53919983,222.3480072,2.259140015,1,6.721000195,20000,1000,0,1012.059998,2,3937,74,264,126
B1709,2.1544,302.4710083,19,1052,2003,49,1.357990026,58,23,2.018209934,102,1.897369981,16,-0.111111,117.8387,44.6824,0.5055,295,1.516669989,358.3770142,447.2820129,130718000,11.62989998,11.62989998,4.93212986,17.20750046,123.7200012,216.0359955,2.575910091,2,4.207650185,10049.90039,149402,0,93.16739655,2,2587,80,235,132
B1712,0.2783,341.5650024,24,997,2003,0,7.972949982,66,10,0.979283988,58,1.095450044,-1,0.037037,113.3296,43.5963,0.2517,93.59999847,4.033329964,271.4129944,334.9240112,131271000,14.24380016,14.24380016,1.974140048,4.647230148,20.07939911,70.29930115,1.04982996,2,0.880612016,28178,108503,0,0,2,1770,82,175,143
B1713,0.3831,338.1990051,24,998,2003,0,7.972949982,66,10,0.833853006,58,0.894427001,16,-0.074074097,113.3297,43.5962,0.2517,93.59999847,4.033329964,271.4129944,334.9240112,131271000,14.24380016,14.24380016,1.974140048,4.647230148,20.07939911,70.29930115,1.04982996,3,0.880612016,28178,108503,0,0,2,1770,82,175,143
B1714,0.3896,156.8009949,17,1102,2003,87,6.138609886,62,21,0.589644015,56,0.774596989,16,0.185185,112.7284,42.9306,0.2698,112.1999969,4.383329868,302.3649902,380.4719849,128234000,14.28569984,14.28569984,2.973390102,2.895450115,12.61089993,77.6882019,1.508159995,2,3.775979996,12806.2002,15264.2998,0,749.2719727,2,1302,82,173,143
B1715,0.4387,104.0360031,17,1103,2003,0,6.138609886,62,21,0.63845098,56,1.414209962,1,-0.074074097,112.7282,42.9309,0.2698,112.1999969,4.383329868,302.3649902,380.4719849,128234000,14.28569984,14.28569984,2.973390102,2.895450115,12.61089993,77.6882019,1.508159995,2,3.775979996,12806.2002,15264.2998,0,749.2719727,2,1302,82,173,143
B1716,0.4814,156.8009949,17,1102,2003,87,6.138609886,62,21,0.589644015,56,0.774596989,16,0.358025014,112.7283,42.9307,0.2698,112.1999969,4.383329868,302.3649902,380.4719849,128234000,14.28569984,14.28569984,2.973390102,2.895450115,12.61089993,77.6882019,1.508159995,2,3.775979996,12806.2002,15264.2998,0,749.2719727,2,1302,82,173,143
B1717,0.4983,341.5650024,24,997,2003,0,7.972949982,66,10,0.979283988,58,1.095450044,-1,-0.0123457,113.3296,43.5963,0.2517,93.59999847,4.033329964,271.4129944,334.9240112,131271000,14.24380016,14.24380016,1.974140048,4.647230148,20.07939911,70.29930115,1.04982996,2,0.880612016,28178,108503,0,0,2,1770,82,175,143
B1718,0.0084,210.9640045,18,1439,2004,15,2.523149967,51,31,0.451462001,55,0,2,0.037037,109.3887,39.9887,0.3206,153,6.974999905,395.1789856,417.6359863,155763008,19.46850014,19.46850014,163.147995,708.5239868,304.0610046,7061.379883,129.0890045,10,80.29540253,8944.269531,32249,154,924.190979,2,1165,82,227,138
B1719,0.0084,210.9640045,18,1439,2004,15,1.091760039,51,31,0.451462001,55,0,2,0.358025014,109.3891,39.9885,0.3206,153,6.974999905,395.1789856,417.6359863,155763008,19.46850014,19.46850014,163.147995,708.5239868,304.0610046,7061.379883,129.0890045,10,80.29540253,8944.269531,32249,154,924.190979,2,1165,82,227,140
B1720,0.1044,326.3099976,7,1408,2004,76,5.798550129,80,13,1.116520047,142,1.183220029,0,-0.074074097,109.4058,39.8575,0.2465,139.1000061,7.066669941,395.0280151,422.0480042,158640000,20.97310066,20.97310066,163.147995,708.5239868,304.0610046,7061.379883,129.0890045,27,389.394989,2000,17000,0,329554,2,1119,83,210,140
B1721,0.1431,45,17,1395,2004,12,5.904019833,62,21,0.109498002,56,1.612450004,2,-0.074074097,108.4492,39.4629,0.2211,100,8.183329582,313.1289978,346.052002,157951008,21.5496006,21.5496006,22.90209961,69.82440186,60.87540054,853.3690186,16.92259979,2,18.61739922,1000,1000,0,35547.30078,2,989,83,176,142
B1722,0.1478,258.6900024,17,1391,2004,99,5.904019833,62,21,0.394793987,56,2.792850018,16,-0.074074097,108.4488,39.463,0.2348,100.9000015,8.183329582,313.1289978,346.052002,157951008,21.5496006,21.5496006,22.90209961,69.82440186,60.87540054,853.3690186,16.92259979,2,18.56439972,1000,1000,0,35547.30078,2,989,83,176,142
B1723,0.1494,326.3099976,7,1408,2004,76,5.798550129,80,13,1.116520047,142,1.183220029,0,-0.111111,109.4056,39.8574,0.2465,139.1000061,7.066669941,395.0280151,422.0480042,158640000,20.97310066,20.97310066,163.147995,708.5239868,304.0610046,7061.379883,129.0890045,27,389.394989,2000,17000,0,329554,2,1119,83,210,140
B1724,0.15,326.3099976,7,1408,2004,76,5.785830021,80,13,1.116520047,142,1.183220029,0,0.0123457,109.4058,39.8576,0.2465,139.1000061,7.066669941,395.0280151,422.0480042,158640000,20.97310066,20.97310066,163.147995,708.5239868,304.0610046,7061.379883,129.0890045,27,389.394989,2000,17000,0,329554,2,1119,83,210,140
B1725,0.1571,225,17,1393,2004,0,5.904019833,62,21,0.328489989,56,1.843909979,-1,-0.074074097,108.4491,39.4631,0.2211,100.9000015,8.183329582,313.1289978,346.052002,157951008,21.5496006,21.5496006,22.90209961,69.82440186,60.87540054,853.3690186,16.92259979,2,18.56439972,1000,1000,0,35547.30078,2,989,83,176,142
B1726,0.1649,30.96380043,12,1179,2004,0,0.000449269,62,26,10.27229977,121,13.52770042,0,-0.061728399,110.8143,39.8036,0.3374,146.6000061,8.066670418,474.8659973,532.1459961,156971008,19.81369972,19.81369972,181.3820038,944.2189941,393.6430054,10317.7998,128.3419952,34,144.8630066,6324.560059,10630.09961,194,570.8629761,2,1327,82,208,132
B1727,0.1673,30.96380043,12,1179,2004,0,0.000449269,62,26,10.27229977,121,13.52770042,0,-0.098765403,110.8144,39.8037,0.3374,146.6000061,8.066670418,474.8659973,532.1459961,156971008,19.81369972,19.81369972,181.3820038,944.2189941,393.6430054,10317.7998,128.3419952,34,144.8630066,6324.560059,10630.09961,194,570.8629761,2,1327,82,208,132
B1728,0.2427,30.96380043,12,1179,2004,0,0.000449269,62,26,10.27229977,121,13.52770042,0,-0.037037,110.8142,39.8038,0.3374,146.6000061,8.066670418,474.8659973,532.1459961,156971008,19.81369972,19.81369972,181.3820038,944.2189941,393.6430054,10317.7998,128.3419952,34,144.8630066,6324.560059,10630.09961,194,570.8629761,2,1327,82,208,132
B1729,0.2726,185.1940002,17,1359,2004,160,4.983089924,55,28,0.855143011,67,1,16,-0.098765403,107.9582,39.0304,0.2915,131,8.708330154,295.2520142,341.2269897,157760000,22.99749947,22.99749947,161.8589935,2623.899902,273.7650146,25606.5,146.2440033,3,17.93260002,33837.80078,1000,0,17584.90039,2,1100,83,180,144
B1730,0.2831,205.345993,12,1447,2004,162,0.064496599,62,26,8.08493042,121,8.461680412,16,-0.061728399,110.2075,39.7905,0.3949,155,7.041669846,475.0580139,450.1929932,158996000,18.26810074,18.26810074,390.821991,6922.009766,339.9230042,59021.60156,353.6820068,27,542.4470215,1000,13892.40039,0,29226.90039,2,1399,82,212,136
B1731,0.2924,205.345993,12,1447,2004,162,0.064496599,62,26,8.08493042,121,8.461680412,16,0.0123457,110.2072,39.7904,0.3949,155,7.041669846,475.0580139,450.1929932,158996000,18.26810074,18.26810074,390.821991,6922.009766,339.9230042,59021.60156,353.6820068,27,542.4470215,1000,13892.40039,0,29226.90039,2,1399,82,212,136
B1732,0.3357,341.5650024,18,1623,2004,164,5.184969902,51,31,1.224040031,55,1.673320055,16,0.024691399,111.1364,41.3494,0.3423,188.6999969,4.716670036,379.2640076,491.2569885,149568992,17.27960014,17.27960014,58.72639847,142.9309998,276.8359985,2327.340088,29.15950012,5,22.28120041,70767.20313,70035.70313,0,1827.75,2,1899,80,207,139
B1733,0.3749,185.1940002,17,1359,2004,160,4.983089924,55,28,0.855143011,67,1,16,0.123457,107.9582,39.0303,0.2915,131,8.708330154,295.2520142,341.2269897,157760000,22.99749947,22.99749947,161.8589935,2623.899902,273.7650146,25606.5,146.2440033,3,21.47559929,33837.80078,1000,0,17584.90039,2,1100,83,180,144
B1734,0.3913,341.5650024,18,1623,2004,164,5.201010227,51,31,1.224040031,55,1.673320055,16,-0.098765403,111.1361,41.3496,0.3423,189.6999969,4.716670036,379.2640076,471.4899902,149568992,17.27960014,17.27960014,58.72639847,142.9309998,276.8359985,2327.340088,29.15950012,5,22.28120041,70767.20313,70035.70313,0,1827.75,2,1899,80,207,139
B1735,0.4077,215.5379944,12,1456,2004,0,0.064496599,62,26,6.630740166,121,7.211100101,-2,0.518518984,110.2074,39.7907,0.3949,160.6000061,7.041669846,475.0580139,450.1929932,158996000,18.26810074,18.26810074,390.821991,6922.009766,339.9230042,59021.60156,353.6820068,27,542.4470215,1000,13892.40039,0,29226.90039,2,1399,82,212,136
B1736,0.4123,16.18919945,18,1459,2004,164,1.811360002,51,31,2.497750044,55,2.932579994,-1,-0.0123457,110.3808,41.5567,0.2536,140.5,5.599999905,323.3160095,407.6589966,149214000,18.89080048,18.89080048,17.48500061,84.84780121,103.5899963,842.3740234,11.93710041,2,19.24309921,34669.89844,110168,0,657.677002,2,1676,81,195,142
B1737,0.4235,16.18919945,18,1459,2004,164,1.811360002,51,31,2.497750044,55,2.932579994,-1,0.308642,110.3807,41.5569,0.2536,140.5,5.599999905,323.3160095,407.6589966,149214000,18.89080048,18.89080048,17.48500061,84.84780121,103.5899963,842.3740234,11.93710041,2,19.24309921,34669.89844,110168,0,657.677002,2,1676,81,195,140
B1738,0.4381,16.18919945,18,1459,2004,164,1.811360002,51,31,2.497750044,55,2.932579994,-1,-0.037037,110.3808,41.5569,0.2536,140.5,5.599999905,323.3160095,407.6589966,149214000,18.89080048,18.89080048,17.48500061,84.84780121,103.5899963,842.3740234,11.93710041,2,19.24309921,34669.89844,110168,0,657.677002,2,1676,81,195,142
B1739,0.4515,183.0130005,18,1418,2004,0,5.799039841,51,31,1.472820044,55,2.28034997,-1,-0.098765403,111.8453,41.802,0.4101,220.8999939,4.991670132,302.9599915,416.2170105,151375008,18.88610077,18.88610077,19.42469978,49.11119843,114.0500031,755.2949829,9.36330986,3,7.000929832,87863.5,85562.79688,0,466.3320007,2,1742,81,163,142
B1740,0.4866,341.5650024,18,1623,2004,164,5.172200203,51,31,1.224040031,55,1.673320055,16,-0.197531,111.1362,41.3492,0.3423,188.6999969,4.716670036,379.2640076,491.2569885,149568992,17.27960014,17.27960014,58.72639847,142.9309998,276.8359985,2327.340088,29.15950012,5,22.28120041,70767.20313,70035.70313,0,1827.75,2,1899,80,207,139
B1741,0.4977,16.18919945,18,1459,2004,164,1.835119963,51,31,2.497750044,55,2.932579994,-1,-0.074074097,110.3805,41.5566,0.2536,144.6999969,5.599999905,323.3160095,407.6589966,149214000,18.89080048,18.89080048,17.48500061,84.84780121,103.5899963,842.3740234,11.93710041,2,19.24309921,34669.89844,110168,0,657.677002,2,1676,81,195,140
B1742,0.5299,185.1940002,17,1359,2004,160,5.019110203,55,28,0.855143011,67,1,16,-0.333332986,107.9583,39.0303,0.2915,131,8.708330154,295.2520142,341.2269897,157760000,22.99749947,22.99749947,161.8589935,2623.899902,273.7650146,25606.5,146.2440033,3,21.47559929,33837.80078,1000,0,17584.90039,2,1100,83,180,144
B1743,0.6393,183.0130005,18,1418,2004,0,5.799039841,51,31,1.472820044,55,2.28034997,-1,-0.481480986,111.8451,41.802,0.4101,220.8999939,4.991670132,302.9599915,416.2170105,151375008,18.88610077,18.88610077,19.42469978,49.11119843,114.0500031,755.2949829,9.36330986,3,7.000929832,87863.5,85562.79688,0,466.3320007,2,1742,81,163,142
B1744,0.6598,16.18919945,18,1459,2004,164,1.811360002,51,31,2.497750044,55,2.932579994,-1,0.197531,110.3808,41.5567,0.2536,140.5,5.599999905,323.3160095,407.6589966,149214000,18.89080048,18.89080048,17.48500061,84.84780121,103.5899963,842.3740234,11.93710041,2,19.24309921,34669.89844,110168,0,657.677002,2,1676,81,195,142
B1745,0.6732,16.18919945,18,1459,2004,164,1.811360002,51,31,2.497750044,55,2.932579994,-1,0.037037,110.3808,41.5568,0.2536,140.5,5.599999905,323.3160095,407.6589966,149214000,18.89080048,18.89080048,17.48500061,84.84780121,103.5899963,842.3740234,11.93710041,2,19.24309921,34669.89844,110168,0,657.677002,2,1676,81,195,142
B1746,0.7352,174.0939941,18,1413,2004,0,5.799039841,51,31,2.256190062,55,2.569050074,16,-0.123457,111.8449,41.8017,0.4101,221.8999939,4.991670132,302.9599915,416.2170105,151375008,18.88610077,18.88610077,19.42469978,49.11119843,114.0500031,755.2949829,9.36330986,3,7.000929832,87863.5,85562.79688,0,466.3320007,2,1742,81,163,142
B1747,0.0092,305.5379944,4,1021,2004,1,6.236159801,93,3,1.331859946,100,3.847079992,16,0.024691399,105.752,39.8158,0.2303,136.6199951,10.05830002,136.4250031,144.6560059,152158000,27.05739975,27.05739975,3.809720039,6.717549801,10.12880039,117.901001,2.528409958,0,5.150790215,7071.069824,52009.60156,0,18698,2,1331,83,163,145
B1748,0.0092,305.5379944,4,1021,2004,1,6.236159801,93,3,1.331859946,100,3.847079992,16,-0.530864,105.7523,39.816,0.2303,136.6199951,10.05830002,136.4250031,144.6560059,152158000,27.05739975,27.05739975,3.809720039,6.717549801,10.12880039,117.901001,2.528409958,0,5.150790215,7071.069824,52009.60156,0,18698,2,1331,83,163,145
B1749,0.013,255.9640045,22,1263,2004,6,2.543129921,36,42,0.63845098,68,1.414209962,3,-0.049382702,105.8912,39.3585,0.0882,137.3450012,9.441670418,162.9179993,186.7460022,149490000,26.19059944,26.19059944,4.000889778,37.66070175,9.166279793,277.3359985,3.802690029,0,5.957419872,5000,0,0,6987.890137,2,1046,83,188,145
B1750,0.0146,255.9640045,22,1263,2004,6,2.543129921,36,42,0.63845098,68,1.414209962,3,0.160494,105.8913,39.3585,0.0882,137.3450012,9.441670418,162.9179993,186.7460022,149490000,26.19059944,26.19059944,4.000889778,37.66070175,9.166279793,277.3359985,3.802690029,0,5.957419872,5000,0,0,6987.890137,2,1046,83,188,145
B1751,0.0162,255.9640045,22,1263,2004,6,2.543129921,36,42,0.63845098,68,1.414209962,3,0.481480986,105.8915,39.3587,0.0882,137.3450012,9.441670418,162.9179993,186.7460022,149490000,26.19059944,26.19059944,4.000889778,37.66070175,9.166279793,277.3359985,3.802690029,0,5.944990158,5000,0,0,6987.890137,2,1046,83,188,145
B1752,0.0167,61.69919968,17,1924,2004,186,3.845890045,55,28,1.143039942,67,1.612450004,-1,-0.123457,101.1497,38.9497,0.1403,221.7519989,6.483329773,214.9649963,226.3370056,168644000,23.8757,23.8757,115.1780014,1026.359985,336.0069885,18019.59961,65.84349823,3,31.53370094,17088,15231.5,0,4685.930176,2,1051,83,204,139
B1753,0.0179,61.69919968,17,1924,2004,186,3.831209898,55,28,1.143039942,67,1.612450004,-1,0.271605015,101.1492,38.9499,0.1403,221.7519989,6.483329773,214.9649963,226.3370056,167040000,23.8757,23.8757,115.1780014,1026.359985,336.0069885,18019.59961,65.84349823,3,31.53370094,17088,15231.5,0,4685.930176,2,1051,83,204,139
B1754,0.0236,77.00540161,17,1924,2004,0,3.850879908,55,28,1.032889962,67,2.607680082,16,0.123457,101.1499,38.9494,0.1403,221.7519989,6.483329773,214.9649963,223.2749939,168644000,23.8757,23.8757,115.1780014,1026.359985,336.0069885,18019.59961,65.84349823,3,31.53370094,17088,15231.5,0,4685.930176,2,1051,83,204,139
B1755,0.0561,356.6340027,4,1588,2004,0,3.509540081,83,13,1.318300009,83,1.673320055,-3,-0.0123457,101.9235,39.3129,0.1329,217.5659943,7.333330154,163.6959991,137.1920013,159172992,26.20059967,26.20059967,1.707540035,7.987679958,7.464190006,78.44139862,1.286620021,33,1.595989943,63134.80078,87726.89844,0,192.7550049,2,911,83,183,141
B1756,0.0588,253.3009949,22,1072,2004,0,2.660099983,36,42,1.616289973,68,1.549190044,0,-0.185185,106.9627,40.2033,0.1369,134.5769958,9.574999809,176.7220001,228.9440002,156383008,21.76860046,21.76860046,2.290009975,46.83560181,4.94866991,287.3880005,3.049770117,1,11.39050007,1000,1414.209961,0,35699.5,2,830,83,159,147
B1757,0.0605,253.3009949,22,1072,2004,0,2.638360023,36,42,1.616289973,68,1.549190044,0,0.037037,106.9626,40.2034,0.1369,134.5769958,9.574999809,176.7220001,228.9440002,156383008,21.76860046,21.76860046,2.290009975,46.83560181,4.94866991,287.3880005,3.049770117,1,11.39050007,1000,1414.209961,0,35699.5,2,830,83,159,147
B1758,0.0613,253.3009949,22,1072,2004,0,2.638360023,36,42,1.616289973,68,1.549190044,0,0.111111,106.9626,40.2036,0.1369,134.5769958,9.574999809,176.7220001,228.9440002,156383008,21.76860046,21.76860046,2.290009975,46.83560181,4.94866991,287.3880005,3.049770117,1,11.39050007,1000,1414.209961,0,35699.5,2,830,83,159,147
B1759,0.0781,332.1029968,4,1587,2004,0,3.518419981,83,13,1.488999963,83,1.612450004,1,-0.419752985,101.9233,39.3132,0.1329,217.5659943,7.333330154,163.6959991,137.1920013,159172992,26.20059967,26.20059967,1.707540035,7.987679958,7.464190006,78.44139862,1.286620021,33,1.595989943,63134.80078,87726.89844,0,192.7550049,2,911,83,183,141
B1760,0.103,337.6199951,4,1605,2004,45,3.35281992,83,13,1.423179984,83,1.414209962,16,-0.074074097,101.9236,39.3029,0.1197,217.8890076,7.308330059,165.6629944,137.1920013,159172992,25.9708004,25.9708004,1.707540035,7.987679958,7.464190006,78.44139862,1.286620021,0,1.595989943,61773.80078,87692.60156,0,192.7550049,2,974,83,187,140
B1761,0.1064,147.0950012,11,1560,2004,172,0.451166004,74,15,3.132420063,74,3.714839935,16,0.234568,107.2418,38.1265,0.288,107.9000015,8.458330154,272.7730103,395.0570068,160658000,24.04249954,24.04249954,40.31750107,331.0629883,214.3179932,3301.409912,27.39780045,3,9.956729889,22627.40039,10770.2998,0,565.0560303,2,1084,83,189,137
B1762,0.11,306.2539978,22,1468,2004,0,0.504164994,36,42,1.439919949,68,2.09762001,0,0,105.654,38.9563,0.2965,137.8190002,9.024999619,177.3670044,282.2900085,153547008,24.79850006,24.79850006,242.7230072,2739.100098,347.8190002,28352.90039,184.121994,1,6.664629936,38013.19922,11661.90039,0,6173.279785,2,892,83,170,144
B1763,0.1105,147.0950012,11,1560,2004,172,0.329970002,74,15,3.132420063,74,3.714839935,16,0,107.2419,38.1261,0.288,107.9000015,8.458330154,272.7730103,395.0570068,160658000,24.04249954,24.04249954,40.31750107,331.0629883,214.3179932,3301.409912,27.39780045,3,9.956729889,22627.40039,10770.2998,0,565.0560303,2,1084,83,189,137
B1764,0.1334,306.2539978,22,1468,2004,0,0.120421998,36,42,1.439919949,68,2.09762001,0,0.111111,105.6541,38.9561,0.2965,137.8190002,9.024999619,177.3670044,282.2900085,153547008,24.79850006,24.79850006,242.7230072,2739.100098,347.8190002,28352.90039,184.121994,1,6.664629936,38013.19922,11661.90039,0,6173.279785,2,892,83,170,143
B1765,0.1415,147.0950012,11,1560,2004,172,0.451166004,74,15,3.132420063,74,3.714839935,16,-0.160494,107.2417,38.1263,0.288,107.9000015,8.458330154,272.7730103,395.0570068,160658000,24.04249954,24.04249954,40.31750107,331.0629883,214.3179932,3301.409912,27.39780045,3,9.956729889,22627.40039,10770.2998,0,565.0560303,2,1084,83,189,137
B1766,0.1674,306.2539978,22,1468,2004,0,0.504164994,36,42,1.439919949,68,2.09762001,0,-0.0123457,105.6538,38.9565,0.2965,137.8190002,9.024999619,177.3670044,282.2900085,153547008,24.79850006,24.79850006,242.7230072,2739.100098,347.8190002,28352.90039,184.121994,1,6.664629936,38013.19922,11661.90039,0,6173.279785,2,892,83,170,144
B1767,0.1808,95.19439697,11,1217,2004,0,3.236809969,69,20,0.855143011,78,0.774596989,-1,-0.222222,105.6941,39.2911,0.1792,137.2250061,9.600000381,153.2680054,188.6589966,151139008,23.05940056,23.05940056,3.609810114,40.40779877,7.961369991,282.4710083,3.671979904,4,5.810890198,19209.40039,9219.540039,0,102.5569992,2,921,84,169,146
B1768,0.1899,21.80139923,22,1425,2004,0,3.53234005,47,31,0.833853006,142,1.341639996,16,0.098765403,107.2405,38.5024,0.285,126,8.600000381,259.644989,370.9670105,157152000,23.78000069,23.78000069,11.82159996,12.8434,82.71250153,357.3389893,5.983099937,3,8.959609985,32140.30078,28301.90039,0,405.5,2,1085,84,189,142
B1769,0.2047,95.19439697,11,1217,2004,0,3.236809969,69,20,0.855143011,78,0.774596989,-1,-0.160494,105.6941,39.291,0.1792,137.2250061,9.600000381,153.2680054,188.6589966,151139008,23.05940056,23.05940056,3.609810114,40.40779877,7.961369991,282.4710083,3.671979904,4,5.810890198,19209.40039,9219.540039,0,102.5569992,2,921,84,169,146
B1770,0.2404,95.19439697,11,1217,2004,0,3.236809969,69,20,0.855143011,78,0.774596989,-1,-0.074074097,105.6939,39.2909,0.1792,137.2250061,9.600000381,153.2680054,188.6589966,151139008,24.13260078,24.13260078,3.609810114,40.40779877,7.961369991,282.4710083,3.671979904,4,5.810890198,19209.40039,9219.540039,0,102.5569992,2,921,84,169,146
B1771,0.2901,40.2364006,22,1599,2004,6,4.906050205,36,42,1.318300009,68,1.897369981,16,-0.0123457,107.0393,41.3973,0.1384,130.7740021,6.183330059,255.5399933,277.9519958,152876992,21.59359932,21.59359932,10.20849991,59.60829926,34.36800003,542.2700195,7.472650051,1,4.599979877,58309.5,57723.5,0,21.12220001,2,1309,82,175,142
B1772,0.3508,21.80139923,22,1425,2004,0,3.53234005,47,31,0.833853006,142,1.341639996,16,-0.037037,107.2408,38.5025,0.285,126,8.600000381,259.644989,370.9670105,157152000,23.78000069,23.78000069,11.82159996,12.8434,82.71250153,357.3389893,5.983099937,3,8.959609985,32140.30078,28301.90039,0,405.5,2,1085,84,189,142
B1773,0.3666,21.80139923,22,1425,2004,0,3.53234005,47,31,0.833853006,142,1.341639996,16,0.086419798,107.2408,38.5027,0.285,126,8.600000381,259.644989,370.9670105,157152000,23.78000069,23.78000069,11.82159996,12.8434,82.71250153,357.3389893,5.983099937,3,8.937470436,32140.30078,28301.90039,0,405.5,2,1085,84,189,142
B1774,0.3884,243.4349976,22,1289,2004,125,2.678750038,36,42,1.384780049,68,1.341639996,0,-0.061728399,107.347,38.8444,0.2257,94.09999847,8.908329964,247.1640015,325.9219971,155752992,24.09180069,24.09180069,5.443009853,4.925290108,15.04249954,144.2519989,3.590559959,1,23.02689934,17464.30078,33734.30078,0,60.23139954,2,1223,85,231,140
B1775,0.3913,21.80139923,22,1601,2004,0,4.906050205,36,42,0.833853006,68,1.414209962,16,-0.024691399,107.0392,41.3974,0.1384,130.7740021,6.183330059,255.5399933,277.9519958,152876992,21.59359932,21.59359932,10.20849991,59.60829926,34.36800003,542.2700195,7.472650051,1,4.599979877,58309.5,57723.5,0,21.12220001,2,1309,82,175,142
B1776,0.3966,243.4349976,22,1289,2004,125,2.367460012,36,42,1.384780049,68,1.341639996,0,-0.061728399,107.3473,38.8442,0.2257,94.09999847,8.908329964,249.2169952,325.9219971,155752992,24.14579964,24.14579964,5.443009853,4.925290108,15.04249954,144.2519989,3.590559959,1,23.02689934,17464.30078,33734.30078,0,60.23139954,2,1223,85,231,140
B1777,0.4141,67.61990356,17,1239,2004,148,3.094189882,55,28,1.423179984,67,1.673320055,-1,0.172839999,108.5136,41.4865,0.3447,110.6999969,7.150000095,272.6380005,278.3190002,150106000,19.19179916,19.19179916,19.02630043,44.43320084,97.85079956,714.3469849,9.36345005,3,6.636909962,1414.209961,72835.39844,0,3704.449951,2,1459,83,212,142
B1778,0.4311,40.2364006,22,1599,2004,6,4.915689945,36,42,1.318300009,68,1.897369981,16,0.246913999,107.0396,41.3976,0.1899,130.7740021,6.183330059,255.5399933,277.9519958,152876992,21.59359932,21.59359932,10.20849991,59.60829926,34.36800003,542.2700195,7.472650051,1,4.599979877,58309.5,57723.5,0,21.12220001,2,1309,82,175,142
B1779,0.458,243.4349976,22,1289,2004,125,2.343889952,36,42,1.384780049,68,1.341639996,0,0.024691399,107.3471,38.8446,0.2257,94.09999847,8.908329964,247.1640015,325.9219971,155752992,24.09180069,24.09180069,5.443009853,4.925290108,15.04249954,144.2519989,3.590559959,1,23.02689934,17464.30078,33734.30078,0,60.23139954,2,1223,85,231,140
B1780,0.5018,67.61990356,17,1239,2004,148,2.984080076,55,28,1.423179984,67,1.673320055,-1,0.0123457,108.5134,41.4862,0.3447,110.6999969,7.150000095,272.6380005,278.3190002,150106000,19.19179916,19.19179916,19.02630043,44.43320084,97.85079956,714.3469849,9.36345005,3,6.636909962,1414.209961,72835.39844,0,3704.449951,2,1459,83,212,142
B1781,0.5211,67.61990356,17,1239,2004,148,3.094189882,55,28,1.423179984,67,1.673320055,-1,0.037037,108.5137,41.4864,0.3447,110.6999969,7.150000095,272.6380005,278.3190002,150106000,19.19179916,19.19179916,19.02630043,44.43320084,97.85079956,714.3469849,9.36345005,3,6.636909962,1414.209961,72835.39844,0,3704.449951,2,1459,83,212,142
B1782,0.6934,37.875,22,1634,2004,48,2.592890024,36,42,0.88273102,68,0.774596989,1,-0.209876999,106.9728,41.4652,0.1376,131.4459991,6.041669846,257.79599,257.572998,147608000,20.48579979,20.48579979,10.20849991,59.60829926,34.36800003,542.2700195,7.472650051,1,8.354399681,65000,65969.70313,0,4036.530029,2,1205,81,173,142
B1783,0.7231,33.69010162,22,1639,2004,0,2.592890024,36,42,1.674520016,68,2.863559961,16,-0.074074097,106.9729,41.465,0.1376,131.4459991,6.041669846,257.79599,257.572998,147608000,20.48579979,20.48579979,10.20849991,59.60829926,34.36800003,542.2700195,7.472650051,1,8.354399681,65000,65969.70313,0,4036.530029,2,1205,81,173,142
B1784,0.7755,63.43489838,22,1638,2004,0,2.592890024,36,42,1.384780049,68,1.897369981,-1,0,106.9726,41.4653,0.1376,131.4459991,6.041669846,257.79599,257.572998,147608000,20.48579979,20.48579979,10.20849991,59.60829926,34.36800003,542.2700195,7.472650051,1,8.354399681,65000,65969.70313,0,4036.530029,2,1205,81,173,142
B1785,0.0675,225,17,3470,2004,241,1.535650015,55,28,1.532610059,67,1.341639996,16,-0.037037,98.4431,36.4441,0.2068,129.7200012,-0.850000024,300.2940063,340.20401,133267000,15.25689983,15.25689983,0.619805992,5.656320095,4.537399769,61.48460007,0.435750008,1,1.001000047,62000,0,0,12.40569973,2,1761,80,218,133
B1788,0.0869,232.5950012,17,3472,2004,0,1.535650015,55,28,1.656540036,67,1.732049942,1,0.037037,98.4432,36.4437,0.2068,129.7200012,-0.850000024,300.2940063,340.20401,133267000,15.25689983,15.25689983,0.619805992,5.656320095,4.537399769,61.48460007,0.435750008,1,1.001000047,62000,0,0,12.40569973,2,1761,80,218,133
B1789,0.1254,225,17,3470,2004,241,1.535650015,55,28,1.532610059,67,1.341639996,16,0.049382702,98.4429,36.4439,0.2068,129.7200012,-0.850000024,300.2940063,340.20401,133267000,15.25689983,15.25689983,0.619805992,5.656320095,4.537399769,61.48460007,0.435750008,1,1.001000047,62000,0,0,12.40569973,2,1761,80,218,133
B1791,2.8748,147.0950012,17,3249,2004,111,0.258170009,55,28,3.132420063,67,3.435110092,0,-0.0123457,98.2283,36.443,0.2113,79,1.191669941,282.2829895,307.4110107,152874000,15.7027998,15.7027998,1.841420054,9.062660217,13.43519974,117.1340027,0.999257982,1,0.990727007,62649.80078,3605.550049,0,1762.819946,2,1312,81,227,133
B1792,3.0939,153.4349976,17,3243,2004,168,0.446168989,55,28,3.458420038,67,4.242640018,0,0.185185,98.2293,36.4424,0.2113,79,1.191669941,282.2829895,307.4110107,152874000,15.7027998,15.7027998,1.841420054,9.062660217,13.43519974,117.1340027,0.999257982,1,0.990727007,62649.80078,3605.550049,0,1762.819946,2,1312,81,227,133
B1793,3.3676,147.0950012,17,3249,2004,111,0.446168989,55,28,3.132420063,67,3.435110092,0,-0.037037,98.2289,36.4428,0.2113,79,1.191669941,282.2829895,307.4110107,152874000,15.7027998,15.7027998,1.841420054,9.062660217,13.43519974,117.1340027,0.999257982,1,0.990727007,62649.80078,3605.550049,0,1762.819946,2,1312,81,227,133
B1794,0.1524,101.3099976,21,4015,2004,5,4.931200027,47,32,0.78955102,193,1.732049942,3,-0.185185,98.3465,38.1716,0.2816,62.59999847,-6.699999809,402.1119995,302.6210022,141412992,9.600830078,9.600830078,0.379640013,0.409487009,14.8810997,13.1552,0.152085006,0,0.168437004,65007.69922,130698,0,110.1210022,2,2242,79,221,129
B1795,0.1645,161.5650024,21,4007,2004,0,4.991099834,47,32,0.489677995,193,1.095450044,-2,-0.049382702,98.3507,38.1722,0.2993,69.19999695,-6.699999809,402.1119995,302.6210022,141012000,9.600830078,9.600830078,0.379640013,0.409487009,14.8810997,13.1552,0.152085006,0,1.288579941,65007.69922,130698,0,1.072669983,2,2111,79,217,130
B1796,0.2019,49.08560181,21,4005,2004,106,4.988249779,47,32,1.536509991,193,1.843909979,16,0.111111,98.3509,38.1759,0.2993,87.59999847,-6.724999905,402.1119995,302.6210022,141012000,9.600830078,9.600830078,0.999602973,1.078189969,39.18259811,34.63800049,0.400445014,0,0.916281998,65007.69922,130698,0,222.2510071,2,2111,79,217,129
B1797,0.9021,8.746159554,18,2996,2004,0,3.767729998,51,31,2.035919905,55,2.966480017,16,-0.259258986,100.1295,36.0403,0.2362,91.90000153,3.25,371.0029907,408.5880127,171988000,22.59900093,22.59900093,10.0941,24.64730072,153.1519928,438.6289978,4.541540146,8,7.242159843,110494,7615.77002,0,6665.189941,2,2363,80,163,128
B1798,1.0107,310.2359924,18,3002,2004,0,3.422169924,51,31,1.318300009,55,3.605550051,16,0.049382702,100.129,36.0399,0.2512,109,3.200000048,371.0029907,408.5880127,171988000,22.59900093,22.59900093,10.0941,24.64730072,153.1519928,438.6289978,4.541540146,9,7.242159843,110923,8062.259766,0,6665.189941,2,2363,80,163,128
B1799,1.0594,8.746159554,18,2996,2004,0,3.767729998,51,31,2.035919905,55,2.966480017,16,0.049382702,100.1297,36.0405,0.2362,91.90000153,3.25,371.0029907,408.5880127,171988000,22.59900093,22.59900093,10.0941,24.64730072,153.1519928,438.6289978,4.541540146,8,7.242159843,110494,7615.77002,0,6665.189941,2,2363,80,163,128
B1800,1.0739,122.4710007,19,3260,2004,0,3.169250011,58,23,2.018209934,54,2.569050074,16,0.049382702,100.0687,37.2878,0.5379,279,0.224999994,410.7430115,475.67099,165335008,17.89240074,17.89240074,19.14929962,71.46289825,444.4179993,874.4359741,9.332969666,5,4.072720051,5000,93861.60156,0,1039.880005,2,2616,80,159,129
B1801,1.0791,184.1849976,19,3260,2004,0,2.596110106,58,23,3.179709911,54,3.872980118,16,0.049382702,100.0676,37.2883,0.5379,247.5,0.224999994,410.7430115,475.67099,165335008,17.89240074,17.89240074,19.14929962,71.46289825,444.4179993,874.4359741,9.332969666,5,4.072720051,5000,93861.60156,0,1039.880005,2,2616,80,159,129
B1802,1.116,171.6560059,21,4112,2004,64,0.615719974,47,32,11.57800007,193,12.93830013,16,-0.049382702,100.2354,38.0149,0.4611,92.5,-7.375,489.1820068,325.4389954,125421000,10.59329987,10.59329987,3.238179922,17.22929955,75.19039917,225.1609955,1.810420036,1,2.698909998,14764.7998,59135.39844,0,2210.639893,2,3814,75,239,113
B1803,1.1265,171.6560059,21,4112,2004,64,0.00935927,47,32,11.57800007,193,12.93830013,16,-0.049382702,100.2348,38.015,0.4611,92.5,-7.375,489.1820068,325.4389954,125421000,10.59329987,10.59329987,3.238179922,17.22929955,75.19039917,225.1609955,1.810420036,1,2.698909998,14764.7998,59135.39844,0,2210.639893,2,3814,75,239,113
B1804,1.2344,171.6560059,21,4112,2004,64,0.00865689,47,32,11.57800007,193,12.93830013,16,-0.049382702,100.2351,38.0154,0.4611,92.5,-7.375,489.1820068,325.4389954,125421000,6.414720058,6.414720058,3.238179922,17.22929955,75.19039917,225.1609955,1.810420036,1,2.698909998,14764.7998,59135.39844,0,2210.639893,2,3814,75,239,113
B1805,1.2897,247.0679932,18,3234,2004,0,1.723479986,51,31,4.363239765,54,5.830949783,-1,-0.049382702,99.6861,37.1561,0.4481,254.5,0.583333015,366.4400024,472.4200134,170048000,19.81110001,19.81110001,6.136330128,16.44219971,152.2259979,281.0820007,2.780689955,3,4.21446991,1000,62609.89844,0,8556.929688,2,2355,81,178,134
B1806,1.3265,247.0679932,18,3234,2004,0,1.36322999,51,31,4.363239765,54,5.830949783,-1,1.012349963,99.6863,37.156,0.4481,269.6000061,0.583333015,366.4400024,472.4200134,170048000,19.81110001,19.81110001,6.136330128,16.44219971,152.2259979,281.0820007,2.780689955,3,4.21446991,1000,62609.89844,0,8556.929688,2,2355,81,178,134
B1807,1.3423,184.1849976,19,3260,2004,0,2.709100008,58,23,3.179709911,54,3.872980118,16,-0.69135797,100.0681,37.2879,0.5379,279,0.224999994,410.7430115,475.67099,165335008,17.89240074,17.89240074,19.14929962,71.46289825,444.4179993,874.4359741,9.332969666,5,4.072720051,5000,93861.60156,0,1039.880005,2,2616,80,159,129
B1808,1.3884,110.2249985,22,2965,2004,0,1.01707E-05,47,31,16.75130081,195,18.91559982,16,0.765432,100.9349,38.1783,0.7051,310.2000122,-2.808330059,421.4500122,465.4370117,146559008,9.596810341,9.596810341,24.70730019,64.11309814,185.7740021,1027.150024,11.85289955,8,30.62680054,15556.2998,6082.759766,0,351.125,2,3932,78,197,112
B1809,1.4015,110.2249985,22,2965,2004,0,1.01707E-05,47,31,16.75130081,195,18.91559982,16,-1.567899942,100.9347,38.1784,0.7051,320.7999878,-2.808330059,421.4500122,465.4370117,146559008,9.596810341,9.596810341,24.70730019,64.11309814,185.7740021,1027.150024,11.85289955,8,30.62680054,15556.2998,6082.759766,0,351.125,2,3932,78,197,112
B1810,1.5502,247.0679932,18,3234,2004,0,1.36322999,51,31,4.363239765,54,5.830949783,-1,-0.148148,99.6864,37.1559,0.4481,269.6000061,0.583333015,366.4400024,472.4200134,170048000,19.81110001,19.81110001,6.136330128,16.44219971,152.2259979,281.0820007,2.780689955,3,4.21446991,0,63063.5,0,8556.929688,2,2355,81,178,134
B1811,1.695,342.0509949,9,3557,2004,142,0.92849499,75,16,11.40410042,198,13.03069973,0,-0.395062,100.8974,36.371,0.5746,302.7000122,-0.524999976,501.197998,547.0419922,172179008,16.85000038,16.85000038,9.446880341,63.7779007,110.8909988,644.697998,5.628920078,3,12.67770004,47434.19922,1000,0,0.789200008,2,3276,79,188,114
B1812,1.8542,285.7510071,9,3740,2004,250,1.972749949,75,16,3.134320021,198,4.878520012,-3,-0.938271999,99.6489,35.8186,0.6554,200.1000061,-0.975000024,404.0190125,405.1520081,155882000,20.46010017,20.46010017,6.473209858,26.05069923,104.2939987,372.0360107,3.275010109,13,3.460459948,119436,0,0,3.707720041,2,2933,78,169,114
B1813,1.92,309.7260132,9,3756,2004,0,0.736406028,75,16,7.110889912,198,7.443120003,16,0.617284,99.6498,35.8178,0.6145,200.1000061,-0.975000024,404.0190125,405.1520081,159860992,20.46010017,20.46010017,6.473209858,26.05069923,104.2939987,372.0360107,3.275010109,13,3.460459948,119436,0,0,3.707720041,2,2933,78,169,114
B1814,1.9477,110.2249985,22,2965,2004,0,0.00025104,47,31,16.75130081,195,18.91559982,16,0.567901015,100.9353,38.1783,0.7051,310.2000122,-2.808330059,421.4500122,465.4370117,146559008,9.596810341,9.596810341,24.70730019,64.11309814,185.7740021,1027.150024,11.85289955,8,30.62680054,15556.2998,6082.759766,0,351.125,2,3932,78,197,112
B1815,2.0266,128.7579956,20,3503,2004,0,0.000313583,53,27,13.82460022,151,14.00710011,2,0.222222,100.567,37.685,0.7121,268.2000122,-4.333330154,486.9089966,389.3049927,154892992,13.16460037,13.16460037,3.911410093,20.73590088,88.83719635,269.6520081,2.191319942,1,2.89703989,11180.2998,43600.5,0,4755.930176,2,4227,77,232,116
B1816,2.0924,309.7260132,9,3756,2004,0,1.972749949,75,16,7.110889912,198,7.443120003,16,0.283951014,99.6494,35.8181,0.6145,200.1000061,-0.975000024,404.0190125,405.1520081,155882000,20.46010017,20.46010017,6.473209858,26.05069923,104.2939987,372.0360107,3.275010109,13,3.460459948,119436,0,0,3.707720041,2,2933,78,169,114
B1817,2.103,149.0359955,27,3382,2004,240,2.212239981,43,30,0.902867973,47,1,16,0.629630029,100.5732,37.2943,0.7582,284.7000122,-0.93333298,475.5220032,457.2330017,164300000,19.63500023,19.63500023,7.06757021,66.69689941,136.8480072,738.7810059,5.205890179,6,4.944880009,8000,76694.20313,0,4060.560059,2,2982,78,182,125
B1818,2.2175,39.99940109,17,3377,2004,32,1.980190039,44,39,8.725230217,197,9.077449799,16,-0.370370001,101.2131,37.7587,0.6532,239.3999939,-4.091670036,517.1810303,371.5230103,130947000,10.22959995,10.22959995,38.22919846,93.95950317,243.1450043,1622.319946,17.17980003,11,8.752989769,7280.109863,0,0,335.4960022,2,4087,79,233,113
B1819,2.2793,33.88130188,17,3397,2004,0,1.980190039,44,39,18.62100029,197,20.38629913,0,-0.827160001,101.2126,37.7581,0.6532,239.3999939,-4.091670036,517.1810303,371.5230103,130947000,10.22959995,10.22959995,38.22919846,93.95950317,243.1450043,1622.319946,17.17980003,11,8.752989769,7280.109863,0,0,335.4960022,2,4087,79,233,112
B1820,2.2885,105.6900024,20,3466,2004,0,0.000313583,53,27,7.120790005,151,8.555700302,0,0.061728399,100.5673,37.6848,0.7121,268.2000122,-4.333330154,486.9089966,389.3049927,154892992,13.16460037,13.16460037,3.911410093,20.73590088,88.83719635,269.6520081,2.191319942,1,2.89703989,11180.2998,43600.5,0,4755.930176,2,4227,77,232,116
B1821,2.4833,341.7789917,9,3535,2004,0,0.92849499,75,16,12.90120029,198,13.74769974,0,0.197531,100.8975,36.3714,0.5746,302.7000122,-0.524999976,501.197998,547.0419922,172179008,16.85000038,16.85000038,9.446880341,63.7779007,110.8909988,644.697998,5.628920078,3,12.67770004,47434.19922,1000,0,0.789200008,2,3276,79,188,114
B1822,2.5201,113.3050003,9,3692,2004,0,2.42292E-06,75,16,10.8288002,198,11.78979969,0,0.641974986,98.891,37.1981,0.6831,227.3000031,-3.108330011,365.6140137,429.118988,162030000,12.55350018,12.55350018,12.9762001,947.1129761,425.3580017,1069.51001,8.660010338,3,1.001760006,16278.7998,22561,0,10047.2998,2,2974,77,174,116
B1823,2.5557,190.3049927,27,3380,2004,0,2.212239981,43,30,1.730790019,47,2.09762001,16,0.037037,100.5733,37.2937,0.7582,272.2000122,-0.93333298,475.5220032,457.2330017,164300000,19.63500023,19.63500023,7.06757021,66.69689941,136.8480072,738.7810059,5.205890179,3,4.944880009,9000,75927.60156,0,4060.560059,2,2982,78,182,125
B1824,2.6017,93.63819885,9,3722,2004,160,2.42292E-06,75,16,13.18410015,198,15.42720032,16,-0.320987999,98.8907,37.1982,0.6831,227.3000031,-3.108330011,365.6140137,429.118988,162030000,12.55350018,12.55350018,12.9762001,947.1129761,425.3580017,1069.51001,8.660010338,3,1.001760006,16278.7998,22561,0,10047.2998,2,2974,77,174,116
B1825,2.6096,33.51800156,17,3433,2004,149,0.050897598,44,39,26.5298996,197,30.36770058,16,-0.148148,101.2127,37.7569,0.7431,239.3999939,-4.091670036,517.1810303,371.5230103,130947000,10.22959995,10.22959995,38.22919846,93.95950317,243.1450043,1622.319946,17.17980003,11,8.752989769,7280.109863,0,0,335.4960022,2,4724,77,245,112
B1826,2.6557,144.4620056,27,3382,2004,240,2.165509939,43,30,1.331859946,47,2.190890074,16,0.024691399,100.573,37.2948,0.7582,284.7000122,-0.93333298,475.5220032,457.2330017,164300000,19.63500023,19.63500023,7.06757021,66.69689941,136.8480072,738.7810059,5.205890179,6,4.944880009,8000,76694.20313,0,4060.560059,2,2982,78,182,125
B1827,2.6754,234.2109985,20,3676,2004,59,0.268023014,53,27,4.097350121,193,5.157519817,1,-0.049382702,100.4429,37.8563,0.75,259.8999939,-5.199999809,473.0180054,356.6289978,138416000,14.38389969,14.38389969,3.911410093,20.73590088,88.83719635,269.6520081,2.191319942,8,3.611059904,17492.90039,43011.60156,0,243.7890015,2,3791,77,229,116
B1828,2.761,128.7579956,20,3503,2004,0,0.000731383,53,27,13.82460022,151,14.00710011,2,0.246913999,100.5669,37.6851,0.7121,268.2000122,-4.333330154,486.9089966,389.3049927,154892992,13.16460037,13.16460037,3.911410093,20.73590088,88.83719635,269.6520081,2.191319942,1,2.89703989,11180.2998,43600.5,0,4755.930176,2,4227,77,232,116
B1829,2.7794,256.2179871,20,3666,2004,38,0.152142003,53,27,4.217619896,193,5.234499931,16,-0.024691399,100.4435,37.8559,0.75,259.8999939,-5.199999809,473.0180054,356.6289978,138416000,14.72570038,14.72570038,3.911410093,20.73590088,88.83719635,269.6520081,2.191319942,8,3.611059904,17492.90039,43011.60156,0,243.7890015,2,3791,77,229,116
B1830,2.832,113.3050003,9,3692,2004,0,2.42292E-06,75,16,10.8288002,198,11.78979969,0,-0.160494,98.8913,37.198,0.6831,227.3000031,-3.108330011,365.6140137,429.118988,162030000,12.55350018,12.55350018,12.9762001,947.1129761,425.3580017,1069.51001,8.660010338,3,1.001760006,16278.7998,22561,0,10047.2998,2,2974,77,174,116
B1831,2.9189,276.4830017,13,3783,2004,102,0.881986022,63,24,6.824940205,194,7.784599781,1,0.506173015,99.6071,36.7469,0.6049,302.2999878,-3.666670084,403.2080078,433.1990051,175470000,13.3817997,13.3817997,6.490099907,54.92779922,72.20619965,511.0920105,4.23360014,7,6.06994009,42000,19235.40039,0,0,2,3571,78,174,116
B1832,2.9248,345.256012,18,3240,2004,0,2.481620073,51,31,1.520840049,55,2.049390078,0,-0.308642,100.2863,36.6227,0.7034,337.6000061,0.466666996,418.1419983,547.6550293,174827008,17.93239975,17.93239975,10.18389988,40.62129974,133.1199951,573.1160278,5.251609802,5,19.15620041,47423.60156,30870.69922,0,2332.379883,2,2353,80,158,130
B1833,3.0084,287.802002,13,3798,2004,28,0.881986022,63,24,8.794210434,194,8.473489761,16,0.407406986,99.6075,36.747,0.6049,302.2999878,-3.666670084,403.2080078,433.1990051,175470000,13.3817997,13.3817997,6.490099907,54.92779922,72.20619965,511.0920105,4.23360014,7,6.06994009,42000,19235.40039,0,0,2,3571,78,174,116
B1834,3.0821,342.0509949,9,3557,2004,142,0.92849499,75,16,11.40410042,198,13.03069973,0,-0.061728399,100.8974,36.3712,0.5746,302.7000122,-0.524999976,501.197998,547.0419922,172179008,16.85000038,16.85000038,9.446880341,63.7779007,110.8909988,644.697998,5.628920078,3,12.67770004,47434.19922,1000,0,0.789200008,2,3276,79,188,114
B1835,3.1821,0,18,3236,2004,22,2.76741004,51,31,2.321530104,55,3.162280083,2,-0.592593014,100.2869,36.6237,0.7034,337.6000061,0.466666996,418.9289856,547.6550293,174827008,18.53420067,18.53420067,10.18389988,40.62129974,133.1199951,573.1160278,5.251609802,5,19.15620041,47423.60156,30870.69922,0,2332.379883,2,2353,80,158,130
B1836,3.2005,0,18,3236,2004,22,2.672970057,51,31,2.321530104,55,3.162280083,2,-0.283951014,100.2869,36.6235,0.7034,337.6000061,0.466666996,418.9289856,547.6550293,174827008,18.53420067,18.53420067,10.18389988,40.62129974,133.1199951,573.1160278,5.251609802,5,19.15620041,47423.60156,30870.69922,0,2332.379883,2,2353,80,158,130
B1837,3.211,261.6069946,20,3657,2004,28,0.268023014,53,27,4.763160229,193,5.196149826,2,0.246913999,100.4426,37.8565,0.75,259.8999939,-5.199999809,473.0180054,356.6289978,138416000,14.38389969,14.38389969,3.911410093,20.73590088,88.83719635,269.6520081,2.191319942,8,3.611059904,17492.90039,43011.60156,0,243.7890015,2,3791,77,229,116
B1838,3.2406,0,18,3236,2004,22,2.672970057,51,31,2.321530104,55,3.162280083,2,-0.283951014,100.2867,36.6232,0.7034,337.6000061,0.466666996,418.9289856,547.6550293,174827008,17.93239975,17.93239975,10.18389988,40.62129974,133.1199951,573.1160278,5.251609802,5,19.15620041,47423.60156,30870.69922,0,2332.379883,2,2353,80,158,130
B1839,3.4795,276.4830017,13,3783,2004,102,0.964232981,63,24,6.824940205,194,7.784599781,1,-0.246913999,99.6065,36.7467,0.6049,302.2999878,-3.666670084,403.2080078,433.1990051,175470000,13.3817997,13.3817997,6.490099907,54.92779922,72.20619965,511.0920105,4.23360014,7,6.06994009,42000,19235.40039,0,0,2,3571,78,174,116
B1840,0.8659,196.2599945,21,4231,2004,155,0.331618994,32,47,3.865459919,202,4.123109818,16,0.135802001,98.4115,34.8368,0.274,77.40000153,-3.958329916,428.6239929,377.6759949,144570000,16.04330063,16.04330063,0.320850998,1.146080017,5.984250069,17.5461998,0.155157998,0,0.0564503,235733,0,0,0.022097601,2,2827,78,248,123
B1841,1.1397,204.7749939,21,4225,2004,87,0.484356999,32,47,2.216059923,202,2.720289946,16,0.69135797,98.4113,34.8362,0.274,65.5,-3.958329916,428.6239929,377.6759949,144570000,16.04330063,16.04330063,0.320850998,1.146080017,5.984250069,17.5461998,0.155157998,0,0.028718701,235733,0,0,0.022097601,2,2827,78,248,123
B1842,1.6029,69.77510071,21,4222,2004,0,2.628420115,32,47,1.567379951,202,2.28034997,16,0.246913999,98.4007,34.8343,0.314,67.40000153,-3.825000048,421.7460022,377.6759949,144570000,16.0984993,16.0984993,0.320850998,1.146080017,5.984250069,17.5461998,0.155157998,0,0.028718701,235934,0,0,0.022097601,2,2704,79,238,126
B1843,2.507,332.4030151,21,4456,2004,248,0.977698982,47,32,7.6426301,193,8.966600418,-1,-0.246913999,97.9497,34.3739,0.5806,136.3999939,-5.525000095,489.9400024,398.0700073,124297000,10.97529984,10.97529984,1.410640001,4.621079922,26.44779968,73.5582962,0.666002989,0,0.309067994,300000,0,0,441.5979919,2,3892,75,280,112
B1844,2.932,255.9640045,21,4277,2004,0,2.888499975,32,47,0.63845098,202,0.447214007,-1,0.0123457,97.9936,34.5823,0.5701,149.8000031,-3.758330107,443.7479858,403.4360046,148643008,14.70240021,14.70240021,2.492269993,13.33549976,38.51520157,120.1460037,1.398589969,2,0.214800999,275191,0,0,0,2,3049,77,282,120
B1845,1.3371,13.08510017,15,4322,2004,0,0.00129765,66,19,14.39509964,201,15.37530041,16,-0.148148,99.2785,35.3708,0.2636,87.09999847,-5.550000191,453.9630127,355.5280151,137144992,15.17809963,15.17809963,5.030320168,18.71170044,81.37689972,270.3460083,2.480449915,154,2.31317997,165605,1000,0,239.2980042,2,3702,76,281,114
B1846,1.3963,3.366460085,15,4300,2004,181,0.00129765,66,19,10.4314003,201,10.85359955,16,-0.061728399,99.2784,35.371,0.2636,79,-5.550000191,453.9630127,355.5280151,137144992,15.17809963,15.17809963,5.030320168,18.71170044,81.37689972,270.3460083,2.480449915,154,2.31317997,165605,1000,0,239.2980042,2,3702,76,281,114
B1847,1.9279,13.08510017,15,4322,2004,0,1.54361E-05,66,19,14.39509964,201,15.37530041,16,0.024691399,99.2783,35.3705,0.2636,87.09999847,-5.550000191,453.9630127,355.5280151,137144992,15.17809963,15.17809963,5.030320168,18.71170044,81.37689972,270.3460083,2.480449915,154,2.31317997,165605,1000,0,239.2980042,2,3702,76,281,114
B1848,0.3756,343.6099854,4,2858,2005,0,2.706990004,93,3,1.371739984,100,2.489979982,16,0.481480986,95.7104,36.3791,0.0522,88.21829987,5.416669846,119.3980026,101.9110031,168818000,25.56509972,25.56509972,2.957849979,34.60340118,20.92379951,331.5310059,2.532979965,1,0.614971995,56586.19922,1000,0,12.37689972,2,837,82,191,132
B1849,0.5096,4.398700237,4,2860,2005,200,2.656069994,93,3,1.009420037,100,1.897369981,-1,0.049382702,95.7102,36.3784,0.0522,88.21829987,5.416669846,119.3980026,101.9110031,168818000,25.56509972,25.56509972,2.957849979,34.60340118,20.92379951,331.5310059,2.532979965,1,0.614971995,56586.19922,1000,0,12.37689972,2,837,82,191,132
B1850,0.1332,45,7,3797,2005,229,4.990880013,80,13,0.437983006,101,1.341639996,16,0.049382702,89.365,29.3387,0.1976,56.79999924,6.074999809,218.1239929,475.2770081,211536992,28.26379967,28.26379967,30.19569969,148.4609985,167.2339935,851.6950073,10.99890041,46,14.51350021,4000,4000,3,2753.899902,2,1501,77,123,135
B1851,0.1378,0,7,3798,2005,28,4.987279892,80,13,0.464549989,101,1.095450044,16,0.049382702,89.3482,29.3387,0.3897,71,6.033329964,217.9429932,436.5859985,210656000,27.94490051,27.94490051,30.19569969,148.4609985,167.2339935,851.6950073,10.99890041,30,22.32489967,2828.429932,4000,4,2753.899902,2,1622,77,141,135
B1852,0.1473,208.9819946,21,5017,2005,19,4.81338E-08,47,32,22.56550026,193,25.63199997,16,0.049382702,90.2092,28.8986,0.1231,66.30000305,-2.091670036,525.9869995,526.802002,212414000,14.6243,14.6243,11.69999981,45.88270187,162.1799927,294.7720032,4.261020184,1,0.812913001,45650.80078,49091.80078,0,5091.390137,2,2722,70,148,107
B1853,0.1684,208.9819946,21,5017,2005,19,4.81338E-08,47,32,22.56550026,193,25.63199997,16,0.049382702,90.2093,28.8985,0.1231,66.30000305,-2.091670036,525.9869995,526.802002,212414000,14.6243,14.6243,11.69999981,45.88270187,162.1799927,294.7720032,4.261020184,1,0.812913001,45650.80078,49091.80078,0,5091.390137,2,2722,70,148,107
B1854,0.2052,208.9819946,21,5017,2005,19,4.81338E-08,47,32,22.56550026,193,25.63199997,16,0.049382702,90.2092,28.8985,0.1231,66.30000305,-2.091670036,525.9869995,526.802002,212414000,14.6243,14.6243,11.69999981,45.88270187,162.1799927,294.7720032,4.261020184,1,0.812913001,45650.80078,49091.80078,0,5091.390137,2,2722,70,148,107
B1855,0.2066,341.5650024,7,3795,2005,0,4.990880013,80,13,0.734493971,101,1.341639996,16,0.049382702,89.3653,29.3388,0.1976,56.79999924,6.074999809,218.1239929,475.2770081,211536992,28.26379967,28.26379967,30.19569969,148.4609985,167.2339935,851.6950073,10.99890041,46,14.51350021,4000,4000,3,2753.899902,2,1501,77,123,135
B1856,0.2262,358.052002,16,4010,2005,248,0.449337006,56,28,30.80719948,97,35.74909973,-1,0.049382702,87.8722,29.3401,0.1642,55.5,4.708330154,258.8569946,471.7850037,220752000,21.29560089,21.29560089,8.009079933,57.37559891,70.5503006,287.0159912,4.066790104,12,3.13361001,90708.29688,100439,0,8962.349609,2,2289,76,250,131
B1857,0.2894,188.1300049,21,4632,2005,260,1.509420037,47,32,1.642019987,193,2.898279905,-1,0.185185,86.5477,29.4654,0.3932,72.59999847,1.516669989,546.4299927,354.4200134,214200000,21.07180023,21.07180023,0.973517001,0.751778007,13.30630016,13.19460011,0.219522998,6,0.403450012,211073,220844,0,340.6879883,2,1684,81,224,128
B1858,0.2935,152.3540039,15,4611,2005,0,0.000111006,66,19,3.66602993,201,4.289519787,16,-0.024691399,84.8564,29.5698,0.1149,58.20000076,0.824999988,788.0339966,378.7929993,183962000,16.42140007,16.42140007,0.66595602,7.570509911,21.31830025,34.69660187,0.46113801,0,0.204854995,365367,375171,0,5.412330151,2,2377,76,228,125
B1859,0.2946,358.052002,16,4010,2005,248,0.449337006,56,28,30.80719948,97,35.74909973,-1,0.481480986,87.8721,29.3402,0.1642,55.5,4.708330154,258.8569946,471.7850037,220752000,21.29560089,21.29560089,8.009079933,57.37559891,70.5503006,287.0159912,4.066790104,12,3.13361001,90708.29688,100439,0,8962.349609,2,2289,76,250,131
B1860,0.3341,86.76029968,21,5079,2005,218,0.046437498,47,32,4.103159904,193,8.93307972,16,-0.086419798,86.1071,29.4662,0.4266,69,-1.25,688.9689941,357.7279968,201804000,18.24099922,18.24099922,1.512519956,8.368289948,19.14109993,46.25830078,0.658674002,3,0.487452,251030,260837,0,933.0269775,2,1788,77,252,118
B1861,0.3913,177.4790039,15,4700,2005,29,0.026954301,66,19,12.13790035,201,12.64120007,2,-0.54321003,84.8536,29.5713,0.1149,43.90000153,0.675000012,792.822998,378.7929993,183962000,18.90579987,18.90579987,0.66595602,7.570509911,21.31830025,34.69660187,0.46113801,0,0.204854995,365367,375171,0,5.412330151,2,2377,76,228,125
B1862,0.4051,210.9640045,29,4626,2005,273,0.296317011,42,29,3.607000113,127,3.633179903,16,0.407406986,85.1485,29.4733,0.5405,62.20000076,1.158329964,779.5189819,356.2080078,183222000,20.46319962,20.46319962,1.530769944,12.16129971,45.97019958,60.91749954,0.828958988,5,0.300992012,337202,347052,0,327.401001,2,1862,77,258,129
B1863,0.4051,315,21,5030,2005,0,0.0102608,47,32,9.652939796,193,9.95991993,1,0.395062,86.1091,29.4689,0.5187,69.69999695,-1.266669989,688.9689941,357.7279968,201804000,17.6637001,17.6637001,1.512519956,8.368289948,19.14109993,46.25830078,0.658674002,3,0.388971001,251030,260837,0,933.0269775,2,1788,77,252,118
B1864,0.413,358.052002,16,4010,2005,248,0.449337006,56,28,30.80719948,97,35.74909973,-1,0.370370001,87.8721,29.3401,0.1642,55.5,4.708330154,258.8569946,471.7850037,220752000,21.29560089,21.29560089,8.009079933,57.37559891,70.5503006,287.0159912,4.066790104,12,3.13361001,90708.29688,100439,0,8962.349609,2,2289,76,250,131
B1865,0.413,17.10269928,13,3960,2005,256,7.06971E-06,64,23,27.23259926,209,31.6923008,16,-0.024691399,91.054,29.9356,0.4351,251.3999939,6.5,494.1180115,541.7290039,168008000,20.0897007,20.0897007,7.678239822,102.9899979,90.83100128,448.0589905,6.030250072,4,5.26955986,30066.59961,30066.59961,0,7237.399902,2,2365,72,108,135
B1866,0.4262,66.4477005,21,5086,2005,43,1.339750051,47,32,3.290430069,193,3.405879974,16,0.802469015,85.728,29.6464,0.3535,36.20000076,-2.166670084,712.8179932,392.9859924,176019008,11.48110008,11.48110008,1.114680052,13.27659988,29.90990067,60.06380081,0.79865998,0,0.374790013,287680,297355,0,5464.609863,2,1941,76,291,118
B1867,0.4761,354.8059998,17,4483,2005,6,1.329849958,44,39,5.964799881,197,6.434279919,16,-0.271605015,87.2193,29.2363,0.5237,87.5,2.216670036,438.3699951,428.2590027,222798000,23.10709953,23.10709953,2.030740023,23.30690002,23.13019943,105.2910004,1.416839957,7,0.42434901,148661,158619,0,612.6550293,2,2265,77,216,124
B1868,0.4891,133.1519928,15,4611,2005,0,0.221295998,66,19,3.392230034,201,2.966480017,16,0.851852,84.8555,29.5681,0.1149,87,0.824999988,788.0339966,378.7929993,183962000,16.42140007,16.42140007,0.66595602,7.570509911,21.31830025,34.69660187,0.46113801,0,0.204854995,365367,375171,0,5.412330151,2,2377,76,228,125
B1869,0.4919,17.10269928,13,3960,2005,256,7.06971E-06,64,23,27.23259926,209,31.6923008,16,0.061728399,91.0541,29.9356,0.4351,251.3999939,6.5,494.1180115,541.7290039,168008000,20.0897007,20.0897007,7.678239822,102.9899979,90.83100128,448.0589905,6.030250072,4,5.26955986,30066.59961,30066.59961,0,7237.399902,2,2365,72,108,135
B1870,0.5025,188.1300049,21,4632,2005,260,1.509420037,47,32,1.642019987,193,2.898279905,-1,1.790120006,86.5477,29.4656,0.3932,72.59999847,1.516669989,546.4299927,354.4200134,214200000,21.07180023,21.07180023,0.973517001,0.751778007,13.30630016,13.19460011,0.219522998,6,0.403450012,211073,220844,0,340.6879883,2,1684,81,224,128
B1871,0.5051,180,21,5068,2005,0,0.023543499,47,32,8.757800102,193,10.25669956,0,-0.172839999,86.1066,29.4658,0.4266,69,-1.25,688.9689941,357.7279968,201804000,18.24099922,18.24099922,1.512519956,8.368289948,19.14109993,46.25830078,0.658674002,3,0.487452,251030,260837,0,933.0269775,2,1945,77,261,118
B1872,0.5393,273.2890015,21,5039,2005,0,4.19487E-05,47,32,13.25300026,193,15.83670044,16,0.580246985,86.1097,29.4721,0.5187,65.40000153,-1.266669989,688.9689941,357.7279968,201804000,17.6637001,17.6637001,1.512519956,8.368289948,19.14109993,46.25830078,0.658674002,3,0.388074994,251030,260837,0,933.0269775,2,1788,77,252,122
B1873,0.5472,210.9640045,29,4626,2005,273,0.296317011,42,29,3.607000113,127,3.633179903,16,0.370370001,85.1484,29.4733,0.5405,62.20000076,1.158329964,779.5189819,356.2080078,183222000,20.46319962,20.46319962,1.530769944,12.16129971,45.97019958,60.91749954,0.828958988,5,0.300992012,337202,347052,0,327.401001,2,1862,77,258,129
B1874,0.6024,17.10269928,13,3960,2005,256,7.06971E-06,64,23,27.23259926,209,31.6923008,16,0.740741014,91.0541,29.9357,0.4351,251.3999939,6.391670227,494.1180115,541.7290039,168008000,20.0897007,20.0897007,7.678239822,102.9899979,90.83100128,448.0589905,6.030250072,4,5.26955986,30066.59961,30066.59961,0,7237.399902,2,2365,72,108,135
B1875,0.6077,56.30989838,21,5084,2005,207,1.339750051,47,32,3.346179962,193,3.286339998,0,-0.148148,85.7283,29.6465,0.3535,36.20000076,-2.166670084,712.8179932,392.9859924,176019008,11.48110008,11.48110008,1.114680052,13.27659988,29.90990067,60.06380081,0.79865998,0,0.374790013,287680,297355,0,5464.609863,2,1941,76,291,118
B1876,0.6208,180,21,5068,2005,0,0.023543499,47,32,8.757800102,193,10.25669956,0,-0.098765403,86.1069,29.4659,0.4266,69,-1.25,688.9689941,357.7279968,201804000,18.24099922,18.24099922,1.512519956,8.368289948,19.14109993,46.25830078,0.658674002,3,0.487452,251030,260837,0,933.0269775,2,1945,77,261,118
B1877,0.6392,354.8059998,17,4483,2005,6,1.329849958,44,39,5.964799881,197,6.434279919,16,0.185185,87.2192,29.2362,0.5237,87.5,2.216670036,438.3699951,428.2590027,222798000,23.10709953,23.10709953,2.030740023,23.30690002,23.13019943,105.2910004,1.416839957,7,0.42434901,148661,158619,0,612.6550293,2,2265,77,216,124
B1878,0.6392,160.1150055,28,4319,2005,148,0.677833974,41,31,3.863919973,129,4.266149998,16,0.024691399,90.4719,30.0738,0.5544,93.09999847,3.716670036,439.6669922,399.2109985,181844000,22.72310066,22.72310066,14.06229973,194.0820007,133.0330048,844.2550049,11.2961998,5,0.884011984,6082.759766,5385.169922,25,7333.410156,2,2694,74,120,128
B1879,0.6577,188.1300049,21,4632,2005,260,1.509420037,47,32,1.642019987,193,2.898279905,-1,-0.506173015,86.5479,29.4655,0.3932,72.59999847,1.516669989,546.4299927,362.75,214200000,21.07180023,21.07180023,0.973517001,0.751778007,13.30630016,13.19460011,0.219522998,6,0.403450012,211073,220844,0,633.4790039,2,1684,81,224,128
B1880,0.6682,187.125,15,4619,2005,190,2.983799934,66,19,1.248270035,201,3.924279928,0,-0.283951014,84.8295,29.5679,0.1903,46.09999847,1.141669989,789.132019,367.5419922,184232992,18.23889923,18.23889923,0.66595602,7.570509911,21.31830025,34.69660187,0.46113801,6,0.33851701,367327,377133,2,5.412330151,2,2110,77,226,128
B1881,0.7392,210.9640045,29,4626,2005,273,0.356979012,42,29,3.607000113,127,3.633179903,16,0.074074097,85.1483,29.4731,0.5405,62.20000076,1.158329964,779.5189819,356.2080078,183222000,20.46319962,20.46319962,1.530769944,12.16129971,45.97019958,60.91749954,0.828958988,5,0.300992012,337202,347052,0,327.401001,2,1862,77,258,129
B1882,0.7603,187.125,15,4619,2005,190,2.983799934,66,19,1.248270035,201,3.924279928,0,-0.604937971,84.8294,29.568,0.178,46.09999847,1.141669989,789.132019,367.5419922,184232992,18.23889923,18.23889923,0.66595602,7.570509911,21.31830025,34.69660187,0.46113801,6,0.33851701,367327,377133,2,5.412330151,2,2110,77,226,128
B1883,0.7603,180,21,5068,2005,0,0.023543499,47,32,8.757800102,193,10.25669956,0,0.123457,86.1067,29.4659,0.4266,69,-1.25,688.9689941,357.7279968,201804000,18.24099922,18.24099922,1.512519956,8.368289948,19.14109993,46.25830078,0.658674002,3,0.487452,251030,260837,0,933.0269775,2,1945,77,261,118
B1884,0.8024,146.4019928,21,4902,2005,243,7.15104E-05,47,32,13.0614996,193,13.06900024,-1,1.098770022,90.21,28.8944,0.3664,79.69999695,-2.091670036,525.9869995,526.802002,212414000,11.05039978,11.05039978,11.69999981,45.88270187,162.1799927,294.7720032,4.261020184,1,0.810392976,46529.60156,49929.89844,1,5091.390137,2,2722,70,148,106
B1885,0.8129,187.125,15,4619,2005,190,2.983799934,66,19,1.248270035,201,3.924279928,0,0.061728399,84.8295,29.5681,0.1903,46.09999847,1.141669989,789.132019,367.5419922,184232992,18.23889923,18.23889923,0.66595602,7.570509911,21.31830025,34.69660187,0.46113801,6,0.33851701,367327,377133,2,5.412330151,2,2110,77,226,128
B1886,0.8287,202.3800049,15,4484,2005,0,1.792090058,66,19,1.423179984,201,2.645750046,0,0.641974986,85.365,29.3358,0.3584,61.29999924,1.983330011,764.7880249,378.9819946,174414000,21.79820061,21.79820061,1.530769944,12.16129971,45.97019958,60.91749954,0.828958988,8,0.172102004,316665,326584,0,1.833680034,2,2017,76,229,127
B1887,0.8339,113.7490005,17,4317,2005,90,2.76947999,44,39,2.113800049,197,2.40831995,1,0.679012001,91.0664,30.4978,0.473,163.1999969,3.408329964,527.1589966,437.026001,169886000,21.41790009,21.41790009,5.333960056,47.56570053,196.1419983,233.6519928,3.11826992,7,2.285170078,4242.640137,5000,107,3757.320068,2,3686,73,213,126
B1888,0.8418,56.30989838,21,5084,2005,207,1.339750051,47,32,3.346179962,193,3.286339998,0,0.345678985,85.7281,29.6465,0.3535,36.20000076,-2.166670084,712.8179932,392.9859924,176019008,11.48110008,11.48110008,1.114680052,13.27659988,29.90990067,60.06380081,0.79865998,0,0.374790013,287680,297355,0,5464.609863,2,1941,76,291,118
B1889,0.9234,160.1150055,28,4319,2005,148,0.677833974,41,31,3.863919973,129,4.266149998,16,-0.358025014,90.4719,30.0741,0.5544,93.09999847,3.716670036,439.6669922,399.2109985,181844000,22.72310066,22.72310066,14.06229973,194.0820007,133.0330048,844.2550049,11.2961998,5,0.884011984,6082.759766,5385.169922,25,7333.410156,2,2694,74,120,128
B1890,0.9944,225,15,4603,2005,0,2.934459925,66,19,0.437983006,201,2.898279905,0,-0.358025014,84.8534,29.5648,0.3264,102.8000031,1.116670012,789.8969727,378.7929993,183962000,16.42140007,16.42140007,0.66595602,7.570509911,21.31830025,34.69660187,0.46113801,2,0.202364996,365168,374977,0,5.412330151,2,2268,77,225,125
B1891,1.0049,60.94540024,15,4483,2005,6,1.969679952,66,19,0.797106028,201,2.049390078,16,-0.358025014,85.3634,29.3351,0.3584,61.29999924,1.983330011,764.7880249,378.9819946,174414000,21.79820061,21.79820061,1.530769944,12.16129971,45.97019958,60.91749954,0.828958988,8,0.172102004,317657,327576,0,1.833680034,2,2017,76,229,127
B1892,1.0097,124.0459976,15,4677,2005,185,0.000379675,66,19,13.57019997,201,16.42560005,16,-0.358025014,85.2374,29.3918,0.3073,55.29999924,1.341670036,815.059021,374.9580078,179223008,20.42399979,20.42399979,1.530769944,12.16129971,45.97019958,60.91749954,0.828958988,5,0.373373002,328526,338421,0,0.447391003,2,2129,75,259,125
B1893,1.0365,354.8059998,17,4483,2005,6,1.329849958,44,39,5.964799881,197,6.434279919,16,-0.049382702,87.2192,29.2364,0.5237,87.5,2.216670036,438.3699951,428.2590027,222798000,23.10709953,23.10709953,2.030740023,23.30690002,23.13019943,105.2910004,1.416839957,7,0.42434901,148661,158619,0,612.6550293,2,2265,77,216,124
B1894,1.047,113.7490005,17,4317,2005,90,2.76947999,44,39,2.113800049,197,2.40831995,1,0.802469015,91.0663,30.498,0.473,152.8999939,3.408329964,527.1589966,437.026001,169886000,21.41790009,21.41790009,5.333960056,47.56570053,196.1419983,233.6519928,3.11826992,7,2.285170078,4242.640137,5000,107,3757.320068,2,3686,73,213,126
B1895,1.0596,143.4989929,15,4679,2005,0,0.0467797,66,19,9.542849541,201,10.26640034,-1,-0.185185,85.2384,29.3927,0.3073,55.29999924,0.391667008,798.052002,374.9580078,179223008,20.42399979,20.42399979,1.530769944,12.16129971,45.97019958,60.91749954,0.828958988,5,0.373373002,328673,338565,0,0.447391003,2,2129,75,259,125
B1896,1.1049,146.4019928,21,4902,2005,243,7.91034E-06,47,32,13.0614996,193,13.06900024,-1,-0.185185,90.2099,28.8945,0.3664,79.69999695,-2.091670036,525.9869995,526.802002,212414000,11.05039978,11.05039978,11.69999981,45.88270187,162.1799927,294.7720032,4.261020184,1,0.810392976,46529.60156,49929.89844,1,5091.390137,2,2722,70,148,106
B1897,1.1785,160.1150055,28,4319,2005,148,0.604146004,41,31,3.863919973,129,4.266149998,16,-0.185185,90.4718,30.0738,0.5544,93.09999847,3.716670036,439.6669922,399.2109985,181844000,22.72310066,22.72310066,14.06229973,194.0820007,133.0330048,844.2550049,11.2961998,5,0.884011984,6082.759766,5385.169922,25,7333.410156,2,2694,74,120,128
B1898,1.1917,231.3399963,15,4481,2005,230,1.942489982,66,19,0.991446972,201,2.144759893,-1,-0.185185,85.3645,29.3356,0.3584,61.29999924,1.983330011,764.7880249,378.9819946,174414000,21.79820061,21.79820061,1.530769944,12.16129971,45.97019958,60.91749954,0.828958988,8,0.172102004,316665,326584,0,1.833680034,2,2017,76,229,127
B1899,1.2254,124.0459976,15,4677,2005,185,0.000379675,66,19,13.57019997,201,16.42560005,16,0.753085971,85.2375,29.3918,0.3073,55.29999924,1.341670036,815.059021,374.9580078,179223008,20.42399979,20.42399979,1.530769944,12.16129971,45.97019958,60.91749954,0.828958988,5,0.373373002,328526,338421,0,0.447391003,2,2129,75,259,125
B1900,1.3074,113.7490005,17,4317,2005,90,2.76947999,44,39,2.113800049,197,2.40831995,1,-0.197531,91.0665,30.4979,0.473,163.1999969,3.408329964,527.1589966,437.026001,169886000,21.41790009,21.41790009,5.333960056,47.56570053,196.1419983,233.6519928,3.11826992,7,2.285170078,4242.640137,5000,107,3757.320068,2,3686,73,213,126
B1901,1.308,355.32901,17,4099,2005,164,0.000224959,44,39,19.21109962,197,21.73019981,16,0.975309014,91.4531,29.6209,0.6618,353.3999939,3.591670036,556.6950073,551.8129883,197576992,16.29999924,16.29999924,2.843420029,47.67720032,53.12670135,200.9779968,2.652539968,1,10.14570045,34058.80078,8062.259766,0,525.2009888,2,2759,71,178,128
B1902,1.4206,139.4230042,21,4923,2005,0,7.91034E-06,47,32,19.13380051,193,21.34480095,2,0.296296,90.2098,28.8946,0.3664,66.30000305,-2.091670036,525.9869995,526.802002,212414000,11.05039978,11.05039978,11.69999981,45.88270187,162.1799927,294.7720032,4.261020184,1,0.810392976,46529.60156,49929.89844,1,5091.390137,2,2722,70,148,106
B1903,1.6053,355.32901,17,4099,2005,164,0.441038013,44,39,19.21109962,197,21.73019981,16,-0.172839999,91.4532,29.6212,0.6618,353.3999939,3.591670036,556.6950073,551.8129883,197576992,16.29999924,16.29999924,2.843420029,47.67720032,53.12670135,200.9779968,2.652539968,1,10.13539982,34058.80078,8062.259766,0,525.2009888,2,2759,71,178,128
B1904,1.8815,355.756012,17,4133,2005,0,6.28629E-06,44,39,20.9810009,197,24.06240082,16,-0.172839999,91.4529,29.6201,0.6618,346.3999939,3.591670036,556.6950073,551.8129883,197576992,16.29999924,16.29999924,2.843420029,47.67720032,53.12670135,200.9779968,2.652539968,1,10.14570045,34058.80078,8062.259766,0,525.2009888,2,2759,71,178,128
B1905,1.9335,329.0360107,13,4386,2005,63,1.723559976,68,19,2.706809998,197,3.549649954,1,0.123457,87.0968,29.3227,0.5034,84.19999695,2.558330059,425.0960083,419.9339905,220950000,21.97369957,21.97369957,1.809209943,25.66489983,19.56410027,111.3359985,1.478440046,93,0.520291984,159966,169850,0,87.30490112,2,1995,78,225,130
B1906,1.9572,153.4349976,21,4631,2005,54,1.91305995,47,32,0.692492008,193,1.183220029,1,-0.604937971,86.5475,29.4644,0.3932,67.5,1.516669989,542.9260254,354.4200134,214200000,21.07180023,21.07180023,0.973517001,0.751778007,13.30630016,13.19460011,0.219522998,6,0.403450012,211073,220844,0,340.6879883,2,1684,81,224,128
B1907,2.0756,276.9809875,21,4679,2005,0,0.657729983,47,32,7.599609852,129,9.044340134,-1,-0.432099015,90.0374,29.8017,0.6022,139.1999969,0.583333015,431.5780029,422.3599854,183268000,15.89009953,15.89009953,11.27950001,151.3650055,112.4800034,665.3549805,8.837869644,17,1.801059961,53000,56612.69922,2,1963.900024,2,3065,72,143,113
B1908,2.0887,147.529007,29,4579,2005,0,0.747950017,42,29,2.018209934,127,2.569050074,16,-0.246913999,85.0653,29.4887,0.2417,70.59999847,1.466670036,778.5170288,356.2080078,182536992,18.31509972,18.31509972,1.097319961,10.28129959,36.44340134,49.35250092,0.663083971,9,0.154569998,345429,355276,0,327.401001,2,2029,76,248,132
B1909,2.2229,351.1130066,21,4687,2005,0,9.46075E-05,47,32,20.61310005,193,22.58320045,16,0.666666985,86.5476,29.4974,0.5563,73.69999695,0.916666985,559.6790161,354.4200134,214200000,18.94400024,18.94400024,0.973517001,0.751778007,13.30630016,13.19460011,0.219522998,2,0.404345989,211981,221712,0,633.4790039,2,1912,81,225,128
B1910,2.2361,344.7449951,29,4834,2005,205,2.986910105,42,29,0.88273102,193,3.847079992,16,-0.209876999,86.0642,29.4799,0.2651,60.70000076,-0.216666996,661.427002,357.7279968,198436000,17.46139908,17.46139908,1.677389979,26.66309929,35.90670013,114.0579987,1.496850014,4,0.487152994,255351,265149,0,933.0269775,2,1651,79,241,127
B1911,2.2466,329.0360107,13,4386,2005,63,1.873759985,68,19,2.706809998,197,3.549649954,1,-0.703704,87.0967,29.3228,0.5034,84.19999695,2.558330059,425.0960083,419.9339905,220950000,21.97369957,21.97369957,1.809209943,25.66489983,19.56410027,111.3359985,1.478440046,93,0.520291984,159966,169850,0,87.30490112,2,1995,78,225,130
B1912,2.3597,225,15,4603,2005,0,2.989010096,66,19,0.437983006,201,2.898279905,0,-0.061728399,84.8534,29.5646,0.3264,102.8000031,1.116670012,789.8969727,378.7929993,183962000,16.42140007,16.42140007,0.66595602,7.570509911,21.31830025,34.69660187,0.46113801,2,0.202364996,365168,374977,0,5.412330151,2,2268,77,225,125
B1913,2.3781,344.7449951,29,4834,2005,205,2.986910105,42,29,0.88273102,193,3.847079992,16,0.765432,86.0643,29.48,0.2651,60.70000076,-0.216666996,661.427002,357.7279968,198436000,17.46139908,17.46139908,1.677389979,26.66309929,35.90670013,114.0579987,1.496850014,4,0.487152994,255351,265149,0,933.0269775,2,1764,80,227,127
B1914,2.4807,147.529007,29,4579,2005,0,0.747950017,42,29,2.018209934,127,2.569050074,16,0.024691399,85.0654,29.4887,0.2417,70.59999847,1.466670036,778.5170288,356.2080078,182536992,18.31509972,18.31509972,1.097319961,10.28129959,36.44340134,49.35250092,0.663083971,9,0.154569998,345429,355276,0,327.401001,2,2029,76,248,132
B1915,2.4991,153.4349976,21,4631,2005,54,2.950289965,47,32,0.692492008,193,1.183220029,1,0.320987999,86.5475,29.4642,0.3932,67.5,1.516669989,542.9260254,354.4200134,214200000,21.07180023,21.07180023,0.973517001,0.751778007,13.30630016,13.19460011,0.219522998,6,0.403450012,211073,220844,0,340.6879883,2,1684,81,224,128
B1916,2.5807,269.2359924,21,4667,2005,0,0.657729983,47,32,5.787749767,129,6.340350151,16,-1.111109972,90.0372,29.8016,0.6022,139.1999969,0.583333015,431.5780029,422.3599854,183268000,15.89009953,15.89009953,11.27950001,151.3650055,112.4800034,665.3549805,8.837869644,17,1.801059961,53000,56612.69922,2,1963.900024,2,3065,72,143,113
B1917,2.7859,225,15,4603,2005,0,2.989010096,66,19,0.437983006,201,2.898279905,0,0.148148,84.8534,29.5647,0.3264,102.8000031,1.116670012,789.8969727,378.7929993,183962000,16.42140007,16.42140007,0.66595602,7.570509911,21.31830025,34.69660187,0.46113801,2,0.202364996,365168,374977,0,5.412330151,2,2268,77,225,125
B1918,2.8464,329.0360107,17,4386,2005,63,1.873759985,44,39,2.706809998,197,3.549649954,1,-0.827160001,87.0966,29.3227,0.5034,84.19999695,2.558330059,425.0960083,419.9339905,220950000,21.97369957,21.97369957,1.809209943,25.66489983,19.56410027,111.3359985,1.478440046,93,0.520291984,159966,169850,0,87.30490112,2,1995,78,225,130
B1919,2.949,272.4899902,28,4657,2005,244,1.758100033,41,31,1.781919956,129,1.949360013,-1,-0.777778029,90.0351,29.8021,0.6022,139.1999969,0.583333015,431.5780029,422.3599854,183268000,15.89009953,15.89009953,11.27950001,151.3650055,112.4800034,665.3549805,8.837869644,17,1.801800013,53000,56612.69922,2,1963.900024,2,3065,72,143,113
B1920,2.9805,344.7449951,29,4834,2005,205,2.986910105,42,29,0.88273102,193,3.847079992,16,-0.061728399,86.0643,29.48,0.2651,60.70000076,-0.216666996,661.427002,357.7279968,198436000,17.46139908,17.46139908,1.677389979,26.66309929,35.90670013,114.0579987,1.496850014,4,0.487152994,255351,265149,0,933.0269775,2,1764,80,227,127
B1921,3.3646,147.529007,29,4579,2005,0,0.747950017,42,29,2.018209934,127,2.569050074,16,0.481480986,85.0654,29.4888,0.2417,70.59999847,1.466670036,778.5170288,356.2080078,182536992,18.31509972,18.31509972,1.097319961,10.28129959,36.44340134,49.35250092,0.663083971,9,0.154569998,345429,355276,0,327.401001,2,2029,76,248,132
B1922,0.2262,270,10,4590,2005,0,4.866489887,72,18,1.238630056,203,1.843909979,2,0.037037,92.9918,35.0127,0.1599,35.40000153,-3.533329964,380.9679871,478.7550049,154684000,10.93719959,10.93719959,1.885669947,6.853360176,34.15650177,98.68419647,0.937556982,3,0.789336979,0,209805,4,212.6130066,2,1753,80,172,126
B1923,0.2762,270,10,4590,2005,0,4.866489887,72,18,1.238630056,203,1.843909979,2,-0.407406986,92.9918,35.013,0.1599,35.40000153,-3.533329964,380.9679871,478.7550049,154684000,10.93719959,10.93719959,1.885669947,6.853360176,34.15650177,98.68419647,0.937556982,3,0.789336979,0,209805,4,212.6130066,2,1753,80,172,126
B1924,0.3288,194.0359955,10,4557,2005,269,3.916110039,72,18,1.276739955,203,1.843909979,16,0.037037,93.8254,35.5166,0.1295,79.10839844,-3.891669989,378.9110107,443.8320007,154210000,13.51469994,13.51469994,1.415390015,4.834400177,25.60950089,71.94789886,0.692521989,3,0.474840999,1000,121235,5,11.49279976,2,1645,78,210,125
B1925,0.3762,270,10,4590,2005,0,4.872719765,72,18,1.238630056,203,1.843909979,2,0.444444001,92.9916,35.0128,0.1599,35.40000153,-3.533329964,380.9679871,478.7550049,154684000,10.93719959,10.93719959,1.885669947,6.853360176,34.15650177,98.68419647,0.937556982,3,0.789336979,0,209805,4,212.6130066,2,1753,80,172,126
B1926,0.4656,330.9450073,15,4034,2005,31,2.97378993,66,19,1.593899965,201,2.28034997,2,-0.629630029,94.3399,35.7791,0.2037,43.40000153,-1,303.8150024,383.1059875,149287008,16.16419983,16.16419983,0.022421701,0.047033802,0.179618999,1.496940017,0.0158452,0,10.5927,0,77278.70313,17,277.0710144,2,1585,81,165,124
B1927,0.4919,55.30479813,10,4553,2005,0,4.720439911,72,18,1.224040031,203,2.049390078,0,0.469136,92.4697,34.2475,0.1843,40.20000076,-2.858330011,425.0429993,519.4400024,168811008,16.17900085,16.17900085,0.200600997,6.316269875,1.509750009,50.55939865,0.318792999,0,0.335438997,0,311191,13,14863.7998,2,2012,81,188,131
B1928,0.4972,351.0270081,15,4034,2005,31,2.97378993,66,19,1.488999963,201,1.612450004,2,0.123457,94.3401,35.779,0.2037,43.40000153,-1,303.8150024,383.1059875,149287008,16.16419983,16.16419983,0.022421701,0.047033802,0.179618999,1.496940017,0.0158452,0,0.426923007,0,77278.70313,17,277.0710144,2,1585,81,165,124
B1929,0.5288,351.0270081,15,4034,2005,31,2.97378993,66,19,1.488999963,201,1.612450004,2,-0.086419798,94.34,35.7791,0.2037,43.40000153,-1,303.8150024,383.1059875,149287008,16.16419983,16.16419983,0.022421701,0.047033802,0.179618999,1.496940017,0.0158452,0,10.5927,0,77278.70313,17,277.0710144,2,1585,81,165,124
B1930,0.5735,55.30479813,10,4553,2005,0,4.720439911,72,18,1.224040031,203,2.049390078,0,-0.308642,92.4696,34.2474,0.2256,40.20000076,-2.858330011,425.0429993,519.4400024,168811008,16.17900085,16.17900085,0.200600997,6.316269875,1.509750009,50.55939865,0.318792999,0,0.335438997,0,311191,13,14863.7998,2,2012,81,188,131
B1931,0.6682,194.0359955,10,4557,2005,269,3.920389891,72,18,1.276739955,203,1.843909979,16,1.024690032,93.8253,35.5164,0.1295,79.10839844,-3.891669989,378.9110107,443.8320007,154210000,13.51469994,13.51469994,1.415390015,4.834400177,25.60950089,71.94789886,0.692521989,3,0.474840999,1000,121235,5,11.49279976,2,1645,78,210,125
B1932,0.6708,63.43489838,10,4555,2005,0,4.720439911,72,18,0.346258998,203,1.341639996,16,-0.654321015,92.4697,34.2473,0.2256,40.20000076,-2.858330011,425.0429993,519.4400024,168811008,16.17900085,16.17900085,0.200600997,6.316269875,1.509750009,50.55939865,0.318792999,0,0.335438997,0,311191,13,14863.7998,2,2012,81,188,131
B1933,0.8444,194.0359955,10,4557,2005,269,3.916110039,72,18,1.276739955,203,1.843909979,16,1.024690032,93.8252,35.5166,0.1295,79.10839844,-3.891669989,378.9110107,443.8320007,154210000,13.51469994,13.51469994,1.415390015,4.834400177,25.60950089,71.94789886,0.692521989,3,0.474840999,1000,121235,5,11.49279976,2,1645,78,210,125
B1934,2.4904,113.1989975,21,4687,2005,0,1.859019995,47,32,1.179159999,193,3.605550051,16,0.148148,97.8518,34.2635,0.681,153.3000031,-6.683330059,606.0570068,336.3729858,107903000,3.547499895,3.547499895,1.381309986,4.163650036,27.19580078,65.98459625,0.652487993,3,0.265655011,314746,0,0,0.397680998,2,4143,73,302,113
B1935,2.8753,113.1989975,21,4687,2005,0,1.622730017,47,32,1.179159999,193,3.605550051,16,0.148148,97.8516,34.2635,0.681,153.3000031,-6.683330059,606.0570068,336.3729858,107903000,3.547499895,3.547499895,1.381309986,4.163650036,27.19580078,65.98459625,0.652487993,3,0.265655011,314746,0,0,0.397680998,2,4143,73,302,113
B1936,0.3341,270,14,5076,2005,0,0.346670985,59,27,2.012269974,96,2.323790073,16,0.148148,91.847,32.6241,0.2061,41.20000076,-5.824999809,613.9689941,237.8430023,104347000,4.806670189,4.806670189,2.134140015,41.62559891,91.04460144,173.8269958,2.243760109,3,0.179648995,29206.19922,141128,1,55.86759949,2,2869,74,230,115
B1937,0.4183,270,14,5076,2005,0,0.346670985,59,27,2.012269974,96,2.323790073,16,0.148148,91.8471,32.6242,0.2061,41.20000076,-5.824999809,613.9689941,237.8430023,104347000,4.806670189,4.806670189,2.134140015,41.62559891,91.04460144,173.8269958,2.243760109,3,0.179648995,29206.19922,141128,1,55.86759949,2,2869,74,230,115
B1938,0.4683,287.3009949,21,4926,2005,0,0.304816991,47,32,4.934599876,193,6.308720112,16,0.148148,91.8319,32.504,0.4546,80.69999695,-4.474999905,595.0300293,249.5899963,104052000,10.16329956,10.16329956,2.134140015,41.62559891,91.04460144,173.8269958,2.243760109,3,0.19427,21840.30078,127193,2,0,2,4152,74,210,111
B1939,0.5288,287.3009949,21,4926,2005,0,0.351242006,47,32,4.934599876,193,6.308720112,16,0.148148,91.8322,32.5038,0.4546,80.69999695,-4.474999905,595.0300293,249.5899963,104052000,10.16329956,10.16329956,2.134140015,41.62559891,91.04460144,173.8269958,2.243760109,3,0.19427,21840.30078,127193,2,0,2,4152,74,210,111
B1940,0.6156,225,21,4702,2005,213,2.696739912,47,32,0.437983006,193,2.049390078,16,0.148148,91.6275,30.8498,0.3257,125.4000015,-1.024999976,624.1400146,399.6889954,143607008,12.76939964,12.76939964,4.013720036,38.50379944,107.6800003,185.3480072,2.464050055,20,1.385570049,0,0,1,3341.810059,2,2905,72,238,116
B1941,0.6524,225,21,4702,2005,213,2.700449944,47,32,0.437983006,193,2.049390078,16,0.790122986,91.6274,30.8497,0.3257,125.4000015,-1.024999976,624.1400146,399.6889954,143607008,12.76939964,12.76939964,4.013720036,38.50379944,107.6800003,185.3480072,2.464050055,20,1.385570049,0,0,1,3341.810059,2,2905,72,238,116
B1942,0.6804,145.9230042,17,3945,2005,0,4.95657E-06,44,39,18.40889931,197,21.0666008,16,0.172839999,96.594,32.6536,0.6535,252.6000061,1.450000048,665.9390259,406.9979858,133575000,15.19620037,15.19620037,2.156300068,14.40699959,23.74099922,157.2839966,1.31554997,2,1.722429991,391818,61522.39844,1,7948.160156,2,4782,74,283,115
B1943,0.7313,270,14,5076,2005,0,0.346670985,59,27,2.012269974,96,2.323790073,16,0.172839999,91.8469,32.6243,0.2061,41.20000076,-5.824999809,613.9689941,237.8430023,104347000,4.806670189,4.806670189,2.134140015,41.62559891,91.04460144,173.8269958,2.243760109,3,0.179648995,29206.19922,141128,1,55.86759949,2,2869,74,230,115
B1944,0.754,145.9230042,17,3945,2005,0,4.95657E-06,44,39,18.40889931,197,21.0666008,16,0.962962985,96.5941,32.6536,0.6535,252.6000061,1.450000048,665.9390259,406.9979858,133575000,15.19620037,15.19620037,2.156300068,14.40699959,23.74099922,157.2839966,1.31554997,2,1.722429991,391818,61522.39844,1,7948.160156,2,4782,74,283,115
B1945,0.7603,287.3009949,21,4926,2005,0,0.351242006,47,32,4.934599876,193,6.308720112,16,-0.123457,91.832,32.5038,0.4546,80.69999695,-4.474999905,595.0300293,249.5899963,104052000,10.16329956,10.16329956,2.134140015,41.62559891,91.04460144,173.8269958,2.243760109,3,0.19427,21840.30078,127193,2,0,2,4152,74,210,111
B1946,0.7987,145.9230042,17,3945,2005,0,4.95657E-06,44,39,18.40889931,197,21.0666008,16,-0.333332986,96.5941,32.6536,0.6535,252.6000061,1.450000048,665.9390259,406.9979858,133575000,15.19620037,15.19620037,2.156300068,14.40699959,23.74099922,157.2839966,1.31554997,2,1.722429991,391818,61522.39844,1,7948.160156,2,4782,74,283,115
B1947,0.8997,225,21,4702,2005,213,2.700449944,47,32,0.437983006,193,2.049390078,16,0.555555999,91.6275,30.8496,0.3257,125.4000015,-1.024999976,624.1400146,399.6889954,143607008,12.76939964,12.76939964,4.013720036,38.50379944,107.6800003,185.3480072,2.464050055,20,1.385570049,0,0,1,3341.810059,2,2905,72,238,116
B1948,1.1312,7.678959846,21,4394,2005,228,0.835107982,47,32,13.64280033,193,13.81299973,16,0.333332986,96.1796,32.9562,0.8584,260.2000122,-2.383330107,731.223999,401.3450012,132693000,8.752639771,8.752639771,7.404260159,15.19909954,87.92430115,300.894989,3.246910095,5,1.850139976,344542,80399,0,5092.899902,2,5001,72,307,108
B1949,1.4249,61.52949905,17,4529,2005,0,8.59923E-06,44,39,17.17060089,197,18.75099945,16,-0.45679,96.4766,31.9443,0.7155,222.1999969,-0.400000006,758.223999,536.9979858,164338000,12.20810032,12.20810032,7.057740211,70.30139923,162.7050018,435.2980042,4.576379776,1,2.20284009,339094,118431,0,58.51670074,2,4446,65,294,109
B1950,1.4736,8.226719856,21,4374,2005,195,0.835107982,47,32,12.77070045,193,12.80620003,0,-0.432099015,96.1797,32.9563,0.8584,260.2000122,-2.383330107,731.223999,401.3450012,132693000,8.752639771,8.752639771,7.404260159,15.19909954,87.92430115,300.894989,3.246910095,5,1.850139976,344542,80399,0,5092.899902,2,5001,72,307,108
B1951,1.5731,35.69010162,8,5098,2005,185,5.3165E-08,80,12,13.29329967,213,24.14539909,16,-0.160494,96.8288,33.5592,0.1908,72.40000153,-7.441669941,734.4299927,363.9830017,117667000,4.706530094,4.706530094,1.127410054,3.266760111,12.37040043,52.58089828,0.530155003,0,0.580563009,331789,31320.90039,0,7419.299805,2,4622,67,331,109
B1952,1.5784,345.8959961,13,4990,2005,250,1.12121E-07,63,24,29.01079941,193,32.29240036,-1,-0.160494,97.43,33.5532,0.2654,62.20000076,-7.016670227,686.8790283,351.769989,113510000,6.385829926,6.385829926,4.28071022,3.490370035,40.0965004,132.7769928,1.596140027,2,1.655979991,361720,15811.40039,3,3.18144989,2,4648,67,335,108
B1953,1.6442,35.69010162,8,5098,2005,185,6.6472E-09,80,12,13.29329967,213,24.14539909,16,-0.160494,96.8285,33.5592,0.1908,72.40000153,-7.441669941,734.4299927,363.9830017,117667000,4.706530094,4.706530094,1.127410054,3.266760111,12.37040043,52.58089828,0.530155003,0,0.580563009,331789,31320.90039,0,7419.299805,2,4515,69,307,109
B1954,1.6522,325.2860107,17,4111,2005,252,0.919095993,44,39,27.67370033,194,31.58160019,16,-0.160494,97.4034,33.1897,0.7579,233.5,-0.94166702,650.5650024,414.0039978,120559000,12.68389988,12.68389988,5.961009979,25.06329918,58.89920044,332.4159851,3.084110022,6,1.233749986,396182,0,4,57.23820114,2,4530,72,251,114
B1955,1.6862,296.2739868,21,4660,2005,0,0.149461001,47,32,6.789509773,193,8.876939774,0,-0.061728399,91.7057,31.9003,0.6369,170.6000061,-1.950000048,575.9949951,367.1270142,117432000,12.31190014,12.31190014,1.359779954,6.276319981,65.93409729,38.73109818,0.536466002,4,0.246934995,16278.7998,58872.69922,2,529.9190063,2,4185,72,206,112
B1956,1.7073,325.95401,13,4537,2005,114,0.199589998,63,24,3.453239918,193,3.435110092,1,0.518518984,91.9627,31.4039,0.5674,185.8000031,0.224999994,585.8140259,495.4360046,156752992,16.67569923,16.67569923,7.690529823,51.52709961,217.1450043,275.980011,3.73958993,20,1.671800017,1000,1000,4,2260.409912,2,3282,74,223,117
B1957,1.7659,325.2860107,17,4111,2005,252,0.00226913,44,39,27.67370033,194,31.58160019,16,-0.617284,97.4037,33.1897,0.7579,233.5,-0.94166702,650.5650024,414.0039978,120559000,12.68389988,12.68389988,5.961009979,25.06329918,58.89920044,332.4159851,3.084110022,6,1.233749986,396182,0,4,57.23820114,2,4530,72,251,114
B1958,1.7888,35.69010162,8,5098,2005,185,6.6472E-09,80,12,13.29329967,213,24.14539909,16,0.148148,96.8285,33.5592,0.1908,72.40000153,-7.441669941,734.4299927,363.9830017,117667000,4.706530094,4.706530094,1.127410054,3.266760111,12.37040043,52.58089828,0.530155003,0,0.580563009,331789,31320.90039,0,7419.299805,2,4515,69,307,109
B1959,1.7984,61.52949905,17,4529,2005,0,5.95557E-07,44,39,17.17060089,197,18.75099945,16,0.518518984,96.4765,31.9442,0.7155,222.1999969,-0.400000006,758.223999,536.9979858,164338000,12.20810032,12.20810032,7.057740211,70.30139923,162.7050018,435.2980042,4.576379776,1,2.20284009,338245,117597,0,58.51670074,2,4446,65,294,109
B1960,1.8125,320.1940002,13,4542,2005,0,0.199589998,63,24,4.826330185,193,4.35890007,16,-0.851852,91.9628,31.4038,0.5674,185.8000031,0.091666698,585.8140259,495.4360046,156752992,16.67569923,16.67569923,7.690529823,51.52709961,217.1450043,275.980011,3.73958993,20,1.671800017,1000,1000,4,2260.409912,2,3282,74,223,117
B1961,1.8137,325.2860107,17,4111,2005,252,0.919095993,44,39,27.67370033,194,31.58160019,16,1,97.4032,33.1896,0.7579,233.5,-0.94166702,650.5650024,414.0039978,120559000,12.68389988,12.68389988,5.961009979,25.06329918,58.89920044,332.4159851,3.084110022,6,1.233749986,396182,0,3,57.23820114,2,4530,72,251,114
B1962,1.8546,296.2739868,21,4660,2005,0,0.149461001,47,32,6.789509773,193,8.876939774,0,0.246913999,91.7055,31.9003,0.6369,170.6000061,-1.950000048,575.9949951,367.1270142,117432000,12.31190014,12.31190014,1.359779954,6.276319981,65.93409729,38.73109818,0.536466002,4,0.246934995,16278.7998,58872.69922,2,529.9190063,2,4185,72,206,112
B1963,1.9756,325.95401,13,4537,2005,114,0.199589998,63,24,3.453239918,193,3.435110092,1,-0.382716,91.9628,31.4039,0.5674,185.8000031,0.091666698,585.8140259,495.4360046,156752992,16.67569923,16.67569923,7.690529823,51.52709961,217.1450043,275.980011,3.73958993,20,1.671800017,1000,1000,4,2260.409912,2,3282,74,223,117
B1964,1.9861,286.928009,21,4356,2005,261,2.040590048,47,32,1.860810041,193,3,16,-0.234568,96.1898,32.9567,0.7803,226.6000061,-2.275000095,688.414978,401.3450012,132693000,9.036669731,9.036669731,7.404260159,15.19909954,87.92430115,300.894989,3.246910095,13,1.849509954,345398,79404,0,5092.899902,2,5038,71,312,110
B1965,2.1194,61.52949905,17,4529,2005,0,5.95557E-07,44,39,17.17060089,197,18.75099945,16,-0.061728399,96.4764,31.9443,0.7155,222.1999969,-0.400000006,758.223999,536.9979858,164338000,12.20810032,12.20810032,7.057740211,70.30139923,162.7050018,435.2980042,4.576379776,1,2.20284009,339094,118431,0,58.51670074,2,4446,65,294,109
B1966,2.1782,343.6759949,13,5003,2005,282,1.12121E-07,63,24,28.08779907,193,31.32729912,16,-0.061728399,97.4301,33.5532,0.2654,62.20000076,-7.016670227,686.8790283,351.769989,113510000,6.385829926,6.385829926,4.28071022,3.490370035,40.0965004,132.7769928,1.596140027,2,1.655979991,361720,15811.40039,3,3.18144989,2,4648,67,335,108
B1967,2.2071,325.7130127,8,4715,2005,113,0.194360003,80,12,8.190340042,213,8.366600037,16,-0.333332986,97.1498,33.5593,0.5837,150.8000031,-5.925000191,691.4000244,346.1610107,112854000,5.569859982,5.569859982,5.718150139,15.50860023,58.43650055,259.9200134,2.652080059,2,0.576218009,347023,6000,0,34.82300186,2,4691,68,335,108
B1968,2.2887,346.6080017,21,4651,2005,271,1.792899966,47,32,1.670940042,193,1.732049942,-2,-0.061728399,91.7045,31.9003,0.6369,177.1999969,-1.741670012,575.9949951,367.1270142,117432000,12.31190014,12.31190014,1.359779954,6.276319981,65.93409729,38.73109818,0.536466002,4,0.246934995,16278.7998,58872.69922,2,529.9190063,2,4185,72,206,112
B1969,2.5096,346.6080017,21,4651,2005,271,1.792899966,47,32,1.670940042,193,1.732049942,-2,-0.765432,91.7047,31.9004,0.6369,177.1999969,-1.950000048,575.9949951,367.1270142,117432000,12.31190014,12.31190014,1.359779954,6.276319981,65.93409729,38.73109818,0.536466002,4,0.246934995,16278.7998,58872.69922,2,529.9190063,2,4185,72,206,112
B1970,2.6017,346.6080017,21,4651,2005,271,0.149461001,47,32,1.670940042,193,1.732049942,-2,-0.765432,91.7053,31.9002,0.6369,170.6000061,-1.950000048,575.9949951,367.1270142,119889000,12.31190014,12.31190014,1.359779954,6.276319981,65.93409729,38.73109818,0.536466002,4,0.246934995,16278.7998,58872.69922,2,529.9190063,2,4185,72,206,112
B1971,2.6754,343.6759949,13,5003,2005,282,1.12121E-07,63,24,28.08779907,193,31.32729912,16,-0.765432,97.4302,33.5532,0.2654,62.20000076,-7.016670227,686.8790283,351.769989,113510000,6.385829926,6.385829926,4.28071022,3.490370035,40.0965004,132.7769928,1.596140027,2,1.655979991,361720,15811.40039,3,3.18144989,2,4648,67,335,108
B1972,2.8516,325.7130127,8,4715,2005,113,0.194360003,80,12,8.190340042,213,8.366600037,16,-0.765432,97.15,33.5593,0.5837,150.8000031,-5.925000191,691.4000244,346.1610107,112854000,5.569859982,5.569859982,5.718150139,15.50860023,58.43650055,259.9200134,2.652080059,2,0.576218009,347023,6000,0,34.82300186,2,4691,68,335,108
B1973,3.3962,325.7130127,8,4715,2005,113,0.194360003,80,12,8.190340042,213,8.366600037,16,-0.765432,97.1498,33.5593,0.5837,150.8000031,-5.925000191,691.4000244,346.1610107,112854000,5.569859982,5.569859982,5.718150139,15.50860023,58.43650055,259.9200134,2.652080059,2,0.576218009,347023,6000,0,34.82300186,2,4691,68,335,108
B1974,0.373,282.7059937,21,3736,2005,0,1.14472E-05,47,32,27.57570076,30,31.04829979,0,-0.765432,96.7237,30.0235,0.4836,63.70000076,2.933330059,714.7709961,327.052002,123758000,17.21859932,17.21859932,0.29212901,5.06885004,5.797399998,21.30680084,0.279624999,1,0.591548979,213321,123438,1,2822.050049,2,4073,67,255,112
B1975,0.4729,282.7059937,21,3736,2005,0,3.40158E-06,47,32,27.57570076,30,31.04829979,0,-0.765432,96.7237,30.0233,0.4836,63.70000076,2.933330059,714.7709961,327.052002,123758000,17.21859932,17.21859932,0.29212901,5.06885004,5.797399998,21.30680084,0.279624999,1,0.591548979,213321,123438,1,2822.050049,2,4073,67,255,112
B1976,0.6176,306.2030029,21,3680,2005,0,1.14472E-05,47,32,9.226730347,30,10.48810005,-1,-0.765432,96.7236,30.0236,0.4836,63.70000076,2.933330059,714.7709961,327.052002,123758000,17.21859932,17.21859932,0.29212901,5.06885004,5.797399998,21.30680084,0.279624999,1,0.591548979,213321,123438,1,2822.050049,2,4073,67,255,112
B1977,0.6355,40.17919922,21,3270,2005,69,1.48491E-05,47,32,32.4864006,30,39.0666008,16,-0.765432,97.3017,31.0147,0.4296,188.5,7.691669941,583.96698,600.4310303,196888000,21.07959938,21.07959938,5.416289806,141.3480072,106.6869965,565.2780151,7.273220062,12,2.625590086,310161,0,0,23.11319923,2,3974,67,243,125
B1978,0.817,40.17919922,21,3270,2005,69,1.48491E-05,47,32,32.4864006,30,39.0666008,16,-0.765432,97.3015,31.0146,0.4296,188.5,7.691669941,583.96698,600.4310303,196888000,21.07959938,21.07959938,5.416289806,141.3480072,106.6869965,565.2780151,7.273220062,12,2.397429943,310161,0,0,23.11319923,2,3974,67,243,125
B1979,0.9301,40.17919922,21,3270,2005,69,1.48491E-05,47,32,32.4864006,30,39.0666008,16,-0.765432,97.3016,31.0146,0.4296,188.5,7.691669941,583.96698,600.4310303,196888000,21.07959938,21.07959938,5.416289806,141.3480072,106.6869965,565.2780151,7.273220062,12,2.625590086,310161,0,0,23.11319923,2,3974,67,243,125
B1980,1.1774,78.9536972,17,4448,2005,0,5.51321E-07,44,39,19.06469917,197,19.97999954,16,-0.765432,97.2624,30.6649,0.6178,295.1000061,0.666666985,704.2479858,505.6839905,151706000,17.35009956,17.35009956,5.995170116,184.5570068,71.95240021,726.7789917,9.287139893,4,0.579865992,286356,34713.10156,0,21537.09961,2,4507,64,292,107
B1981,1.2609,128.9620056,21,4784,2005,143,0.00606284,47,32,11.30239964,193,12.82970047,16,-0.765432,97.0353,29.3211,0.3309,89.40000153,-5.208330154,1123.560059,226.147995,85950896,-1.948330045,-1.948330045,7.172279835,31.03879929,199.2059937,191.2480011,2.740950108,0,0.218386993,236222,195479,0,88.51950073,2,4223,65,298,107
B1982,1.3101,264.4400024,25,4014,2005,0,1.93305E-05,38,37,17.05859947,38,18.4878006,16,-0.765432,96.3981,31.4766,0.6275,243,1.683330059,662.9089966,485.0499878,150476000,13.32919979,13.32919979,7.149580002,54.04769897,206.1179962,273.3739929,3.753350019,4,1.055220008,288600,82492.39844,0,52.99330139,2,4477,66,244,111
B1983,1.4713,128.9620056,21,4784,2005,143,0.00606284,47,32,11.30239964,193,12.82970047,16,-0.765432,97.0353,29.3211,0.3309,89.40000153,-5.208330154,1123.560059,226.147995,85950896,-1.948330045,-1.948330045,7.172279835,31.03879929,199.2059937,191.2480011,2.740950108,0,0.218386993,236222,195479,0,88.51950073,2,4223,65,298,107
B1984,1.4811,264.4400024,25,4014,2005,0,1.93305E-05,38,37,17.05859947,38,18.4878006,16,-0.197531,96.3981,31.4765,0.6275,243,1.683330059,662.9089966,485.0499878,150476000,13.32919979,13.32919979,7.149580002,54.04769897,206.1179962,273.3739929,3.753350019,4,1.055220008,288600,82492.39844,0,52.99330139,2,4477,66,244,111
B1985,1.5897,359.7229919,21,4790,2005,207,0.720362008,47,32,15.6281004,116,17.05870056,16,0.234568,97.0354,29.3193,0.3309,81,-5.208330154,1123.560059,226.147995,85950896,-1.948330045,-1.948330045,7.172279835,31.03879929,199.2059937,191.2480011,2.740950108,0,0.218386993,236222,195479,0,88.51950073,2,4223,65,298,107
B1986,1.5977,10.22220039,17,4407,2005,140,0.019253699,44,39,22.72439957,197,25.77210045,16,-0.074074097,92.4193,29.9114,0.6519,205,1.291669965,714.9190063,442.7099915,158702000,15.61760044,15.61760044,4.359489918,124.0230026,74.60469818,490.6109924,6.311860085,2,1.149049997,76844,0,0,68.80460358,2,3211,67,213,109
B1987,1.6705,264.4400024,25,4014,2005,0,1.93305E-05,38,37,17.05859947,38,18.4878006,16,0.802469015,96.3979,31.4765,0.6275,243,1.683330059,662.9089966,485.0499878,150476000,13.32919979,13.32919979,7.149580002,54.04769897,206.1179962,273.3739929,3.753350019,4,1.055220008,288600,82492.39844,0,52.99330139,2,4477,66,244,111
B1988,1.7272,78.9536972,17,4448,2005,0,5.51321E-07,44,39,19.06469917,197,19.97999954,16,-0.604937971,97.2623,30.6649,0.6178,295.1000061,0.666666985,704.2479858,505.6839905,151706000,17.35009956,17.35009956,5.995170116,184.5570068,71.95240021,726.7789917,9.287139893,4,0.579865992,286356,34713.10156,0,21537.09961,2,4507,64,292,107
B1989,1.764,78.9536972,17,4448,2005,0,5.51321E-07,44,39,19.06469917,197,19.97999954,16,0.283951014,97.2623,30.6649,0.6178,295.1000061,0.666666985,704.2479858,505.6839905,151706000,17.35009956,17.35009956,5.995170116,184.5570068,71.95240021,726.7789917,9.287139893,4,0.579865992,286356,34713.10156,0,21537.09961,2,4507,64,292,107
B1990,2.0659,6.977620125,17,4413,2005,202,0.019253699,44,39,24.51679993,197,27.3057003,16,-0.345678985,92.4192,29.9113,0.6519,205,1.291669965,714.9190063,442.7099915,158702000,15.61760044,15.61760044,4.359489918,124.0230026,74.60469818,490.6109924,6.311860085,2,1.149049997,76844,0,0,68.80460358,2,3211,67,213,109
B1991,2.1922,10.22220039,17,4407,2005,140,1.712120056,44,39,22.72439957,197,25.77210045,16,-0.024691399,92.4195,29.9118,0.6858,205,1.291669965,714.9190063,442.7099915,158702000,15.61760044,15.61760044,4.359489918,124.0230026,74.60469818,490.6109924,6.311860085,2,1.149049997,76844,0,0,68.80460358,2,3211,67,213,109
B1992,0.2651,153.4349976,4,2774,2010,2,3.245660067,93,3,0.346258998,100,0.894427001,16,0.469136,95.7677,36.456,0.4269,106.7590027,6.074999809,164.0780029,90.46520233,170604992,22.46689987,22.46689987,4.831429958,24.89019966,21.5529995,259.6329956,3.340260029,1,10.13389969,54405.89844,10000,0,5.88572979,2,1007,83,168,136
B1993,0.0239,108.4349976,7,3809,2010,247,4.611320019,80,13,0.489677995,101,0.774596989,-2,0.469136,89.2874,29.3361,0.1206,64,6.599999905,328.7539978,445.4970093,210656992,29.23679924,29.23679924,32.9394989,237.6560059,291.6199951,971.5349731,13.01080036,24,94.15129852,2828.429932,1000,20,3607.75,2,1481,78,118,134
B1994,0.0484,251.5650024,13,4368,2010,242,0.900474012,68,19,2.691309929,205,3.193739891,-1,0.197531,87.1853,28.6513,0.1162,30.60000038,3.258330107,446.0690002,419.071991,210048992,26.59259987,26.59259987,6.443570137,49.66939926,56.90589905,216.2799988,2.570590019,4,5.604519844,165412,174874,0,459.07901,2,1949,79,235,128
B1995,0.0675,278.1300049,13,3977,2010,0,3.986949921,64,23,0.547473013,209,1,16,0.83950597,88.5436,29.1577,0.278,88,5.775000095,386.4909973,488.7099915,214675008,28.41329956,28.41329956,14.10900021,139.6210022,177.1260071,546.5380249,6.566629887,44,7.495399952,28284.30078,38209.89844,0,1946.109985,2,1551,78,110,131
B1996,0.0859,30.3791008,15,5002,2010,130,1.678910017,66,19,2.600950003,201,3.033149958,0,0.469136,86.1618,28.5501,0.1863,34.59999847,-0.574999988,646.151001,385.4890137,175944992,18.17210007,18.17210007,1.322659969,44.97290039,19.74410057,150.2030029,1.387189984,8,1.260509968,257841,267586,0,17364.90039,2,3234,73,387,120
B1997,0.128,251.5650024,13,4490,2010,0,3.880209923,68,19,0.244843006,205,2.144759893,0,0.962962985,85.3772,29.332,0.2707,45.29999924,2.783329964,477.4100037,393.4979858,201332992,25.30830002,25.30830002,3.017529964,45.25490189,51.92990112,167.4839935,1.752949953,13,1.924780011,315546,325467,2,1.245030046,2,1968,76,238,130
B1998,0.1393,192.529007,9,3554,2010,0,1.482839942,75,16,1.427379966,198,1.341639996,0,0.320987999,99.8849,35.7813,0.5287,254.1999969,0.591666996,426.6119995,502.1180115,174964992,20.45789909,20.45789909,18.9939003,68.07569885,234.0809937,968.6220093,9.76900959,13,3.194880009,132608,2000,0,10405.90039,2,2759,78,143,119
B1999,0.1765,35.53770065,9,3439,2010,201,2.962769985,75,16,1.997339964,198,2.645750046,16,-0.419752985,99.9307,35.6572,0.7967,325.3999939,1.833330035,419.1419983,503.1669922,174384000,20.9211998,20.9211998,18.9939003,68.07569885,234.0809937,968.6220093,9.76900959,12,9.993940353,146632,16278.7998,0,16779.40039,2,2688,77,175,128
B2000,0.2171,225,21,5090,2010,140,3.96626997,47,32,1.532610059,193,1.341639996,0,-0.333332986,87.4329,28.9162,0.5881,121.8000031,-1.391669989,528.8099976,407.3370056,212455008,18.50889969,18.50889969,3.243489981,46.3586998,26.51889992,172.9850006,1.827219963,5,4.692719936,133364,143199,0,17044.30078,2,2252,80,263,109
B2001,0.2419,220.6009979,29,4910,2010,60,3.84961009,42,29,1.427379966,127,3.130500078,16,0.234568,85.8964,29.4294,0.2531,33,0.224999994,506.6380005,367.8710022,202967008,20.82920074,20.82920074,1.843680024,26.27659988,46.5970993,99.52649689,1.026909947,19,2.078949928,269136,278987,0,27.11520004,2,1624,79,315,128
B2002,0.2572,10.56099987,13,4544,2010,254,3.30579E-07,68,19,22.0734005,205,24.00830078,-1,-0.037037,86.3507,28.7493,0.2379,39.79999924,2.491669893,510.178009,345.9339905,198168000,27.32349968,27.32349968,3.810640097,27.8132,54.07229996,123.6940002,1.479979992,4,1.356230021,233944,243824,1,11250.5,2,3077,74,254,125
B2003,0.2761,65.85449982,18,3357,2010,233,1.484419942,51,31,2.459150076,55,3.316620111,16,-0.246913999,99.9559,35.8801,0.8111,403.2999878,1.408329964,407.8739929,514.8549805,178140992,18.74530029,18.74530029,18.9939003,68.07569885,234.0809937,968.6220093,9.76900959,34,10.31949997,124808,0,0,6050.779785,2,3024,79,168,116
B2004,0.2805,357.5100098,13,4352,2010,0,2.878410101,68,19,1.781919956,205,1.949360013,0,-0.172839999,87.1529,29.2994,0.6229,127.5,3.641669989,413.9320068,455.9389954,217375008,23.64539909,23.64539909,2.262739897,22.26930046,35.07350159,90.71199799,1.021160007,102,1.263779998,154574,164478,0,73.90380096,2,1987,78,218,128
B2005,0.3009,8.13010025,13,3808,2010,72,2.938189983,64,23,0.547473013,209,0.894427001,1,0,91.7255,29.8409,0.887,247.6999969,7.508329868,466.3039856,585.9370117,200914000,22.46150017,22.46150017,25.07439995,184.6940002,691.5900269,800.2219849,9.972999573,20,27.71279907,64622,0,602,11029.40039,2,1713,75,108,130
B2006,0.3297,8.615650177,13,4110,2010,168,0.00155409,64,23,22.09379959,209,23.48620033,0,0.481480986,87.8496,29.0478,0.5626,74.5,5.208330154,405.7770081,468.6369934,220847008,24.04319954,24.04319954,12.59790039,69.50460052,107.3720016,323.1960144,4.456150055,7,13.89669991,92913.89844,102825,1,1127.219971,2,1814,77,247,130
B2007,0.3855,64.44000244,20,3301,2010,158,1.073189974,44,36,1.973219991,149,2.44949007,16,0.432099015,100.9591,36.398,0.5397,268.6000061,0.75,479.3779907,542.3729858,175768000,18.6637001,18.6637001,13.6420002,91.03299713,150.1889954,908.9290161,8.152070045,13,37.40639877,41340.10156,0,3,49827.39844,2,2862,80,162,121
B2008,0.7601,120.9639969,17,4310,2010,0,2.873620033,44,39,0.451462001,197,0.632456005,16,0.987653971,91.0685,30.4947,0.3842,165.6000061,4.041669846,456.8320007,475.3450012,189348992,25.12389946,25.12389946,6.430689812,59.25519943,256.0570068,253.7510071,2.748810053,11,34.00460052,3605.550049,4472.140137,489,4419.540039,2,3567,74,197,126
B2009,0.8156,180,28,4302,2010,0,2.636349916,41,31,0.619390011,129,0.894427001,-1,-1.740739942,90.4695,30.068,0.35,101,4.333330154,416.3269958,429.3479919,188542000,23.53059959,23.53059959,16.23819923,189.7640076,206.7749939,734.8690186,8.179450035,30,15.38249969,6324.560059,5830.950195,494,10247.59961,2,2571,76,109,129
B2010,1.3458,350.3770142,21,4751,2010,203,3.0706E-07,47,32,21.60919952,193,22.84289932,0,-1.740739942,86.5062,29.4816,0.4303,65.69999695,1.933330059,452.9259949,356.2099915,210630000,22.11739922,22.11739922,1.20065999,1.14181006,20.17980003,15.74779987,0.277709991,10,1.503430009,215416,225175,2,374.0469971,2,1861,79,239,129
B2011,1.6505,120.4660034,9,3747,2010,186,0.595390022,75,16,3.051300049,198,4.33589983,16,0.580246985,99.6542,35.8273,0.7823,313.5,-0.300000012,440.6910095,442.2279968,171796000,19.43610001,19.43610001,9.116820335,59.91410065,109.5059967,595.5020142,5.259230137,10,9.724309921,118966,0,1,2.530590057,2,2997,77,168,116
B2012,2.7437,356.3789978,13,4362,2010,265,0.384907991,68,19,6.105730057,205,6.48074007,-2,0.580246985,86.667,28.5953,0.1494,63.91989899,3.633330107,520.1489868,377.6180115,195650000,18.90209961,18.90209961,18.52090073,42.48839951,172.3320007,317.3930054,4.907740116,4,3.091890097,211814,221461,0,1641.290039,2,2501,74,245,127
B2013,2.8146,30.96380043,13,3932,2010,0,2.706720114,63,24,0.902867973,194,1.095450044,16,0.950617015,99.5461,35.6307,0.6801,245.8000031,-2.474999905,456.54599,386.2090149,159160992,15.98600006,15.98600006,9.163789749,36.98910141,112.5500031,487.5159912,4.796770096,6,9.622559547,138192,0,2,2.355509996,2,2917,78,176,121
B2014,0.2033,146.3099976,10,4670,2010,0,3.049469948,72,18,1.116520047,203,1.549190044,1,0.172839999,92.9934,35.0701,0.1241,35.40000153,-3.549999952,400.8009949,367.6799927,168434000,11.77099991,11.77099991,2.804939985,9.260040283,37.24039841,143.9369965,1.372979999,0,0.026753601,2236.070068,204201,4,261.8729858,2,2024,79,171,120
B2015,0.3509,168.6900024,10,4555,2010,0,3.937860012,72,18,0.78955102,203,1.843909979,16,-0.358025014,93.8233,35.5159,0.1507,31.29999924,-3.400000095,389.6870117,462.5209961,159067008,11.45969963,11.45969963,2.163889885,7.085619926,30.31690025,110.8059998,1.057309985,3,0.870405018,1000,121235,0,14.39179993,2,1645,78,210,125
B2016,0.5113,350.5379944,10,4551,2010,243,4.81911993,72,18,0.941851974,201,2.09762001,16,0.950617015,92.4701,34.2441,0.2186,45.79999924,-2.308330059,394.7390137,526.9819946,175064992,16.78389931,16.78389931,0.279857993,4.144599915,1.830440044,27.99180031,0.258487999,3,1.148920059,1000,312021,12,17065.09961,2,1903,80,180,131
B2017,0.6306,138.576004,15,4166,2010,42,3.552839994,66,19,1.754840016,201,2,1,-0.098765403,99.1612,35.3578,0.349,92.40000153,-3.799999952,456.9030151,360.7279968,145438000,14.3118,14.3118,7.099730015,41.74739838,84.76820374,442.8569946,3.994489908,1,0.450152993,166508,1000,1,34.92380142,2,2293,80,235,119
B2018,0.6944,21.03750038,15,4036,2010,197,2.981100082,66,19,1.078299999,201,1.095450044,16,0.345678985,94.3428,35.7779,0.2787,104.012001,-0.491667002,323.2799988,384.0910034,163508992,14.92759991,14.92759991,0.0748832,0.084066398,0.184076995,2.203289986,0.0598232,0,1.484750032,0,77278.70313,3,329.7659912,2,1585,81,165,124
B2019,0.3372,237.529007,29,3672,2010,101,0.00022128,42,29,1.009420037,127,2.049390078,16,0.320987999,96.4301,32.3449,0.622,264.6000061,4.875,585.9509888,449.151001,131321000,19.24530029,19.24530029,12.52429962,41.15829849,74.09369659,634.9199829,6.121590137,26,6.672399998,377955,99045.39844,3,202.2510071,2,3821,72,198,116
B2020,1.196,106.9280014,22,4197,2010,0,2.48506999,47,31,1.860810041,195,2.236069918,16,-0.358025014,96.7637,32.8895,0.7245,259.3999939,0.675000012,581.3779907,379.8680115,113735000,20.35000038,20.35000038,9.087320328,24.1359005,55.77069855,434.9859924,4.317090034,38,2.864979982,391472,33541,3,4.372449875,2,4467,71,297,109
B2021,1.3282,110.7720032,21,4060,2010,217,1.921949983,47,32,4.791749954,193,5.477230072,-1,-0.358025014,96.6369,32.7439,0.882,263.3999939,0.275000006,579.6749878,410.9129944,127268000,13.94900036,13.94900036,9.087320328,24.1359005,55.77069855,434.9859924,4.317090034,6,3.683330059,391189,51225,3,4.106229782,2,4664,74,251,110
B2022,1.8161,22.61989975,21,4224,2010,260,1.975379944,47,32,2.012269974,193,2.323790073,16,0.950617015,97.3966,33.3374,0.8141,284.3999939,-0.483332992,542.6920166,443.5750122,131107000,17.21820068,17.21820068,10.81070042,22.93129921,54.3348999,491.4729919,5.013279915,7,2.788310051,381005,0,3,2704.290039,2,4231,71,305,114
B2023,3.4441,45.4939003,17,4022,2010,159,0.000835746,44,39,12.50010014,197,17.30900002,0,0.370370001,97.3963,33.1839,0.8082,287.2000122,-0.516667008,544.598999,429.7059937,128915000,17.16430092,17.16430092,9.489159584,37.33789825,46.95550156,512.447998,4.754759789,4,3.777430058,395607,0,5,4.45637989,2,4264,72,251,113
B2024,0.0994,111.8010025,27,4129,2010,199,1.752640009,45,28,1.667350054,126,3,0,0.061728399,97.2711,30.2664,0.5043,148.1999969,3.541670084,665.5310059,425.6270142,144690000,17.00239944,17.00239944,3.256799936,8.522549629,93.57409668,61.00289917,0.875203013,29,3.308609962,269141,81154.20313,0,1455.98999,2,4293,65,263,117
B2025,0.2704,227.4900055,25,3996,2010,0,0.208175004,38,37,2.5192101,38,3.130500078,16,0.567901015,96.427,31.4152,0.744,303.5,2.799999952,708.4730225,491.4580078,147108992,15.08419991,15.08419991,6.123109818,40.2826004,194.9049988,188.6529999,2.243200064,98,6.210889816,284872,76478.79688,1,345.8139954,2,4530,67,231,114
B2026,0.969,21.2276001,17,4511,2010,0,0.056249,44,39,9.949350357,197,10.78890038,16,0.320987999,97.0774,30.6123,0.6137,208.1999969,0.699999988,718.2719727,404.5390015,130069000,15.37779999,15.37779999,2.150209904,20.00510025,59.19940186,83.8640976,0.933826029,5,3.434629917,268078,47507.89844,1,14874.5,2,4708,65,294,111
B2027,1.2258,236.7680054,17,4425,2010,267,1.965430021,44,39,2.682410002,197,6.737949848,16,0.061728399,96.7199,29.6369,0.57,98.40000153,-1.216670036,1082.01001,99.11720276,68597696,8.607919693,8.607919693,5.618740082,63.92910004,134.0870056,252.0249939,2.748460054,29,2.396029949,205412,166027,0,554.8720093,2,4361,66,313,105
B2028,0.0018,26.79150009,2,4307,2013,17,1.927800059,94,4,8.693189621,207,10.17840004,16,0.061728399,80.1351,32.497,0.1016,51.22990036,0.833333015,144.5130005,232.6089935,186387008,23.96080017,23.96080017,1.045240045,10.87520027,48.94630051,34.22800064,0.469260991,2,1.755329967,532658,532190,648,8865.360352,2,776,84,165,131
B2029,0.0037,315,15,4549,2013,0,3.184289932,66,19,0.218995005,201,0.632456005,16,0.320987999,81.2342,32.2987,0.0783,50.07529831,-0.625,228.2920074,223.4279938,197391008,23.78680038,23.78680038,0.117576003,0.062086102,5.035520077,1.52560997,0.024700399,0,0.469987005,543722,541622,1,4169.470215,2,1065,84,178,132
B2030,0.0071,178.6029968,15,4559,2013,0,0.692849994,66,19,3.172189951,201,3.898720026,0,1.086420059,83.3462,32.4129,0.1234,40.40000153,0.00833333,277.571991,329.1619873,209691008,23.6678009,23.6678009,0.238756999,16.85350037,6.507959843,45.89599991,0.351062,0,0.26274699,541133,538535,1,9742.839844,2,1072,85,165,125
B2031,0.0076,108.4349976,15,4938,2013,0,4.491590023,66,19,0.244843006,201,1.183220029,16,0.135802001,85.8433,31.9209,0.1807,56.71839905,-2.375,362.4230042,408.8299866,183422000,17.9803009,17.9803009,0.333528012,10.36340046,13.79150009,30.38599968,0.253419995,3,0.164468005,420119,426214,1,92.0007019,2,1115,87,217,130
B2032,0.008,0,15,4555,2013,0,3.258460045,66,19,0.929039001,201,1.414209962,16,1.333330035,87.8355,31.8722,0.1697,75.90000153,1.658329964,324.5969849,396.0159912,190467008,21.12849998,21.12849998,0.652772009,9.91713047,30.40979958,32.94689941,0.309536994,3,0.148764998,315905,315241,1,9607.349609,2,1433,81,168,131
B2033,0.0115,225,15,4635,2013,0,3.009799957,66,19,0.328489989,201,1.673320055,-1,1.086420059,90.7431,31.3877,0.1674,73,0.224999994,481.1700134,490.4819946,175284000,19.46100044,19.46100044,1.887779951,18.64319992,63.2195015,69.64830017,0.714066982,3,1.537729979,85070.60156,85440,1,8627.169922,2,2162,76,177,123
B2034,0.0126,11.30990028,15,4407,2013,140,2.362699986,66,19,1.18422997,201,1.549190044,16,0.135802001,82.601,32.5108,0.0916,49.0965004,1,245.7079926,262.0239868,206304000,26.33639908,26.33639908,0.27067399,9.272410393,9.089850426,26.87070084,0.221093997,3,0.368692994,521096,518015,1,2695.570068,2,1048,82,159,126
B2035,0.0133,71.56500244,15,4604,2013,0,4.887569904,66,19,0.489677995,201,1.897369981,-6,0.135802001,89.7145,31.5372,0.2024,74.69999695,1.241670012,380.7200012,426.6220093,184487008,18.67169952,18.67169952,1.288120031,7.564050198,44.31079865,34.32970047,0.39447099,1,1.387320042,163573,173994,0,7325.549805,2,2004,78,183,123
B2036,0.0679,5.194429874,21,4576,2013,259,0.218696997,47,32,7.651050091,193,8.831760406,16,-0.444444001,93.5147,31.8709,0.6756,242.8000031,-1.741670012,720.1489868,366.7470093,119599000,12.24989986,12.24989986,18.13750076,108.5780029,404.0100098,480.8630066,5.67663002,74,4.064829826,140730,146110,3,0.231509,2,4694,64,314,108
B2037,0.2645,241.5039978,21,4593,2013,0,0.734981,47,32,6.143330097,193,6.18061018,16,-0.148148,92.2516,31.5931,0.7485,198.6000061,-1.208330035,595.4310303,451.8340149,168288992,16.88249969,16.88249969,8.838680267,74.54509735,285.0239868,293.4570007,3.112050056,8,2.122499943,25807,31064.40039,5,0,2,4159,71,255,114
B2038,0.02,161.5650024,21,4654,2013,0,3.967679977,47,32,0.489677995,193,1.264909983,-1,-1.308640003,95.6147,31.602,0.5892,188.5,-4.683330059,777.6560059,363.1350098,114937000,5.943610191,5.943610191,8.90102005,9.588879585,164.8699951,115.2210007,2.100470066,85,9.614419937,267081,151159,0,57.02209854,2,4847,64,332,110
B2039,0.0261,53.42699814,27,4225,2013,87,0.535250008,45,28,2.986010075,126,3.974920034,16,-0.395062,97.2158,30.413,0.4716,169.3999939,2.433330059,588.0349731,425.0859985,160343008,19.78179932,19.78179932,4.162089825,9.535070419,104.7649994,70.33930206,1.033669949,18,4.612349987,269704,64938.39844,0,17499.59961,2,4141,64,275,116
B2040,0.0368,156.1049957,25,3941,2013,253,0.376367986,38,37,6.65997982,38,8.532290459,-2,0.320987999,96.4418,31.4086,0.7606,252.8000031,1.691669941,651.7810059,484.8240051,157886000,15.56509972,15.56509972,7.483240128,43.48899841,190.503006,194.3300018,2.328370094,13,9.260020256,284707,75133.20313,0,401.9689941,2,4221,68,227,117
B2041,0.3329,170.8890076,22,2137,2011,116,0.0218916,49,29,16.18000031,13,16.40730095,0,-0.69135797,113.5074,38.9439,0.8218,478.8999939,1.783329964,693.9219971,585.7360229,164576000,11.16919994,11.16919994,254.8639984,587.223999,518.9810181,10947.2998,135.6360016,15,82.03919983,25553.90039,18000,2,13468.09961,2,3362,68,232,118
B2042,0.3951,334.4230042,22,1885,2011,3,0.209822997,49,29,19.31920052,29,23.34519958,3,0.185185,113.4746,39.1177,0.8433,416.7000122,1.566669941,656.4680176,590.684021,165196000,8.739310265,8.739310265,459.9639893,2603.98999,703.507019,30886.40039,301.5480042,2,111.5530014,11313.7002,14317.7998,74,2537.389893,2,3209,69,225,118
B2043,0.5242,37.875,16,1333,2011,129,4.921380043,65,19,0.88273102,63,2.049390078,0,-1.419749975,112.3277,39.9847,0.5483,247.6999969,5.150000095,357.8710022,390.7279968,155739008,17.79899979,17.79899979,177.7539978,1093.439941,308.2630005,11318.7998,118.0830002,214,161.348999,2828.429932,2236.070068,3,5408.109863,2,1383,82,208,134
B2044,0.5486,207.9140015,21,1832,2011,0,3.93582E-09,50,29,26.00499916,29,37.11330032,1,0.938271999,113.4102,39.0991,0.7234,403.7000122,3.75,605.1430054,570.5410156,165179008,12.43879986,12.43879986,459.9639893,2603.98999,703.507019,30886.40039,301.5480042,2,115.9909973,11313.7002,15000,6,2537.389893,2,3018,73,237,117
B2045,0.5658,330.04599,21,1620,2011,0,0.0165521,50,29,10.42809963,29,14.59449959,16,-0.814814985,112.8652,39.1923,0.7046,330,5.650000095,555.3779907,446.1499939,162891008,12.63119984,12.63119984,474.6390076,914.552002,654.2199707,16650.40039,303.8919983,6,188.6130066,1000,6082.759766,1,24989.80078,2,2415,78,227,116
B2046,0.6299,217.6139984,15,1746,2011,0,0.063804097,61,24,5.940979958,61,9.685040474,16,-0.123457,113.1376,39.2941,0.6422,279.2999878,4.291669846,564.5360107,410.7290039,163059008,13.45460033,13.45460033,474.6390076,914.552002,654.2199707,16650.40039,303.8919983,6,204.6920013,17000,12530,0,2157.52002,2,2528,77,233,115
B2047,0.784,159.1459961,14,1252,2011,161,0.00463821,54,32,3.475630045,92,4.04968977,16,-0.679012001,112.3809,38.1601,0.7491,367.5,7.466670036,595.2210083,607.9110107,169319008,16.53510094,16.53510094,882.0139771,2182.080078,372.0559998,23432,723.9509888,3,162.753006,17088,0,0,1131.800049,2,2745,73,171,124
B2048,0.888,167.651001,10,1628,2011,94,0.0200208,57,33,13.15869999,124,14.21969986,0,-0.703704,112.1327,38.1013,0.7124,357.6000061,5.900000095,651.8909912,540.3870239,168552000,15.46010017,15.46010017,247.8820038,982.9030151,147.7290039,13245.40039,143.0650024,78,130.9170074,14035.7002,6708.200195,0,75655.70313,2,2141,76,195,121
B2049,0.9046,4.085619926,12,1200,2011,0,0.060853601,62,26,10.73980045,121,16.08099937,16,0.432099015,112.7861,38.1544,0.6553,310.2000122,8.133330345,580.9520264,498.2479858,163063008,17.15209961,17.15209961,667.1959839,3118.159912,1063.060059,37669.60156,420.6040039,8,152.4320068,6324.560059,5000,100,498.9700012,2,1674,81,139,129
B2050,0.9989,60.94540024,14,1537,2011,0,0.095662303,54,32,2.390079975,124,9.262829781,0,0.790122986,112.2781,38.2036,0.819,429,6.091670036,645.9849854,585.1589966,168196992,14.72459984,14.72459984,882.0139771,2182.080078,372.0559998,23432,723.9509888,15,114.4599991,24698.19922,7211.100098,7,14513.7998,2,2581,75,192,117
B2051,1.0516,232.4869995,14,1146,2011,86,6.5134E-08,54,32,18.64019966,92,22.47220039,16,-0.049382702,112.395,37.9954,0.7111,430.1000061,8.466670036,563.8809814,605.117981,169371008,14.43970013,14.43970013,882.0139771,2182.080078,372.0559998,23432,723.9509888,0,3864.590088,0,6082.759766,1818,317430,2,2383,78,154,121
B2052,1.8795,157.4160004,14,1549,2011,0,0.045962501,54,32,9.390839577,92,11.97500038,2,0.679012001,112.8407,38.2572,0.8287,431.2000122,6.591670036,633.9459839,487.5190125,164968992,14.0539999,14.0539999,667.1959839,3118.159912,1063.060059,37669.60156,420.6040039,452,90.03569794,12369.2998,7280.109863,4,1224.579956,2,2736,74,175,118
B2053,0.2737,0.395135999,21,1319,2011,0,0.324526995,50,29,11.08670044,29,13.17570019,16,-0.271605015,113.7886,39.2563,0.5985,361.8999939,7.158329964,581.0200195,569.4199829,157472992,17.03619957,17.03619957,114.685997,351.82901,167.4309998,4590.169922,71.57830048,11,168.2590027,1414.209961,11180.2998,756,8460.219727,2,2263,79,191,116
B2054,0.4391,26.4932003,25,1536,2011,27,7.86163E-08,44,31,25.71829987,31,30.1595993,16,0.086419798,113.734,38.9577,0.8672,460.8999939,5.125,655.5360107,631.1890259,162556000,12.78810024,12.78810024,88.31310272,328.7479858,183.5500031,4230.890137,49.17720032,6,88.54840088,36055.5,4123.109863,7,22325.5,2,3013,72,191,116
B2055,0.5101,294.1019897,21,1318,2011,0,0.912566006,50,29,6.419449806,29,7.348470211,16,-0.469136,113.2055,37.4887,0.7306,365.2999878,7.391670227,653.2349854,577.2869873,165983008,15.61250019,15.61250019,100.6740036,345.6400146,108.8880005,4070.870117,67.93080139,12,121.2809982,22203.59961,31016.09961,0,1496.589966,2,2302,72,181,122
B2056,0.5293,60.40340042,14,948,2011,0,0.072861597,54,32,10.99370003,92,10.93620014,16,1.024690032,113.7773,38.0277,0.6782,344.1000061,9.958330154,603.8060303,570.8629761,162796992,18.44179916,18.44179916,295.0769958,1312.969971,253.845993,15931.09961,192.2359924,966,387.5469971,10630.09961,4123.109863,0,10166.2002,2,2138,75,170,125
B2057,0.5895,117.8970032,14,1148,2011,0,0.0017931,54,32,8.864580154,92,10.44989967,-1,0.827160001,113.1821,36.723,0.6541,363.2999878,9.391670227,623.6119995,516.8499756,161120992,17.48220062,17.48220062,1421.900024,11933.40039,1228.290039,123104,1167.390015,19,290.2579956,7071.069824,19235.40039,12,206718,2,2026,74,213,124
B2058,0.686,91.42030334,21,1403,2011,161,0.000909427,50,29,9.289259911,29,11.94989967,16,-0.728394985,113.2242,37.3477,0.8432,448.6000061,6.958330154,655.7180176,595.9799805,165438000,14.7791996,14.7791996,100.6740036,345.6400146,108.8880005,4070.870117,67.93080139,26,153.1300049,20248.5,26076.80078,0,6460.609863,2,2209,73,185,121
B2059,0.6946,213.197998,25,1539,2011,0,0.064481698,44,31,7.452499866,31,12.52999973,16,0.172839999,113.7985,38.8342,0.8219,465.7999878,5.166669846,650.3930054,673.3649902,163732000,14.08850002,14.08850002,88.31310272,328.7479858,183.5500031,4230.890137,49.17720032,6,82.5727005,50249.39844,7000,5,1958.130005,2,3281,70,195,117
B2060,0.7321,152.5919952,12,1373,2011,0,0.792999029,62,26,4.699120045,121,6.276939869,2,-0.098765403,113.462,37.2232,0.721,399.2999878,7.641670227,657.1389771,648.8259888,162768992,16.9864006,16.9864006,118.0029984,358.3500061,111.0329971,4763.390137,75.15039825,16,147.0670013,0,2236.070068,764,171201,2,1953,74,216,127
B2061,0.8007,34.50849915,21,1496,2011,83,0.033382401,50,29,11.85470009,29,13.54990005,0,-0.419752985,113.5254,38.7464,0.7633,432.5,6.691669941,633.15802,602.4810181,164964992,14.24110031,14.24110031,100.5879974,410.6069946,178.9170074,4267.790039,59.77690125,12,81.6529007,30610.5,3162.280029,0,9250.639648,2,2845,74,197,114
B2062,1.016,333.4349976,22,1099,2011,0,0.867394984,47,31,4.492189884,142,7.293829918,16,-0.419752985,113.0533,37.2085,0.6327,371.3999939,9.074999809,605.0349731,576.3649902,165028992,17.43560028,17.43560028,108.3820038,294.6889954,111.1709976,4362.470215,65.79029846,42,94.83139801,7071.069824,8000,9,4364.370117,2,1841,76,202,124
B2063,1.0715,198.4349976,12,1360,2011,36,0.0123656,70,18,14.15089989,16,15.75440025,16,-0.419752985,113.156,36.9936,0.7295,412.6000061,8.258330345,651.6799927,522.3920288,161836992,16.25349998,16.25349998,298.9630127,676.4169922,189.3289948,10535.5,196.1580048,5,100.4100037,12530,14000,0,2262.879883,2,1908,75,202,126
B2064,0.1875,127.4759979,12,1174,2012,0,0.00566582,62,26,11.5486002,121,15.22500038,16,-0.419752985,114.1839,40.5573,0.4714,200.6000061,6.491670132,419.4989929,446.6619873,153412000,18.9090004,18.9090004,300.1919861,7346.790039,1142.160034,26444.30078,178.2949982,4,106.4140015,0,5385.169922,0,6395.919922,2,1869,80,185,120
B2065,0.2251,291.8009949,15,1361,2012,0,0.26780501,61,24,3.331880093,61,3.898720026,0,-0.419752985,114.4283,40.3159,0.6644,263.7000122,5.016670227,503.256012,446.9089966,152560992,14.52569962,14.52569962,145.1179962,801.7189941,662.9180298,6784.490234,79.42669678,9,96.22899628,13892.40039,15000,1,4089.320068,2,1605,81,231,127
B2066,0.2904,190.7680054,14,1446,2012,121,0.0307432,54,32,12.63780022,92,13.43130016,0,0,111.3102,37.0034,0.7725,541.4000244,7.533329964,600.1699829,687.3590088,167782000,14.07310009,14.07310009,315.2200012,1164.790039,293.7319946,14264.7002,220.2259979,18,158.4259949,17029.40039,38910.19922,13,6724.490234,2,2989,70,211,123
B2067,0.3587,235.9539948,15,1786,2012,187,0.0665555,61,24,3.453239918,61,5.099020004,16,0.061728399,112.5279,40.1729,0.5727,297.8999939,2.933330059,538.0800171,531.65802,156912000,15.0632,15.0632,175.8809967,1114.319946,253.1410065,11223.7998,117.2949982,0,160.8650055,12369.2998,12369.2998,3,2827.129883,2,2508,81,211,114
B2068,0.3821,0.444144011,14,1362,2012,0,0.182007,54,32,9.888970375,92,10.38269997,16,-0.098765403,111.3351,38.8427,0.5948,310.6000061,6.383329868,563.5130005,578.2849731,160992992,13.91209984,13.91209984,104.064003,209.8840027,131.6439972,3499.959961,69.73320007,3,78.55419922,13892.40039,2236.070068,229,33728.19922,2,2072,80,260,123
B2069,0.4432,3.860729933,25,1657,2012,0,0.884534001,44,31,12.44960022,92,14.62870026,-2,-0.419752985,112.2327,38.4532,0.7458,397.8999939,4.966670036,573.0640259,620.3640137,159955008,14.08870029,14.08870029,144.9750061,327.5880127,182.1670074,5845.100098,82.26190186,24,98.63659668,20000,7615.77002,0,2619.040039,2,2226,78,214,118
B2070,0.4588,231.7100067,21,1755,2012,165,0.185276002,50,29,3.74326992,62,7.823040009,16,0.024691399,111.4887,38.4836,0.7536,421.2999878,3.375,598.8850098,647.5999756,162675008,11.05099964,11.05099964,431.3380127,1518.030029,424.7770081,20416,233.4320068,1,96.53559875,21540.69922,14866.09961,8,4061.679932,2,2733,76,244,119
B2071,0.481,197.2409973,14,1489,2012,0,0.160411999,54,32,4.691530228,121,5.176869869,16,0.024691399,112.6394,40.0839,0.4957,279.3999939,4.5,528.0650024,536.7890015,157552000,17.13680077,17.13680077,175.8809967,1114.319946,253.1410065,11223.7998,117.2949982,155,162.9290009,10000,5385.169922,0,2597.870117,2,1920,82,247,122
B2072,0.5026,14.26449966,21,1737,2012,38,0.00239046,50,29,4.702909946,29,8.50881958,16,0.024691399,111.7359,38.5651,0.8046,485.3999939,4.099999905,593.960022,595.7280273,159274000,11.90820026,11.90820026,120.8560028,591.2230225,267.8919983,6945.200195,71.98719788,4,134.6649933,20000,4472.140137,1,4522.040039,2,3064,70,212,117
B2073,0.5567,186.8430023,12,1362,2012,0,5.74198E-09,62,26,3.893110037,121,9.869139671,16,0.024691399,113.8133,40.4573,0.5145,309.6000061,5.458330154,476.2009888,534.1090088,156327008,14.97669983,14.97669983,351.572998,952.151001,1699.099976,16009.59961,186.6920013,2,98.63680267,7615.77002,5830.950195,271,8484,2,2733,78,197,115
B2074,0.5684,320.571991,14,858,2012,0,4.14207E-05,54,32,4.501450062,61,11.35779953,1,0.024691399,110.6319,36.6196,0.6443,343.2000122,10.94999981,517.6389771,576.6110229,166430000,17.58359909,17.58359909,113.0289993,263.9880066,307.3110046,3952.830078,56.1291008,23,43.5870018,23345.19922,20248.5,0,5752.029785,2,1593,82,216,127
B2075,0.5819,29.35779953,23,1591,2012,173,0.00332702,43,34,5.666910172,35,6.356100082,-2,0.024691399,111.8857,38.8576,0.685,400.5,3.691669941,574.2150269,632.1630249,150774000,11.56379986,11.56379986,183.1000061,744.5540161,523.7189941,9307.599609,105.3509979,1,92.31240082,8602.330078,5656.850098,6,1527.319946,2,2891,76,224,114
B2076,0.5877,168.9830017,23,1873,2012,92,0.000101749,43,34,17.28300095,35,20.80870056,0,0.024691399,113.5854,39.5184,0.6852,450,3.066669941,604.0960083,490.7609863,155267008,12.18610001,12.18610001,341.1579895,849.8779907,550.4190063,13682.5,210.7109985,4,123.1679993,26400.80078,12806.2002,4,3934.199951,2,2670,76,219,112
B2077,0.6229,122.3470001,7,1313,2012,0,0.00195126,80,13,10.86569977,101,11.69620037,16,0.024691399,111.1862,37.3006,0.7178,365.2000122,8.016670227,589.6409912,676.9429932,167535008,12.44789982,12.44789982,334.3779907,729.0629883,298.3590088,10412.7002,246.0359955,12,378.4620056,4000,22803.5,955,3646.600098,2,2580,74,201,116
B2078,0.6493,41.63349915,21,1370,2012,29,0.0393629,58,21,1.86401999,62,2.40831995,1,0.024691399,112.2999,40.1326,0.5751,316.3999939,4.408329964,526.5880127,520.7249756,157066000,15.75990009,15.75990009,69.18229675,256.5580139,274.1430054,3030.810059,42.1283989,11,180.3730011,5000,4472.140137,9,2126.189941,2,1706,81,206,137
B2079,0.6551,175.2359924,21,1380,2012,0,0.876622975,50,29,9.242400169,29,12.23929977,0,0.024691399,111.5411,37.332,0.7679,465.2000122,7.791669846,605.4229736,689.8099976,166468000,15.72000027,15.72000027,283.8469849,738.1420288,297.9060059,9735.839844,202.5310059,9,839.7739868,5385.169922,0,1288,855.84198,2,2223,76,200,124
B2080,0.6629,23.34959984,23,1589,2012,0,0.070681699,43,34,15.07520008,35,16.91150093,16,0.024691399,113.787,39.3897,0.6105,395.1000061,5.416669846,605.2600098,594.9160156,148280992,14.45499992,14.45499992,189.3269958,486.7550049,348.4909973,7580.259766,113.9550018,9,149.9149933,10816.7002,2000,1,9091.759766,2,2355,77,220,113
B2081,0.6668,287.7000122,21,1458,2012,35,0.48754701,50,29,7.594989777,29,11.74730015,1,0.024691399,111.1544,36.9714,0.7206,424.2999878,7.358329773,605.4240112,681.8469849,168272992,14.4296999,14.4296999,315.2200012,1164.790039,293.7319946,14264.7002,220.2259979,28,296.4389954,26172.5,35468.30078,2776,36599.5,2,2033,80,213,124
B2082,0.7091,264.053009,21,1498,2012,73,0.031755701,58,21,7.431230068,62,9.099450111,16,0.024691399,112.2294,40.0054,0.5742,301,4.133329868,539.684021,533.9970093,157800992,14.45499992,14.45499992,69.18229675,256.5580139,274.1430054,3030.810059,42.1283989,9,222.1109924,8544,8246.209961,2,1741.839966,2,1903,82,194,121
B2083,0.7405,251.878006,14,1434,2012,169,0.00308213,54,32,8.889430046,92,11.26939964,-2,0.024691399,111.9339,39.5737,0.5687,297.1000061,4.625,556.5170288,569.9299927,157596992,14.94470024,14.94470024,98.28839874,211.2510071,292.8609924,3615.939941,59.85990143,3,86.78199768,4123.109863,21023.80078,636,2376.530029,2,2279,80,237,118
B2084,0.8981,29.29140091,15,1556,2012,0,0.978082001,61,24,3.63499999,61,10.63010025,0,0.024691399,112.1881,39.9709,0.4936,281.3999939,3.900000095,560.2449951,533.9970093,155524000,14.49740028,14.49740028,208.8939972,7474.859863,214.9450073,7961.620117,156.1670074,4,185.5310059,12806.2002,12206.59961,0,1741.839966,2,1999,81,272,122
B2085,0.9711,147.529007,22,1248,2012,0,2.394999981,47,31,1.009420037,142,1.183220029,0,0.024691399,112.6523,40.6197,0.7011,337.1000061,4.941669941,481.2550049,574.039978,143771008,15.99250031,15.99250031,215.3639984,34599.19922,585.5969849,28664.09961,131.9450073,81,266.1350098,11704.7002,2000,238,25224.19922,2,1404,82,183,134
B2086,0.984,140.4400024,15,1605,2012,45,0.160144001,61,24,6.896090031,61,7.429669857,16,0.024691399,112.2009,39.9614,0.5602,296.8999939,3.950000048,563.5120239,533.9970093,156427008,14.22379971,14.22379971,208.8939972,7474.859863,214.9450073,7961.620117,156.1670074,4,138.4309998,12727.90039,12041.59961,2,1741.839966,2,1964,81,269,121
B2087,1.002,16.92749977,14,1323,2012,0,0.913800001,54,32,11.03050041,92,12.31260014,1,0.123457,111.2454,36.8491,0.6883,416.1000061,8.199999809,585.4580078,672.4290161,171110000,16.10330009,16.10330009,315.2200012,1164.790039,293.7319946,14264.7002,220.2259979,36,188.3099976,27892.69922,23021.69922,668,72283.5,2,1841,80,215,125
B2088,1.1273,20.69540024,15,1330,2012,0,3.80995E-05,61,24,7.407529831,61,10.0994997,-1,0.049382702,111.2329,37.9317,0.7075,414.6000061,7.349999905,604.4849854,638.2689819,161768000,15.78709984,15.78709984,467.25,2156.899902,335.3909912,26431.30078,269.8399963,9,185.9989929,17691.80078,7615.77002,926,9280.419922,2,2580,75,209,119
B2089,1.1939,196.9279938,12,1026,2012,142,0.00140644,62,26,12.81229973,121,15.45320034,16,0,112.1381,37.6113,0.6332,321.5,9.566670418,516.039978,621.8499756,168448992,17.2682991,17.2682991,800.7960205,4249.240234,1115.800049,45840.19922,547.6459961,3,325.3469849,10630.09961,7071.069824,1276,10210700,2,1467,81,164,126
B2090,1.2031,143.5749969,12,1364,2012,72,0.00236874,62,26,13.68630028,121,16.21730042,0,0.111111,111.4769,39.5685,0.5718,255.8000031,5.483329773,565.690979,535.6530151,157170000,14.17440033,14.17440033,73.34609985,200.625,265.4299927,3059.090088,41.87549973,11,119.663002,15811.40039,24020.80078,939,39647.60156,2,2341,82,195,116
B2091,1.2056,118.7910004,12,1316,2012,38,0.00136955,62,26,9.712530136,61,18.4932003,16,0.111111,114.0546,40.4995,0.5141,240.6000061,6.050000191,445.3720093,442.3599854,152516000,17.27499962,17.27499962,374.5809937,1021.630005,1293.300049,17207,200.0240021,21,76.02410126,3605.550049,2000,36,23978.40039,2,2355,79,190,123
B2092,1.3579,159.404007,15,1356,2012,0,0.0127166,61,24,12.77029991,116,15.83040047,16,0.111111,111.2651,37.3267,0.7373,398.3999939,7.324999809,588.3380127,684.5020142,168220992,14.57849979,14.57849979,283.8469849,738.1420288,297.9060059,9735.839844,202.5310059,38,373.1940002,1414.209961,17262.69922,922,82195.39844,2,2241,75,208,122
B2093,1.4442,23.34959984,23,1589,2012,0,0.070681699,43,34,15.07520008,35,16.91150093,16,-0.123457,113.787,39.3897,0.6105,395.1000061,5.416669846,605.2600098,594.9160156,148280992,14.45499992,14.45499992,189.3269958,486.7550049,348.4909973,7580.259766,113.9550018,9,149.9149933,10816.7002,2000,1,9091.759766,2,2355,77,220,113
B2094,0.1879,164.5390015,14,936,2012,0,0.000389223,54,32,11.18290043,92,13.66020012,16,0.222222,110.7329,35.818,0.7363,387.2999878,11.06669998,492.3150024,599.0219727,164068992,18.14620018,18.14620018,1867.959961,60704.39844,1305.77002,122726,1348.410034,38,294.7669983,13000,6082.759766,1203,136864,2,1660,78,196,127
B2095,0.3875,210.4340057,14,1474,2012,0,0.00906653,54,32,14.07769966,92,16.6432991,0,-0.123457,110.8701,35.8791,0.7448,468.6000061,8.75,567.3040161,725.2810059,164987008,16.06189919,16.06189919,424.9769897,3016.060059,397.4320068,21179.40039,280.1839905,209,281.105011,24166.09961,4000,311,56360.19922,2,2708,75,225,125
B2096,0.4365,32.1957016,12,835,2012,0,6.97041E-05,62,26,14.50430012,121,19.96500015,16,-0.197531,114.3098,39.3565,0.7972,458.1000061,8.391670227,599.3870239,587.5629883,156264000,14.68719959,14.68719959,212.7339935,1018.799988,324.5679932,13688.5,128.4960022,3,94.64389801,8602.330078,7615.77002,91,2426.620117,2,2050,75,174,119
B2097,0.5526,181.4880066,12,1328,2012,120,2.10193E-05,62,26,11.75979996,121,18.23730087,16,-0.197531,111.0873,35.8687,0.8568,483.5,8.866669655,565.2960205,730.6870117,165851008,16.90430069,16.90430069,424.9769897,3016.060059,397.4320068,21179.40039,280.1839905,87,207.5899963,20880.59961,16970.59961,691,7318.180176,2,3049,74,199,123
B2098,0.6338,294.7529907,21,799,2012,111,0.000899119,50,29,13.95580006,92,18.87859917,-1,0.037037,113.6136,36.4193,0.77,401.7999878,10.76669979,532.78302,614.1140137,168860992,18.20809937,18.20809937,398.9060059,1842.25,1125.829956,16968.80078,266.5490112,13,92.04229736,8246.209961,11661.90039,1,5865.029785,2,2091,72,189,124
B2099,0.6412,303.0429993,14,973,2012,0,2.21315E-09,54,32,9.427709579,97,21.9545002,16,0.0123457,110.8109,36.3428,0.7772,401.1000061,10.9083004,505.4320068,607.3330078,167274000,17.86039925,17.86039925,186.0189972,863.0499878,201.2940063,10914.7998,113.2549973,116,54.63990021,25455.80078,30265.5,3,69038.60156,2,1732,79,231,126
B2100,0.6675,348.0140076,21,721,2012,0,1.48824E-06,50,29,24.17900085,29,26.11510086,16,0.049382702,113.3558,38.3553,0.7707,452.5,9.716670036,507.5780029,631.4349976,164172992,16.73060036,16.73060036,93.89350128,416.4530029,162.5130005,4202.549805,64.47360229,223,386.9179993,8544,0,9,17078.69922,2,1638,77,152,131
B2101,0.7511,140.6410065,21,1465,2012,140,0.0197505,50,29,8.841629982,119,12.04990005,0,0.074074097,113.4825,37.5401,0.7692,475.7999878,7,634.6199951,666.4710083,167155008,14.00559998,14.00559998,96.2901001,341.197998,106.776001,3955.280029,65.13960266,11,172.1549988,9000,20615.5,13,2334.030029,2,2574,72,200,118
B2102,0.7833,48.63290024,10,926,2012,90,0.0497519,57,33,13.56519985,92,17.30900002,16,0.320987999,111.2018,36.0944,0.719,421.3999939,10.19999981,514.6030273,781.8759766,165214000,16.45429993,16.45429993,245.3589935,724.2059937,160.5859985,9300.769531,167.7910004,8,269.5169983,19646.90039,5099.02002,505,69938.60156,2,2705,72,201,122
B2103,0.8167,183.0130005,14,1076,2012,152,1.240429997,54,32,2.943700075,92,9.736530304,16,-0.037037,113.951,37.4508,0.7874,484.1000061,9.074999809,619.6920166,709.3439941,164075008,15.83220005,15.83220005,149.2649994,1081.420044,350.9620056,7093.540039,98.91670227,324,212.1690063,24515.30078,16155.5,8,69624.60156,2,2303,72,198,127
B2104,0.8524,325.4370117,14,1358,2012,113,0.126790002,54,32,8.401129723,121,8.074649811,0,0.098765403,111.0005,36.0851,0.8918,476.7000122,7.991670132,583.0440063,691.9949951,166404000,15.1182003,15.1182003,245.3589935,724.2059937,160.5859985,9300.769531,167.7910004,6,276.70401,35014.30078,5000,1008,75000.39844,2,2816,70,194,119
B2105,0.8785,353.2170105,14,1218,2012,0,0.000570709,54,32,17.16690063,92,19.87459946,16,-0.024691399,113.6894,37.4551,0.8506,523.5,8.691670418,611.2199707,667.4619751,165431008,16.37899971,16.37899971,299.70401,2115.370117,373.5280151,21427.5,209.0200043,11,160.2599945,6000,2000,648,246989,2,2053,73,179,125
B2106,0.8847,313.5910034,11,395,2012,0,0.0059166,69,20,13.1281004,119,14.2968998,16,-0.024691399,110.9339,34.9146,0.5495,299.5,13.88329983,454.3859863,657.1660156,166222000,19.65620041,19.65620041,667.0700073,2152.419922,551.2340088,31405.09961,388.7149963,91,1158.160034,3605.550049,0,708,2120020,2,1224,80,222,131
B2107,0.9998,179.2460022,21,1349,2012,0,0.000911061,50,29,11.60840034,29,15.20530033,-1,-0.024691399,112.5912,36.035,0.8585,438.1000061,8.808329582,563.3259888,677.875,167740000,16.35040092,16.35040092,278.4830017,962.8660278,294.3330078,10897.7002,196.6439972,15,305.6900024,4123.109863,23000,7,2473.620117,2,2262,73,222,125
B2108,1.1366,16.35580063,21,1039,2012,106,0.103569999,50,29,14.52779961,29,21.80830002,16,-0.024691399,114.9618,39.3486,0.7728,528.2000122,8.533329964,706.815979,682.9580078,161308992,14.61760044,14.61760044,183.6109924,759.1690063,550.7069702,7302.950195,97.32240295,5,197.5789948,7071.069824,8062.259766,4,8806.480469,2,2466,70,170,120
B2109,1.179,268.3630066,21,947,2012,0,1.017269969,50,29,2.709019899,29,2.898279905,-2,-0.024691399,113.192,36.2878,0.7846,346.2999878,10.43330002,527.2290039,551.2750244,164010000,19.04750061,19.04750061,502.7730103,1628.790039,488.0610046,25886.40039,286.8919983,520,1311.390015,2000,7211.100098,1138,196299,2,1362,76,208,126
B2110,1.4571,93.30190277,21,1284,2012,120,0.951215029,50,29,8.013110161,29,12.31260014,16,0.617284,112.0962,36.5421,0.7958,510.6000061,8.341670036,552.2529907,677.6790161,169624000,15.18400002,15.18400002,557.9260254,2493.98999,472.9370117,26921.30078,400.0419922,339,334.4309998,21095,22561,1126,68624.89844,2,2935,69,212,120
B2111,0.0017,176.1860046,22,4201,2013,0,1.96657002,47,31,1.163820028,195,2.049390078,0,0.617284,100.1778,32.5021,0.7055,272.7000122,-1.491670012,721.3720093,478.9779968,143974000,15.18039989,15.18039989,8.047300339,7.272600174,52.98609924,200.1809998,2.17708993,3,3.799930096,309000,133765,13,137.8910065,2,4866,65,318,107
B2112,0.0026,176.1860046,22,4201,2013,0,1.96657002,47,31,1.163820028,195,2.049390078,0,0.617284,100.1777,32.502,0.7055,272.7000122,-1.491670012,721.3720093,478.9779968,143974000,15.18039989,15.18039989,8.047300339,7.272600174,52.98609924,200.1809998,2.17708993,3,3.799930096,309000,133765,13,137.8910065,2,4866,65,318,107
B2113,0.0032,124.6949997,22,4194,2013,2,1.966439962,47,31,2.446959972,195,5.019959927,16,0.716049016,100.1766,32.5002,0.7055,268.6000061,-1.433330059,721.3720093,478.9779968,143974000,14.96759987,14.96759987,8.047300339,7.272600174,52.98609924,200.1809998,2.17708993,3,3.799930096,309000,133765,8,137.8910065,2,4866,65,318,107
B2114,0.0033,176.1860046,22,4201,2013,0,1.96657002,47,31,1.163820028,195,2.049390078,0,0.037037,100.1777,32.5021,0.7055,272.7000122,-1.491670012,721.3720093,478.9779968,143974000,15.18039989,15.18039989,8.047300339,7.272600174,52.98609924,200.1809998,2.17708993,3,3.799930096,309000,133765,13,137.8910065,2,4866,65,318,107
B2115,0.0035,117.4079971,22,4203,2013,0,1.96657002,47,31,4.699120045,195,5.813779831,16,0.370370001,100.1776,32.5025,0.7055,272.7000122,-1.491670012,721.3720093,478.9779968,143974000,15.18039989,15.18039989,8.047300339,7.272600174,52.98609924,200.1809998,2.17708993,3,3.799930096,309000,133765,13,137.8910065,2,4866,65,318,107
B2116,0.0037,124.6949997,22,4194,2013,2,1.987409949,47,31,2.446959972,195,5.019959927,16,-0.074074097,100.1772,32.501,0.7055,272.7000122,-1.491670012,721.3720093,478.9779968,143974000,15.18039989,15.18039989,8.047300339,7.272600174,52.98609924,200.1809998,2.17708993,3,3.799930096,309000,133765,13,137.8910065,2,4866,65,318,107
B2117,0.004,124.6949997,22,4194,2013,2,1.987409949,47,31,2.446959972,195,5.019959927,16,-0.370370001,100.1773,32.5009,0.7055,272.7000122,-1.491670012,721.3720093,478.9779968,143974000,15.18039989,15.18039989,8.047300339,7.272600174,52.98609924,200.1809998,2.17708993,3,3.799930096,309000,133765,13,137.8910065,2,4866,65,318,107
B2118,0.0044,117.4079971,22,4203,2013,0,1.96657002,47,31,4.699120045,195,5.813779831,16,0.086419798,100.1776,32.5026,0.7055,272.7000122,-1.491670012,721.3720093,478.9779968,143974000,15.18039989,15.18039989,8.047300339,7.272600174,52.98609924,200.1809998,2.17708993,3,3.799930096,309000,133765,13,137.8910065,2,4866,65,318,107
B2119,0.0045,124.6949997,22,4194,2013,2,1.987409949,47,31,2.446959972,195,5.019959927,16,0.160494,100.1773,32.501,0.7055,272.7000122,-1.491670012,721.3720093,478.9779968,143974000,15.18039989,15.18039989,8.047300339,7.272600174,52.98609924,200.1809998,2.17708993,3,3.799930096,309000,133765,13,137.8910065,2,4866,65,318,107
B2120,0.0069,124.6949997,22,4194,2013,2,1.966439962,47,31,2.446959972,195,5.019959927,16,-0.037037,100.1767,32.5002,0.7055,268.6000061,-1.433330059,721.3720093,478.9779968,143974000,14.96759987,14.96759987,8.047300339,7.272600174,52.98609924,200.1809998,2.17708993,3,3.799930096,309000,133765,8,137.8910065,2,4866,65,318,107
B2121,0.008,124.6949997,22,4194,2013,2,1.966439962,47,31,2.446959972,195,5.019959927,16,0.296296,100.1766,32.5002,0.7055,268.6000061,-1.433330059,721.3720093,478.9779968,143974000,14.96759987,14.96759987,8.047300339,7.272600174,52.98609924,200.1809998,2.17708993,3,3.799930096,309000,133765,8,137.8910065,2,4866,65,318,107
B2122,0.0125,221.423996,20,3543,2013,0,0.29016,50,30,1.754840016,154,1.897369981,16,0.716049016,102.2827,32.6469,0.9191,461.2999878,3.633330107,745.9019775,618.0750122,157262000,17.87870026,17.87870026,5.883090019,9.012639999,40.6473999,162.9149933,1.724179983,4,7.319769859,130614,63505.89844,1,29646.30078,2,5927,63,282,111
B2123,0.0133,124.6949997,22,4194,2013,2,1.966439962,47,31,2.446959972,195,5.019959927,16,0.024691399,100.1766,32.5002,0.7055,268.6000061,-1.433330059,721.3720093,478.9779968,143974000,14.96759987,14.96759987,8.047300339,7.272600174,52.98609924,200.1809998,2.17708993,3,3.799930096,309000,133765,8,137.8910065,2,4866,65,318,107
B2124,0.0158,124.6949997,22,4194,2013,2,1.966439962,47,31,2.446959972,195,5.019959927,16,-0.160494,100.1767,32.5003,0.7055,268.6000061,-1.433330059,721.3720093,478.9779968,143974000,14.96759987,14.96759987,8.047300339,7.272600174,52.98609924,200.1809998,2.17708993,3,3.799930096,309000,133765,8,137.8910065,2,4866,65,318,107
B2125,0.0218,124.6949997,22,4194,2013,2,1.966439962,47,31,2.446959972,195,5.019959927,16,0.024691399,100.1766,32.5003,0.7055,268.6000061,-1.433330059,721.3720093,478.9779968,143974000,14.96759987,14.96759987,8.047300339,7.272600174,52.98609924,200.1809998,2.17708993,3,3.799930096,309000,133765,8,137.8910065,2,4866,65,318,107
B2126,0.0138,307.6589966,43,913,2012,130,1.30675E-11,24,33,32.13570023,104,37.13219833,16,-0.283951014,108.4925,28.0191,0.8717,680.2999878,14.2833004,1346.290039,702.3339844,104121000,19.9102993,19.9102993,598.9840088,802.0689697,1309.579956,21765.40039,268.8099976,74,252.072998,41194.69922,2236.070068,3,10791.09961,2,3428,60,203,123
B2127,0.0506,85.38939667,14,1951,2012,0,0.102542996,54,32,9.542849541,92,12.1491003,3,0,106.31,36.29,0.4874,296.7999878,6.941669941,461.4700012,512.1149902,151796992,19.53639984,19.53639984,44.86660004,1249.969971,149.4309998,4976.040039,42.51129913,7,197.8049927,10770.2998,14317.7998,8,1544.709961,2,2150,83,222,128
B2128,0.0773,340.3320007,14,1794,2012,0,0.877772987,54,32,19.66360092,92,24.38850021,2,0,106.32,36.26,0.5559,322.7999878,7.141670227,449.0400085,512.1149902,151796992,19.15139961,19.15139961,151.9100037,1383.089966,625.4760132,7868.029785,84.88770294,11,168.3300018,9899.5,13601.5,1,491.6919861,2,2013,82,185,128
B2129,0.103,153.4349976,14,1628,2012,94,3.40756011,54,32,2.767950058,92,3,0,-0.111111,106.27,36.22,0.495,288.2000122,8.116669655,424.0710144,532.5230103,150475008,19.35829926,19.35829926,151.9100037,1383.089966,625.4760132,7868.029785,84.88770294,32,193.4440002,3605.550049,7615.77002,4,491.6919861,2,1584,82,180,130
B2130,0.2323,30.2112999,14,1801,2012,0,0.932758987,54,32,13.87819958,92,15.76070023,0,0.074074097,106.29,36.31,0.5123,301,7.158329964,463.9979858,512.1149902,152408000,19.11179924,19.11179924,44.86660004,1249.969971,149.4309998,4976.040039,42.51129913,14,197.5910034,10630.09961,13892.40039,1,1544.709961,2,1925,82,207,128
B2131,0.3506,21.33690071,14,2105,2012,14,0.568517029,54,32,10.52009964,92,11.37539959,2,0.049382702,106.38,36.25,0.7597,361.8999939,5.983329773,483.7189941,534.0109863,151924992,16.83609962,16.83609962,151.9100037,1383.089966,625.4760132,7868.029785,84.88770294,15,149.3569946,13416.40039,17464.30078,3,491.6919861,2,2516,81,224,121
B2132,0.4587,153.9250031,14,1870,2012,0,0.000548101,54,32,11.97669983,92,13.23630047,0,0.172839999,106.35,36.28,0.5593,293.2000122,6.650000095,461.1659851,512.1149902,152662000,18.67329979,18.67329979,44.86660004,1249.969971,149.4309998,4976.040039,42.51129913,11,181.7550049,13416.40039,17000,6,1544.709961,2,2068,82,242,127
B2133,1.224,268.5310059,14,1927,2007,0,1.833649993,54,32,3.017839909,92,3.405879974,-1,0.172839999,106.41,36.27,0.4938,217.5,7.208330154,433.4320068,479.9519958,151620000,21.45610046,21.45610046,182.697998,654.7589722,948.6859741,8372.980469,89.14830017,34,84.53040314,16643.30078,20591.30078,0,7195.52002,2,2238,82,267,125
B2134,2.16,280.5610046,14,1940,2007,0,0.013782,54,32,4.636750221,92,5.176869869,16,0.172839999,106.43,36.28,0.5427,255.8000031,7.391670227,437.4620056,479.9519958,151620000,21.2269001,21.2269001,53.27310181,729.15802,231.1589966,4806.950195,45.47969818,82,75.36889648,18439.09961,22825.40039,0,7195.52002,2,2178,82,212,128
B2135,2.6865,191.6690063,14,1917,2007,96,0.00625282,54,32,14.24610043,92,16.1121006,0,0.074074097,106.42,36.27,0.4887,224.8999939,7.333330154,432.8129883,479.9519958,151620000,21.24720001,21.24720001,182.697998,654.7589722,948.6859741,8372.980469,89.14830017,151,94.85579681,17492.90039,21470.90039,1,7195.52002,2,2178,82,212,128
B2136,0.0131,319.0859985,21,4115,2006,0,2.93654E-05,47,32,20.58270073,193,21.83119965,16,-0.160494,100.67,34.41,0.8469,267.7999878,-2.5,564.9550171,516.1030273,137574000,9.910420418,9.910420418,1.460420012,5.440969944,26.97220039,1.460420012,0.71826601,1,5.606359959,263030,10816.7002,0,22.18980026,2,4704,72,273,107
B2137,0.0162,207.1450043,5,4183,2006,0,7.29445E-08,57,38,22.66650009,196,24.91990089,-3,-0.679012001,100.68,34.38,0.8627,300.2999878,-2.183330059,548.7579956,516.1030273,138080992,12.77460003,12.77460003,1.460420012,5.440969944,26.97220039,1.460420012,0.71826601,0,5.586470127,266528,9219.540039,1,89.49990082,2,4999,71,298,107
B2138,0.0423,340.2409973,17,3991,2006,232,0.70439899,44,39,8.412910461,197,7.389180183,-1,-0.296296,100.48,34.34,0.7227,331,-1.208330035,523.5839844,488.7260132,143635008,13.58380032,13.58380032,3.10078001,8.159879684,62.81489944,3.10078001,1.387279987,9,6.359960079,276279,3162.280029,5,517.0499878,2,4364,72,281,111
B2139,0.0455,135.9750061,21,3955,2006,45,1.76191E-08,47,32,24.18829918,197,28.82710075,16,-0.160494,100.71,34.32,0.8284,318.7999878,-1.741670012,528.40802,504.29599,138740992,13.91289997,13.91289997,3.10078001,8.159879684,62.81489944,3.10078001,1.387279987,1,8.726429939,272998,9000,1,89.49990082,2,4887,72,285,109
B2140,0.0429,348.6900024,12,567,2010,118,5.847459793,56,32,0.394793987,146,1.897369981,-3,-0.049382702,88.9333,44.2833,0.34,122.0999985,6.708330154,248.2669983,124.237999,144394000,15.74629974,15.74629974,20.99769974,43.50109863,325.0589905,710.8980103,10.31939983,10,78.9213028,11180.2998,12041.59961,0,165.6959991,2,1339,84,162,139
B2141,0.2316,249.4440002,14,1755,2011,165,0.280672014,54,32,6.58618021,92,7.389180183,16,0.0123457,106.28,36.24,0.4337,220.6000061,7.666669846,389.57901,483.105011,147806000,21.08469963,21.08469963,157.7460022,1268.109985,849.1240234,8095.77002,84.90110016,8,151.9160004,5656.850098,9433.980469,7,483.3439941,2,1962,82,195,129
B2142,0.3221,28.81080055,14,1937,2011,187,7.24261E-05,54,32,7.033649921,92,9.705670357,16,-0.148148,106.32,36.28,0.3937,216.3999939,7.166669846,411.6640015,450.2529907,148720992,20.86709976,20.86709976,45.42959976,1044.150024,205.4290009,4883.850098,40.1283989,28,158.7720032,11180.2998,14764.7998,52,1498.939941,2,2122,82,193,128
B2143,0.3152,165.3789978,18,1467,2004,11,0.0585871,51,31,3.675770044,55,4.35890007,16,0,115.98,41.89,0.6471,318.5,3.733330011,471.2120056,514.5499878,149628000,14.10000038,14.10000038,70.8144989,177.3950043,390.848999,2508.139893,32.92660141,11,19.23530006,17029.40039,40311.30078,0,3226.73999,2,2353,80,225,134
B2144,0.4185,160.201004,19,1381,2004,0,0.966036975,58,23,4.10751009,54,4.837349892,16,-0.0123457,115.98,42.34,0.4899,281.3999939,4.091670036,435.9760132,500.5239868,146868992,16.93330002,16.93330002,52.36560059,390.54599,143.8419952,4431.77002,32.38529968,2,10.62590027,4000,14866.09961,0,128.6329956,2,2843,80,209,134
B2145,0.4293,241.6990051,18,1378,2004,150,5.977290154,51,31,1.143039942,55,1.414209962,16,-0.049382702,115.85,41.79,0.7332,335.3999939,4.199999809,465.1629944,524.3129883,149286000,15.09440041,15.09440041,76.78009796,189.0579987,455.5690002,2609.100098,33.77289963,10,25.91580009,25709.90039,27658.59961,0,8192.259766,2,2499,82,227,133
B2146,0.4728,341.5650024,19,1311,2004,0,5.735579967,58,23,0.489677995,54,1.549190044,0,-0.098765403,116.35,42.46,0.4332,258.2999878,3.525000095,433.0249939,513.2360229,140211008,15.02359962,15.02359962,48.60039902,66.04550171,276.9700012,1599.810059,21.42880058,5,18.33699989,25495.09961,35355.30078,0,98.23760223,2,2812,81,222,136
B2147,0.1085,67.15019989,14,1077,2009,68,0.000315712,54,32,13.12469959,92,13.87080002,16,0.0123457,109.4877,36.5337,0.6223,363.7000122,10.75829983,542.8369751,540.8389893,163468992,19.36249924,19.36249924,441.6270142,2088.27002,920.9559937,22448.5,267.4679871,87,470.3519897,2000,2236.070068,2459,3035.629883,2,1784,82,191,129
B2148,0.1724,295.8940125,29,1230,2009,0,8.94453E-05,33,38,17.19440079,93,18.39019966,16,0,109.511,36.4984,0.6788,362.8999939,10.41670036,563.4279785,540.8389893,164662000,18.78969955,18.78969955,144.2189941,463.7529907,356.3800049,5816.5,77.38079834,10,286.4200134,4000,4000,723,3035.629883,2,1926,81,187,130
B2149,0.2403,331.7709961,14,1122,2009,0,0.95875901,54,32,8.290109634,92,11.64470005,1,0.172839999,109.5395,36.5353,0.7026,347,10.44999981,556.7969971,540.8389893,163400000,18.85140038,18.85140038,187.3200073,909.2960205,391.7520142,9600.429688,111.9369965,21,385.2189941,5385.169922,6324.560059,1624,3035.629883,2,1778,82,208,128
B2150,0.1728,0,7,360,2005,93,6.581039906,80,13,0.154853001,101,0.632456005,16,0,120.7,42.9167,0.6351,256.7000122,7.366670132,422.2680054,432.8559875,142820000,17.19580078,17.19580078,80.0970993,181.4669952,372.322998,2906.679932,36.82109833,8,45.5644989,1000,13928.40039,2,526.8649902,2,1974,79,214,141
B2155,2.227,119.7450027,21,4032,2000,0,2.973599911,47,32,1.248270035,193,2.607680082,-1,-0.197531,99.7939,33.6225,0.8199,265.2999878,-1.774999976,578.3070068,479.8059998,142336000,15.61639977,15.61639977,2.174190044,5.112410069,29.66250038,147.3269958,1.033249974,1,0.114308998,372426,91706.10156,0,5854.77002,2,4750,71,302,109
B2156,0.0914,92.7263031,11,1748,2008,175,1.777590036,74,15,1.62737,92,1.843909979,-1,0.185185,104.15,35.95,0.5768,329.7080078,8.116669655,386.2890015,555.3920288,162896992,20.95100021,20.95100021,199.6660004,659.3079834,470.0119934,8522.570313,87.66529846,113,172.0839996,1414.209961,5000,1406,31281.40039,2,2173,81,162,127
B2158,0.0735,92.7263031,11,1748,2005-2007,175,1.777590036,74,15,1.62737,92,1.843909979,-1,-0.024691399,104.15,35.95,0.547733333,311.3830058,8.583329837,371.1813354,589.6043498,160073994.7,21.27926636,21.27926636,177.757665,538.3980103,503.7680054,5394.120509,78.57246653,113.3333333,116.2789968,1414.209961,5000,2179,34650,2,2173,81,162,127
B2160,0.1559,183.7689972,16,1021,2003,1,0.000127002,56,28,12.7439003,97,13.68939972,16,0,109.3667,36.0111,0.6835,310.3999939,10.56669998,806.8029785,623.5910034,150023008,19.00040054,19.00040054,40.41040039,63.04489899,133.3139954,1202.099976,17.4720993,17,69.68489838,2000,6082.759766,1754,17438.90039,2,1771,82,190,133
B2164,0.4722,276.3399963,18,1490,2010,124,2.114789963,51,31,1.401980042,55,1.414209962,0,0.172839999,111.5346,41.4717,0.2787,123.8000031,4.400000095,323.2510071,300.6350098,148070000,16.90600014,16.90600014,77.21350098,183.6649933,325.6919861,3095.469971,39.05390167,2,31.38220024,72111,69857,275,4892.259766,2,1824,82,184,140
B2168,0.3861,113.3560028,22,3058,2007,0,0.068192698,46,32,7.380569935,152,9.486829758,-1,0.172839999,83.1121,42.9078,0.6901,299.7999878,-3.866669893,717.15802,387.0570068,110495000,4.945829868,4.945829868,1.898069978,1.893360019,15.73069954,58.39479828,0.799786985,3,9.886190414,87664.10156,76844,0,31.8234005,2,2929,76,260,121
B2169,0.4976,198.4349976,21,2960,2007,113,2.88045001,47,32,0.244843006,193,0.774596989,0,0.172839999,83.1862,42.9143,0.6466,302.3999939,-2.766669989,694.8850098,388.4849854,111037000,13.09459972,13.09459972,1.898069978,1.893360019,15.73069954,58.39479828,0.799786985,1,9.595159531,89022.5,73246.20313,2,78.59600067,2,4071,75,323,123
B2170,0.5078,137.6430054,21,3287,2007,172,0.000643741,47,32,7.088550091,193,9.262829781,0,0.172839999,83.0434,42.916,0.7073,314.6000061,-4.358329773,743.8759766,382.3519897,109027000,6.707499981,6.707499981,1.898069978,1.893360019,15.73069954,58.39479828,0.799786985,1,10.04500008,87823.70313,77620.89844,0,31.8234005,2,4486,74,253,118
B2171,0.5636,131.8200073,22,3161,2007,103,1.916309953,46,32,1.973219991,152,2.683279991,0,0.172839999,83.0503,42.9076,0.6978,308.8999939,-4.033329964,732.4650269,387.0570068,109027000,5.789999962,5.789999962,1.898069978,1.893360019,15.73069954,58.39479828,0.799786985,2,10.06620026,86977,78339,1,31.8234005,2,4004,75,263,118
B2172,0.457,68.89109802,21,2964,2007,0,1.14285E-07,47,32,17.29859924,193,22.57430077,-2,0.172839999,83.5074,42.5281,0.2849,199.3000031,-2.683330059,621.78302,440.7860107,125448000,2.038889885,2.038889885,2.266479969,37.27339935,14.41230011,256.053009,2.197560072,1,5.967199802,54405.89844,85866.20313,1,580.5239868,2,4530,73,254,117
B2173,0.6326,299.3200073,20,2661,2007,0,0.36994499,54,26,6.455160141,206,6.603030205,3,0.172839999,83.6885,42.6695,0.7082,324,-2.049999952,565.1500244,386.7780151,124326000,9.96889019,9.96889019,2.266479969,37.27339935,14.41230011,256.053009,2.197560072,3,8.970009804,76216.79688,85000,0,412.5310059,2,3942,75,232,123
B2174,2.4542,119.7450027,13,2458,2007,200,4.912730217,68,19,1.248270035,205,1.732049942,-1,0.172839999,83.7247,42.884,0.8167,323,-1.883329988,543.026001,380.6839905,124892000,11.58279991,11.58279991,9.957320213,31.59530067,79.84279633,421.6140137,4.964550018,3,6.139490128,98858.5,60033.30078,2,18.40589905,2,5250,74,240,129
B2175,0.7936,107.9869995,18,1277,2004,163,0.00126185,51,31,6.243390083,55,6.542170048,-3,0.172839999,82.99,43.37,0.7852,457,8.816670418,465.3619995,581.3850098,139156000,17.81279945,17.81279945,100.8649979,221.7359924,471.1629944,4372.200195,45.20800018,9,23.06329918,97652.39844,23086.80078,0,153.5549927,2,2307,78,227,132
B2176,0.8207,54.88589859,21,3223,2004,0,0.000427028,47,32,25.05690002,193,27.17720032,16,-0.432099015,85.38,43.44,0.2092,41,-4.199999809,541.5410156,380.7879944,122145000,2.774580002,2.774580002,0.196302995,0.117071003,1.46231997,6.621230125,0.079458497,0,28.0923996,107703,89202,0,95.68810272,2,4268,73,210,110
B2178,1.0295,154.4400024,20,2665,2004,164,2.355859995,54,26,1.973219991,206,2.489979982,0,-0.654321015,83.63,42.97,0.4525,147.3000031,-2.150000095,521.0770264,302.3070068,98309904,14.50669956,14.50669956,7.934929848,4.732210159,59.10969925,267.6419983,3.211869955,3,6.784150124,105152,53814.5,0,141.9440002,2,3900,74,270,123
B2179,1.1518,1.437229991,17,2295,2004,206,3.74676E-07,62,21,20.66379929,205,32.1590004,16,-0.703704,86.11,42.64,0.2843,148.3000031,2.658329964,321.5320129,407.0859985,165599008,8.14041996,8.14041996,1.542250037,3.122730017,11.20149994,68.08820343,0.710838974,0,5.109499931,11180.2998,63411.39844,0,4.757070065,2,3767,75,189,124
B2180,0.826,180,27,3458,2005,176,4.940830231,45,28,0.154853001,126,1.612450004,16,-0.209876999,102.6,33.05,0.791,379.7999878,2.633330107,856.3859863,556.2509766,123790000,15.1644001,15.1644001,19.31699944,14.59910011,82.16329956,510.0409851,5.573080063,15,2.386820078,128810,83934.5,0,1869.819946,2,5258,66,279,112
B2183,0.0656,12.9946003,17,3111,2011,156,2.940769911,62,21,1.032889962,56,1.183220029,0,-0.296296,100.25,36.01,0.3834,196.3999939,2.941669941,394.9689941,429.8729858,168600000,22.21640015,22.21640015,7.636390209,15.22630024,100.4899979,321.4979858,3.80170989,2,17.00930023,109444,0,2,4943.109863,2,2302,80,173,130
B2184,0.2203,225,19,3223,2011,0,3.610500097,58,23,1.204300046,54,1.414209962,16,-0.333332986,99.98,37.26,0.4456,258.2999878,0.725000024,433.1359863,488.6789856,165542000,17.4564991,17.4564991,27.38979912,166.1629944,566.9899902,1585.97998,16.29640007,8,23.78700066,1000,87200.89844,5,1248.099976,2,2263,82,127,135
B2185,0.25,197.5919952,18,3262,2011,194,0.804942012,51,31,3.326509953,55,4.04968977,-1,1.283949971,101.17,35.78,0.5742,227.8000031,1.183330059,482.8580017,489.6130066,166547008,18.90320015,18.90320015,16.11980057,50.05889893,232.7539978,759.4829712,8.192749977,6,30.40060043,93145,71561.20313,2,3560.48999,2,2817,74,187,119
B2186,0.2942,5.710589886,7,2929,2011,187,4.67509985,80,13,1.555879951,101,2.190890074,-1,0.0123457,100.51,36.17,0.1928,113.1999969,4.074999809,387.4570007,415.1260071,166211008,22.91959953,22.91959953,12.2730999,43.54040146,152.7870026,600.8369751,6.528299809,8,21.44890022,84723.10156,0,0,5850.850098,2,1852,82,169,128
B2187,0.3293,161.5650024,17,4328,2011,0,3.84059,44,39,0.979283988,197,1.483240008,16,0.0123457,90.8,30.31,0.5048,137.3999939,3.174999952,531.6560059,432.4750061,187432000,21.98920059,21.98920059,1.84841001,2.041520119,38.48509979,24.29680061,0.444209009,21,12.46560001,0,0,0,4107.049805,2,3226,73,165,123
B2188,0.3305,11.30990028,18,3440,2011,4,3.80746007,51,31,1.18422997,55,3.741660118,16,0.0123457,98.99,37.28,0.5219,236.8999939,-1.133329988,383.0050049,445.8080139,171463008,17.56609917,17.56609917,42.29100037,901.7249756,397.928009,4927.569824,38.56539917,4,25.84420013,17492.90039,34176,249,4440.540039,2,2243,78,194,130
B2189,0.3351,188.1300049,18,3234,2011,0,1.623849988,51,31,1.094849944,55,2.09762001,-1,0.0123457,100.74,36.36,0.7204,251.3000031,1.983330011,457.3439941,525.3049927,168871008,19.16250038,19.16250038,5.029489994,86.95459747,57.43230057,556.8079834,3.930180073,7,42.4980011,56586.19922,1000,2,63.18159866,2,2597,76,162,126
B2190,0.347,222.7089996,18,3421,2011,29,0.833932996,51,31,2.73755002,55,3.37638998,16,-0.172839999,101.08,35.58,0.6487,279,0.958333015,518.0620117,517.0980225,163816000,19.06349945,19.06349945,16.54949951,41.30810165,255.1159973,772.6309814,8.004839897,20,17.91220093,117881,80156.10156,0,18214.5,2,3266,72,213,118
B2191,0.4097,59.03620148,18,3148,2011,15,1.757300019,51,31,1.354159951,55,2.049390078,2,-0.074074097,100.86,36.95,0.7016,415.6000061,0.216666996,507.9249878,498.45401,170516992,15.04889965,15.04889965,74.07959747,5814.97998,641.9329834,5682.709961,47.74629974,122,74.66560364,4000,47507.89844,467,1488670,2,2972,79,206,123
B2192,0.438,11.30990028,18,3440,2011,4,3.80746007,51,31,1.18422997,55,3.741660118,16,0.049382702,98.99,37.28,0.5219,236.8999939,-1.133329988,383.0050049,445.8080139,171463008,17.56609917,17.56609917,42.29100037,901.7249756,397.928009,4927.569824,38.56539917,4,25.84420013,17492.90039,34176,249,4440.540039,2,2243,78,194,130
B2193,0.5549,175.6009979,27,4508,2011,30,2.892139912,45,28,1.009420037,201,2.236069918,16,0,91.45,30.56,0.7925,227.8999939,0.983332992,610.2089844,442.0679932,178152000,18.68059921,18.68059921,4.200530052,70.82969666,159.3390045,234.6139984,2.396650076,4,24.51959991,0,0,3,1395.76001,2,3819,70,225,110
B2194,0.5773,221.1860046,20,3276,2011,130,0.318749011,54,26,3.288609982,206,4.77493,16,0.851852,101.28,37.69,0.8651,354.2000122,-2.325000048,584.9769897,391.5159912,132747000,15.04419994,15.04419994,47.13650131,111.1419983,316.5750122,2076.090088,23.40719986,11,22.80610085,4123.109863,2236.070068,0,506.7869873,2,4103,77,219,115
B2195,0.8119,234.4620056,17,3518,2011,0,0.00844045,44,39,8.5936203,197,10.86279964,16,-0.0123457,101.09,36.44,0.6679,306.6000061,-0.474999994,522.177002,546.9260254,167092992,16.90640068,16.90640068,48.83449936,230.052002,282.8269958,2703.02002,26.55050087,6,24.66349983,31953.09961,1000,3,13166.90039,2,3435,77,205,116
B2196,1.0115,8.27589035,17,3449,2011,0,0.818310022,44,39,8.542699814,197,8.318650246,16,-0.0123457,101.48,36.37,0.7116,322.8999939,-1.583330035,570.3309937,612.6160278,165588992,12.91209984,12.91209984,203.9029999,3509.25,657.007019,15494.40039,118.0289993,4,299.9989929,17262.69922,18027.80078,4,1627030,2,4690,76,202,110
B2197,1.2973,349.1600037,9,3538,2011,109,0.277038008,75,16,7.369440079,198,7.949840069,0,-0.0123457,100.97,35.41,0.7894,340.1000061,0.5,544.3660278,523.0549927,166072992,18.11470032,18.11470032,16.54949951,41.30810165,255.1159973,772.6309814,8.004839897,7,15.14000034,141209,92048.89844,1,9337.80957,2,3771,73,253,117
B2198,1.4595,172.875,20,3189,2011,0,3.820280075,54,26,1.248270035,151,1.949360013,1,0.024691399,101.31,37.61,0.8472,348.7000122,-1.583330035,579.085022,421.651001,138210000,15.28719997,15.28719997,47.13650131,111.1419983,316.5750122,2076.090088,23.40719986,32,17.03630066,7810.25,6324.560059,1,73.71929932,2,4042,76,197,118
B2199,2.385,340.0840149,17,3356,2011,152,9.86021E-05,44,39,5.663780212,197,9,0,0.061728399,101.3,35.8,0.7242,364.5,1.383329988,502.1690063,482.1530151,167684000,17.26280022,17.26280022,16.11980057,50.05889893,232.7539978,759.4829712,8.192749977,1,17.40209961,87965.89844,63000,1,3560.48999,2,3654,80,204,117
B2200,2.4555,54.09030151,9,3442,2011,0,0.484109998,75,16,13.60000038,198,19.88470078,16,0.061728399,99.67,36.78,0.7428,410.8999939,-0.608332992,414.8930054,558.4890137,180026000,13.94779968,13.94779968,8.856519699,85.0102005,97.90589905,668.1149902,5.730649948,2,10.95670033,44283.19922,25238.90039,0,65.00140381,2,3348,79,169,117
B2201,2.7373,172.875,20,3189,2011,0,3.820280075,54,26,1.248270035,151,1.949360013,1,0.283951014,101.31,37.61,0.8472,348.7000122,-1.583330035,579.085022,421.651001,138210000,15.28719997,15.28719997,47.13650131,111.1419983,316.5750122,2076.090088,23.40719986,32,17.03630066,7810.25,6324.560059,1,73.71929932,2,4042,76,197,118
B2202,0.1006,133.0469971,15,4245,2011,0,0.00166626,66,19,9.551930428,201,10.03989983,0,0.283951014,94.25,35.74,0.1284,82.71859741,-1.841670036,305.0350037,401.7369995,160850000,18.0435009,18.0435009,0.068453602,0.106151,0.183209002,1.651829958,0.060688201,0,1.20193994,1000,83678,1,33.54019928,2,1895,75,189,117
B2203,0.1051,194.0359955,10,4563,2011,267,2.683609962,72,18,0.63845098,203,0.894427001,-2,0.283951014,93.74,35.52,0.1705,35,-3.825000048,361.1600037,406.4840088,156580000,12.5703001,12.5703001,2.194570065,7.524119854,30.14859962,113.3389969,1.091249943,4,0.025415899,2000,124680,6,15.13790035,2,1758,78,214,126
B2204,0.1228,254.3580017,15,4652,2011,154,3.650079966,66,19,2.00928998,201,2.190890074,16,0.283951014,92.35,33.99,0.2976,71,-3.625,455.3720093,333.7470093,154960992,12.09319973,12.09319973,1.968000054,34.05160141,4.735750198,190.5220032,2.221709967,3,10.98980045,0,306888,0,76.54260254,2,2205,80,179,124
B2205,0.1511,346.4299927,21,4697,2011,0,0.618462026,32,47,4.609749794,202,4.919350147,1,0.283951014,93.04,35.17,0.2356,44.70000076,-4.341670036,389.3789978,330.3389893,161660000,9.180970192,9.180970192,2.808279991,9.817290306,37.03239822,145.7830048,1.40079999,5,0.0207341,1000,192255,0,412.098999,2,1952,79,175,121
B2206,0.2092,209.5780029,21,4233,2011,0,0.845888019,32,47,3.290430069,202,4.878520012,-1,0.037037,98.23,34.89,0.3586,87.19999695,-3.091670036,445.0840149,367.3299866,136519008,15.43710041,15.43710041,5.673019886,7.703979969,51.22140121,239.1150055,2.620569944,0,0.669193029,233654,0,19,2597.52002,2,2681,79,241,123
B2207,0.2678,25.27770042,13,4800,2011,0,0.756793976,63,24,6.141409874,194,6.526869774,16,-0.271605015,92.89,34.72,0.4515,84.19999695,-5.183330059,432.1380005,306.7179871,155227008,9.246109962,9.246109962,1.365300059,9.841400146,18.21509933,93.58399963,0.774645984,0,0.468674988,0,244076,16,136.9810028,2,3309,76,192,112
B2208,0.4056,169.9920044,29,4282,2011,0,0.492265999,29,42,4.003250122,202,4.33589983,5,-0.271605015,98.21,34.92,0.3237,159.3939972,-3.291670084,455.1270142,367.3299866,142983008,16.3810997,16.3810997,5.673019886,7.703979969,51.22140121,239.1150055,2.620569944,0,0.713333011,230080,4000,171,2597.52002,2,2719,78,243,120
B2209,0.4149,293.6289978,15,4643,2011,0,0.86185801,66,19,2.702389956,201,2.569050074,16,-0.271605015,92.61,34.37,0.3303,55,-3.549999952,436.571991,338.7969971,165096992,13.85439968,13.85439968,0.268166989,4.472310066,1.822860003,27.10140038,0.257737994,1,0.467337012,1000,292330,2,81.1875,2,2221,79,186,118
B2210,0.4889,18.43490028,15,4208,2011,0,3.741480112,66,19,0.244843006,201,0.447214007,-2,-0.271605015,99.01,35.29,0.2037,65.69999695,-4.949999809,472.1690063,346.8559875,140442000,13.05490017,13.05490017,0.366160005,1.072049975,3.291690111,18.02680016,0.179343998,1,0.349684,174003,0,0,451.8190002,2,2657,78,261,122
B2211,2.2217,232.8529968,21,4648,2011,154,0.877578974,47,32,3.202169895,193,3.794729948,16,0.0123457,97.88,34.28,0.6279,131.8000031,-6.349999905,565.7490234,378.2229919,119727000,8.110420227,8.110420227,1.789590001,4.466169834,16.13990021,84.65090179,0.862083972,32,0.339450002,312252,0,0,0.22462,2,3850,73,310,112
B2212,0.1118,260.394989,21,4774,2011,0,0.237479001,47,32,5.09085989,193,5.692100048,16,-0.222222,91.66,30.94,0.4491,113.5,-1.950000048,652.315979,411.8930054,168300000,15.58959961,15.58959961,6.988279819,28.46249962,290.8829956,156.4380035,2.019229889,5,2.222389936,0,0,4,4027.320068,2,3454,73,255,113
B2213,0.1226,270,13,4495,2011,133,5.325799942,63,24,0.464549989,194,1.549190044,16,-0.222222,92.02,31.45,0.5995,163.5,0.200000003,625.3259888,485.8320007,181024992,18.69239998,18.69239998,7.605169773,78.1529007,316.0369873,293.6799927,3.235899925,13,7.255469799,1000,5000,1392,57848.89844,2,3223,75,212,118
B2214,0.2781,16.38949966,21,4667,2011,0,1.951879978,47,32,1.371739984,193,1.949360013,16,-0.222222,97.6,34.06,0.6238,125,-6.324999809,600.7960205,324.3999939,109968000,9.13833046,9.13833046,1.216259956,2.087579966,10.76039982,52.89390182,0.569934011,3,3.167030096,326069,1000,0,1.47874999,2,4027,72,300,112
B2215,0.479,72.09559631,9,4151,2011,0,3.02152E-07,75,16,5.273930073,198,12.9769001,0,-0.222222,95.8,34.01,0.5428,125.6999969,-0.508333027,467.7479858,405.730011,137654000,15.99400043,15.99400043,0.69077599,8.625849724,8.974089622,63.64429855,0.459903985,0,0.632541001,240919,115122,0,17056.19922,2,4224,74,248,115
B2216,0.6272,213.6900024,21,4908,2011,189,0.174973994,47,32,4.457640171,196,5.848080158,0,-0.222222,91.72,32.18,0.7486,167,-3.608330011,622.1030273,405.6499939,162406000,15.53149986,15.53149986,1.577669978,52.38999939,98.27819824,155.5630035,1.467479944,2,0.965398014,8485.280273,90802,9,42.49409866,2,4740,72,207,109
B2217,0.7703,42.43619919,21,4597,2011,0,0.949837983,47,32,7.303890228,193,11.35779953,0,-0.222222,92.62,31.77,0.6497,148.6000061,-2.058330059,703.7269897,345.9580078,118793000,13.10239983,13.10239983,4.36097002,23.46769905,161.0370026,112.1019974,1.390300035,6,2.730580091,64350.60156,69641.89844,0,0,2,4343,70,266,106
B2218,0.7996,108.4349976,27,4583,2011,125,3.785459995,45,28,0.734493971,126,0.774596989,16,-0.222222,92.41,31.69,0.7496,203.8000031,-0.983332992,673.2150269,419.1270142,149708000,16.84210014,16.84210014,1.737020016,12.47480011,70.5042038,53.00910187,0.620736003,26,1.839509964,43600.5,48826.19922,1,2594.090088,2,4072,71,248,113
B2219,0.9312,93.81410217,21,4069,2011,0,1.825240016,47,32,2.326679945,193,4.753950119,0,-0.222222,99.88,33.96,0.6734,220.3999939,-1.725000024,621.1929932,433.8580017,140451008,15.22290039,15.22290039,6.012300014,4.934010029,67.60410309,241.0970001,2.686779976,4,2.492810011,337083,62769.39844,253,20366.59961,2,4435,69,301,114
B2220,0.9553,187.6959991,13,4508,2011,30,0.0118182,63,24,8.607150078,194,8.706319809,16,-0.222222,96.28,33.32,0.6549,184.1999969,-3.474999905,628.8460083,369.6130066,120924000,15.14900017,15.14900017,8.12308979,27.82250023,46.0265007,413.7579956,4.09552002,4,3.859270096,329565,80498.39844,2,2307.850098,2,5206,72,292,107
B2221,1.3663,325.3049927,5,5116,2011,283,0.258080006,57,38,1.224040031,196,1.095450044,-2,-0.222222,91.86,32.58,0.6096,117.9000015,-6.091670036,636.3010254,365.1440125,141792000,11.57830048,11.57830048,2.240799904,40.14419937,161.9559937,131.3249969,1.330299973,8,0.564979017,27294.69922,136092,0,56.43780136,2,3728,74,232,114
B2222,1.481,40.00630188,21,4254,2011,50,0.00611958,47,32,11.17730045,193,14.93319988,1,-0.222222,100.25,34.24,0.7843,239.3000031,-3.849999905,678.6530151,418.0570068,133027000,11.82359982,11.82359982,10.04559994,18.22389984,110.8320007,445.8500061,4.703179836,2,10.34389973,294109,18681.5,3,25140.80078,2,4631,72,303,110
B2223,1.5955,234.904007,21,4161,2011,261,0.445735991,47,32,6.968170166,193,8.50881958,-3,-0.222222,99.83,33.94,0.8067,219.8999939,-2.816669941,643.6699829,435.1019897,143303008,12.77859974,12.77859974,6.012300014,4.934010029,67.60410309,241.0970001,2.686779976,6,1.675629973,341321,67416.60156,4,4141.439941,2,4959,71,300,111
B2224,0.1183,315,29,1358,2008,113,5.985849857,42,29,0.218995005,130,0.447214007,0,-0.222222,115.8333,41.8667,0.7964,395.7000122,3.483330011,314.70401,437.0320129,156963008,16.99480057,16.99480057,66.15789795,200.5529938,432.8900146,2380.820068,33.28419876,8,36.03359985,16278.7998,37107.89844,551,4057.98999,2,2835,83,222,133
B2229,1.2745,315,29,1358,2006,113,5.985849857,42,29,0.218995005,130,0.447214007,0,-0.222222,115.8333,41.8667,0.7964,395.7000122,3.483330011,314.70401,437.0320129,156963008,16.99480057,16.99480057,66.18759918,184.8320007,397.276001,66.18759918,32.26169968,8,22.37529945,16278.7998,37107.89844,334,4285,2,2835,83,222,133
B2233,0.8927,40.42610168,29,1181,2011,0,0.047472,39,32,5.475659847,46,5.674499989,16,-0.222222,118.7404,44.2174,0.8449,384.3999939,2.116669893,486.9140015,393.4639893,149812000,8.623470306,8.623470306,37.41500092,343.2030029,91.8852005,1721.959961,20.48110008,0,28.44589996,8062.259766,109293,0,303.9719849,2,5227,66,226,115
B2234,0.9498,181.3320007,27,1095,2011,151,0.600040972,43,30,3.326509953,47,3.224900007,16,-0.222222,118.4223,44.2757,0.8046,355.3999939,2.158329964,439.1470032,410.6849976,147251008,10.08850002,10.08850002,25.3409996,77.96469879,188.7960052,1045.689941,13.7439003,3,35.73249817,13453.59961,114843,0,491.4500122,2,4371,72,251,119
B2235,1.1498,26.56509972,29,1124,2011,0,0.099789999,39,32,7.57336998,46,8.12403965,16,-0.222222,118.6996,44.2295,0.7797,425.7999878,2.441669941,464.2000122,393.4639893,146626000,11.09739971,11.09739971,37.41500092,343.2030029,91.8852005,1721.959961,20.48110008,0,30.53879929,4123.109863,109659,0,1181.97998,2,4210,73,243,113
B2236,1.2238,282.3110046,29,1808,2011,0,3.78009E-09,39,32,23.00749969,46,25.66710091,16,-0.222222,118.7486,44.1945,0.8717,369.6000061,0.316666991,568.4310303,393.0020142,148563008,6.117640018,6.117640018,37.41500092,343.2030029,91.8852005,1721.959961,20.48110008,0,28.7859993,8602.330078,106231,0,303.9719849,2,6051,66,247,111
B2237,1.3857,288.605011,29,1880,2011,183,6.38147E-09,39,32,16.06769943,46,18.64940071,-1,-0.222222,118.7488,44.1944,0.8017,369.6000061,0.316666991,568.4310303,393.0020142,148563008,6.117640018,6.117640018,37.41500092,343.2030029,91.8852005,1721.959961,20.48110008,0,28.7859993,8602.330078,106231,0,303.9719849,2,6051,66,247,111
B2238,1.4356,13.2986002,22,1118,2011,0,0.56944102,47,31,8.684490204,142,9.295160294,16,-0.222222,118.6934,44.2316,0.7946,373.3999939,2.349999905,468.946991,393.4639893,146626000,10.8888998,10.8888998,37.41500092,343.2030029,91.8852005,1721.959961,20.48110008,0,30.53879929,4123.109863,109659,2,1181.97998,2,4210,73,243,113
B2239,0.266,231.6130066,21,4261,2011,211,0.00067905,47,32,14.8689003,193,19.41650009,0,-0.222222,99.6786,33.8637,0.7383,213.1000061,-2.066669941,646.2960205,431.6940002,145091008,16.91320038,16.91320038,20.62100029,47.13759995,177.1190033,951.4169922,9.941929817,2,2.670209885,350087,82419.70313,6,14064.09961,2,4635,72,312,109
B2240,0.3711,326.3099976,17,3717,2011,0,2.988460064,44,39,0.558314025,197,1.095450044,1,-0.222222,100.22,34.49,0.6362,189.8999939,-0.033333302,544.5939941,465.0580139,146891008,18.76429939,18.76429939,24.22999954,308.2210083,185.9850006,2116.909912,16.84070015,17,22.92499924,267088,2828.429932,952,35396,2,4655,71,247,116
B2241,1.3294,42.73519897,21,4151,2011,0,0.132597998,47,32,18.70249939,193,20.40589905,0,-0.222222,99.8084,33.5307,0.7531,233.3000031,-1.708330035,697.3759766,444.3699951,144024000,13.78820038,13.78820038,3.307859898,6.731870174,26.59320068,150.4340057,1.55606997,1,0.228568003,366838,95189.29688,4,0,2,4954,69,315,110
B2242,0.9,176.6340027,20,3189,2009,0,3.836590052,54,26,1.318300009,206,2.863559961,1,-0.222222,101.308,37.6102,0.8675,354.1000061,-1.283329964,558.4119873,427.29599,151856000,16.80929947,16.80929947,42.77569962,87.88829803,318.4750061,1793.660034,20.28059959,45,17.16539955,8602.330078,7071.069824,3,70.17669678,2,4042,76,197,119
B2243,1.5362,235.3049927,17,3229,2009,0,0.173323005,44,39,2.446959972,197,2.607680082,16,-0.222222,101.1777,37.6675,0.8497,338.2000122,-0.75,552.9249878,405.7890015,151662000,17.82789993,17.82789993,42.77569962,87.88829803,318.4750061,1793.660034,20.28059959,27,18.56839943,12530,9219.540039,2,809.690979,2,3138,78,212,126
B2244,1.8466,208.6100006,9,3421,2009,29,0.081915699,75,16,1.93956995,127,2.09762001,16,0.345678985,100.9646,37.939,0.8014,366.2000122,-3.049999952,544.9219971,371.1940002,144995008,17.84790039,17.84790039,4.302939892,20.87479973,101.6259995,241.6349945,2.393130064,2,8.041729927,22803.5,1000,1,3562.98999,2,2860,77,218,124
B2245,0.031,236.3099976,17,3957,2009,0,1.57791996,44,39,2.232199907,197,2.44949007,16,1.296300054,100.4935,34.3667,0.6796,249,-1.116670012,648.1259766,439.1159973,122435000,15.36499977,15.36499977,3.758699894,8.015390396,54.70650101,167.220993,1.735489964,19,10.00769997,273123,0,3,893.8410034,2,4546,72,266,112
B2246,0.4655,54.46229935,17,3744,2009,0,1.94630003,44,39,1.997339964,197,1.843909979,16,0.987653971,100.2062,34.4644,0.8069,280.6000061,0.275000006,605.552002,433.8089905,128337000,14.80420017,14.80420017,20.21870041,168.4929962,190.0740051,1596.560059,13.5326004,14,19.81150055,270248,0,747,29647.59961,2,4457,73,268,114
B2247,2.6379,239.0359955,21,4072,2009,99,0.321794003,47,32,3.607000113,193,4.218999863,1,-0.69135797,99.9042,33.5735,0.8011,253.3999939,-0.733332992,710.4899902,439.7739868,111219000,14.00220013,14.00220013,2.855149984,6.336019993,27.19129944,128.0310059,1.328920007,11,0.801877022,360967,85755.5,3,14108.2002,2,4997,70,336,110
B2248,3.4448,53.13010025,21,4424,2009,137,5.984340191,47,32,0.77421999,193,2.932579994,0,-0.148148,97.1608,33.8298,0.699,208.1999969,-3.308330059,645.4979858,358.0329895,114405000,13.38510036,13.38510036,13.45030022,49.52109909,67.00849915,711.3010254,7.15707016,10,2.024240017,320989,0,0,154.7810059,2,3879,73,295,120
B2249,0.041,124.9469986,43,355,2010,0,1.76292E-06,24,33,23.12229919,104,26.27930069,10,0.037037,108.32,24.74,0.7194,963.2000122,19.58329964,1456.369995,931.1920166,125075000,24.3220005,24.3220005,198.8500061,556.375,840.0130005,7644.850098,67.0759964,11,67.09829712,5000,7000,258,34947.69922,2,2215,58,193,122
B2250,0.2273,39.80559921,43,282,2010,0,0.950321972,24,33,4.826330185,104,8.93307972,16,0.493826985,108.33,24.74,0.8615,1167.800049,19.81669998,1451.27002,931.1920166,125075000,24.17860031,24.17860031,198.8500061,556.375,840.0130005,7644.850098,67.0759964,25,67.09829712,5000,7071.069824,29,34947.69922,2,2412,58,182,124
B2251,0.5111,116.5650024,22,1250,2006,0,5.077439785,48,30,0.346258998,57,1,16,0.530864,116.6358,43.4092,0.391,202.6999969,2.041670084,349.3760071,516.4609985,143135008,13.45470047,13.45470047,6.973340034,75.0963974,35.23720169,6.973340034,7.149240017,3,53.65679932,41048.80078,9899.5,2,845.5999756,2,2711,81,218,136
B2252,0.56,23.19860077,18,1261,2006,0,1.279129982,51,31,2.357330084,55,2.607680082,-1,0.0123457,116.6517,43.5594,0.4138,203.5,2.233330011,342.92099,405.355011,143399008,13.83959961,13.83959961,15.84259987,166.9929962,83.63269806,15.84259987,16.92210007,1,50.55989838,36000,2828.429932,1,11535.7002,2,2833,79,219,132
B2253,0.7111,6.8427701,18,1232,2006,61,3.591320038,51,31,1.948799968,55,3.193739891,1,-0.037037,116.6703,43.5631,0.396,212.5,2.208329916,334.2229919,405.355011,143399008,13.68879986,13.68879986,15.84259987,166.9929962,83.63269806,15.84259987,16.92210007,2,50.96419907,37000,1414.209961,3,11535.7002,2,2673,80,216,135
B2254,0.7644,353.3670044,18,1268,2006,0,3.701469898,51,31,3.347970009,55,3.549649954,16,-0.037037,116.6722,43.5517,0.5057,207.1000061,2.183330059,338.4389954,405.355011,143399008,13.33650017,13.33650017,15.84259987,166.9929962,83.63269806,15.84259987,16.92210007,2,50.71649933,38000,1000,2,11535.7002,2,2800,79,222,129
B2255,0.7778,284.743988,18,1256,2006,0,3.807359934,51,31,1.520840049,55,2.144759893,16,-0.074074097,116.6689,43.5517,0.5423,207.1000061,2.150000095,338.4389954,405.355011,143399008,13.33650017,13.33650017,15.84259987,166.9929962,83.63269806,15.84259987,16.92210007,1,50.71649933,37000,2000,2,11535.7002,2,2800,79,222,129
B2256,0.7867,195.2550049,18,1272,2006,40,3.928989887,51,31,1.76504004,55,2.323790073,16,0.197531,116.6722,43.55,0.5057,218.3000031,2.158329964,338.4389954,427.0950012,143399008,13.33650017,13.33650017,15.84259987,166.9929962,83.63269806,15.84259987,16.92210007,2,50.71649933,38000,1000,2,11535.7002,2,2800,79,222,129
B2257,0.8489,13.57040024,22,1206,2006,0,1.933310032,46,32,2.308609962,152,2.323790073,16,-0.222222,116.7386,43.5972,0.5198,245.6999969,2.183330059,331.375,405.355011,143412000,13.66240025,13.66240025,12.7816,106.348999,59.69319916,12.7816,9.974720001,1,51.20479965,41303.80078,4123.109863,0,11535.7002,2,2889,80,202,127
B2258,0.8844,324.4620056,18,1266,2006,4,3.96310997,51,31,0.666019976,55,1.673320055,16,0.481480986,116.6667,43.5442,0.4512,211.3000031,2.091670036,340.1159973,427.0950012,145299008,13.33650017,13.33650017,15.84259987,166.9929962,83.63269806,15.84259987,16.92210007,2,51.00260162,37000,2000,2,11535.7002,2,2800,79,222,134
B2259,0.0907,194.6210022,14,1280,2009,0,0.00149477,54,32,17.8076992,92,21.29319954,-2,-0.358025014,109.35,36.87,0.628,297.8999939,10.25,545.6079712,501.7730103,162036000,19.60029984,19.60029984,116.5339966,405.2659912,299.3710022,4995.060059,68.01270294,20,195.1750031,9848.860352,2236.070068,862,1415.949951,2,1517,84,190,125
B2260,0.1438,288.4349976,7,251,2006,0,4.855130196,80,13,0.734493971,101,1.949360013,16,-1.172839999,122.22,42.79,0.7985,307,7.449999809,365.6730042,467.6799927,151147008,14.96350002,14.96350002,103.0029984,158.253006,613.0419922,103.0029984,37.00540161,12,38.8791008,7211.100098,16401.19922,19,369.1130066,2,1907,76,227,141
B2261,0.0537,195.6419983,17,2875,2010,0,1.819740057,44,39,2.00928998,197,2.44949007,1,-0.716049016,98,39.1833,0.2197,64.59999847,-0.483332992,304.946991,436.9819946,156852000,18.42790031,18.42790031,0.422215998,7.448820114,5.409200191,44.34270096,0.351761997,13,12.15180016,16763.09961,71589.10156,11,236.647995,2,1649,78,174,127
B2262,0.1709,8.498559952,17,3484,2010,2,0.325477988,44,39,6.779099941,197,7.655059814,16,-0.086419798,98.2333,39.1,0.4939,141.1000061,-4.791669846,408.0379944,323.0379944,150848000,9.064310074,9.064310074,0.931649029,8.043470383,13.42090034,62.5082016,0.596771002,4,5.717569828,35383.60156,69462.20313,4,9045.839844,2,2522,76,198,119
B2263,0.1935,349.4179993,17,2994,2010,0,0.936307013,53,30,7.130680084,36,9.518400192,3,-0.234568,99.8167,38.8,0.723,388.2000122,-2.983330011,428.5440063,470.4859924,154816992,10.27509975,10.27509975,4.485189915,13.90030003,66.09259796,191.352005,2.35206008,6,7.461060047,44553.30078,42450,3,0.318313003,2,3272,77,238,118
B2264,0.2089,31.7989006,18,2898,2010,224,0.134251997,51,31,9.034440041,55,11.1534996,-2,0.197531,99.9,38.8167,0.6143,316.3999939,-1.233330011,419.5580139,468.6849976,155223008,14.80189991,14.80189991,4.485189915,13.90030003,66.09259796,191.352005,2.35206008,5,9.542460442,38183.80078,36069.39844,2,0.318313003,2,2978,75,226,118
B2265,0.3816,248.6289978,17,3060,2010,10,0.0016598,53,30,11.32400036,36,12.84519958,2,0.419752985,99.8,38.7667,0.7091,380.6000061,-3.608330011,413.1830139,470.4859924,153091008,9.59305954,9.59305954,4.485189915,13.90030003,66.09259796,191.352005,2.35206008,6,6.406380177,48083.30078,45967.39844,0,0.318313003,2,3294,76,207,117
B2266,1.96,240.6799927,17,3056,2003,144,0.101488002,44,39,6.455160141,197,6.587870121,16,0.049382702,101.25,37.5333,0.8179,305.7999878,-0.466666996,580.8129883,425.5329895,136024000,15.89140034,15.89140034,82.42990112,228.6790009,508.631012,4222.430176,37.98270035,4,8.014100075,15811.40039,15556.2998,0,389.1870117,2,3224,79,185,123
B2268,0.0528,204.3699951,18,1412,2010,0,0.00197809,51,31,9.84692955,55,10.89949989,-2,-0.246913999,116.31,42.17,0.4382,263,2.849999905,478.5780029,433.8900146,140232992,16.12400055,16.12400055,239.4140015,1865.050049,1107.680054,17426,155.0310059,12,75.67469788,3605.550049,47423.60156,5,695.0209961,2,2539,81,217,133
B2269,0.1756,6.340189934,7,1281,2010,0,6.04005003,80,13,0.701093972,101,1.095450044,16,-0.382716,115.89,43.11,0.4292,158,1.225000024,365.0409851,349.2770081,131704000,12.81620026,12.81620026,6.569069862,14.58790016,50.71730042,233.9019928,3.867909908,0,23.52890015,11000,10198,5,166.2689972,2,2442,82,196,139
B2270,1.0433,225,7,1277,2010,163,6.649730206,80,13,0.985383987,101,1.612450004,-3,-0.69135797,115.25,42.78,0.4915,109.5,2.291670084,358.2659912,327.5,132048000,16.89920044,16.89920044,13.98690033,19.54470062,83.95809937,483.2919922,7.38146019,3,26.88220024,36715.10156,43174.10156,14,52.62480164,2,2542,82,165,142
B2271,1.1694,350.6900024,19,1594,2010,0,0.431293994,58,23,9.484560013,54,12.34500027,-1,-0.493826985,115.23,41.98,0.6002,257.7999878,2.258330107,499.9410095,428.1430054,143762000,12.72789955,12.72789955,107.2779999,199.3240051,269.2059937,4198.910156,51.79439926,7,70.44509888,32557.59961,3162.280029,2,21223.40039,2,3269,80,230,121
B2272,0.5752,293.4769897,14,1885,2012,3,0.000297072,54,32,8.298549652,92,10.59249973,3,-0.45679,106.37,36.18,0.5286,271.1000061,6.841670036,468.5050049,534.0109863,151552000,18.30260086,18.30260086,151.9100037,1383.089966,625.4760132,7868.029785,84.88770294,37,192.5590057,9219.540039,14317.7998,2,491.6919861,2,2124,82,248,126
B2273,0.5752,233.1300049,14,1920,2012,0,0.000593951,54,32,12.20049953,92,14.90639973,1,0.209876999,106.42,36.26,0.6367,298.3999939,6.775000095,476.9649963,521.1619873,153524992,18.89380074,18.89380074,151.9100037,1383.089966,625.4760132,7868.029785,84.88770294,85,170.246994,16970.59961,21023.80078,2,2122.639893,2,2295,82,276,128
B2274,0.5889,178.9389954,14,1787,2012,83,0.185720995,54,32,8.304869652,92,8.843079567,16,0.444444001,106.39,36.21,0.5712,315.2999878,7.066669941,459.8540039,534.0109863,151924992,18.70490074,18.70490074,151.9100037,1383.089966,625.4760132,7868.029785,84.88770294,29,167.6959991,11180.2998,16155.5,0,491.6919861,2,2114,82,224,128
B2275,0.6163,281.6109924,14,1824,2012,177,0.0126986,54,32,5.750850201,92,11.6789999,16,-0.419752985,106.36,36.18,0.5379,300.6000061,6.983329773,456.7120056,534.0109863,151552000,18.19099998,18.19099998,151.9100037,1383.089966,625.4760132,7868.029785,84.88770294,37,186.7619934,8246.209961,13341.7002,3,491.6919861,2,2057,82,213,127
B2276,0.6163,53.74620056,14,1872,2012,0,0.444182992,54,32,8.576680183,92,9.011099815,16,-0.802469015,106.39,36.17,0.5598,284.7999878,7.066669941,473.0230103,534.0109863,151552000,18.69989967,18.69989967,151.9100037,1383.089966,625.4760132,7868.029785,84.88770294,43,206.223999,8000,16124.5,2,2122.639893,2,2301,82,269,127
B2277,0.6711,280.5610046,14,1940,2012,0,0.013782,54,32,4.636750221,92,5.176869869,16,-0.444444001,106.43,36.28,0.6133,336,6.699999809,478.7449951,521.1619873,153524992,18.11689949,18.11689949,44.86660004,1249.969971,149.4309998,4976.040039,42.51129913,69,156.7720032,18439.09961,22825.40039,0,7608.680176,2,2178,82,212,128
B2278,0.7533,216.3470001,14,1829,2012,88,0.0056289,54,32,10.08430004,92,11.6704998,0,-0.54321003,106.44,36.27,0.5643,339.6000061,6.908329964,469.8590088,521.1619873,153524992,19.09029961,19.09029961,151.9100037,1383.089966,625.4760132,7868.029785,84.88770294,12,188.9730072,17029.40039,23259.40039,3,7608.680176,2,2236,82,218,129
B2279,0.8628,31.80940056,14,1755,2012,165,0.888439,54,32,7.160260201,92,10.84440041,16,0.111111,106.41,36.18,0.5459,356.2000122,7.383329868,467.151001,534.0109863,152368000,19.15209961,19.15209961,151.9100037,1383.089966,625.4760132,7868.029785,84.88770294,69,174.7859955,9000,17262.69922,3,2122.639893,2,2314,82,236,127
B2280,0.945,29.96220016,14,1831,2012,81,0.517322004,54,32,7.552460194,92,8.234080315,16,0.580246985,106.42,36.23,0.6592,301.3999939,7.150000095,470.9660034,534.0109863,153047008,18.81040001,18.81040001,151.9100037,1383.089966,625.4760132,7868.029785,84.88770294,29,179.1600037,14142.09961,20124.59961,5,2122.639893,2,2242,82,224,128
B2281,1.0409,5.029069901,14,1868,2012,177,4.61436E-05,54,32,9.624190331,92,11.77289963,16,-1.037039995,106.34,36.27,0.5445,290.2000122,6.650000095,461.4370117,512.1149902,151796992,18.40130043,18.40130043,151.9100037,1383.089966,625.4760132,7868.029785,84.88770294,13,168.404007,11313.7002,15000,5,1544.709961,2,1955,82,249,129
B2282,1.2052,280.5610046,14,1940,2012,0,0.013782,54,32,4.636750221,92,5.176869869,16,0.024691399,106.43,36.28,0.6133,336,6.699999809,478.7449951,521.1619873,153524992,18.11689949,18.11689949,44.86660004,1249.969971,149.4309998,4976.040039,42.51129913,69,156.7720032,18439.09961,22825.40039,0,7608.680176,2,2178,82,212,128
B2283,1.3285,56.19509888,14,1774,2012,149,0.525501013,54,32,10.59329987,92,12.45790005,16,-0.345678985,106.43,36.18,0.5262,300.7000122,7.466670036,466.2829895,534.0109863,152368000,19.76720047,19.76720047,151.9100037,1383.089966,625.4760132,7868.029785,84.88770294,37,174.9530029,9000,19235.40039,0,2122.639893,2,2273,82,232,127
B2284,1.3422,42.13759995,14,1780,2012,176,0.88745302,54,32,10.83250046,92,12.86079979,16,0.135802001,106.44,36.21,0.5001,307.6000061,7.25,468.743988,534.0109863,153047008,20.6595993,20.6595993,151.9100037,1383.089966,625.4760132,7868.029785,84.88770294,18,167.378006,11313.7002,21189.59961,3,2122.639893,2,2129,82,229,126
B2285,1.397,207.5319977,14,1777,2012,0,3.27619E-06,54,32,15.98700047,92,20.5814991,16,0.024691399,106.38,36.19,0.4348,265,7.050000191,460.5130005,534.0109863,151552000,18.42219925,18.42219925,151.9100037,1383.089966,625.4760132,7868.029785,84.88770294,17,173.3110046,10049.90039,15524.2002,6,491.6919861,2,1944,82,221,127
B2286,0.153,341.5650024,29,477,2007,0,5.872819901,42,29,0.489677995,158,0.774596989,16,0.83950597,87.9333,44.2833,0.753,117.8000031,8.258330345,331.6019897,242.1190033,152300992,15.60990047,15.60990047,23.68639946,94.8368988,250.7400055,1066.900024,16.10989952,12,130.3309937,16000,18000,696,8410.570313,2,1581,84,170,138
B2287,0.0279,15.25510025,8,139,2011,42,8.786100388,85,7,0.88273102,102,2.828429937,0,-0.382716,123.5167,44.55,0.5958,165.5,6.316669941,374.3510132,504.3789978,136508000,13.10809994,13.10809994,84.49700165,261.5549927,408.321991,2870.070068,33.01079941,2,180.326004,13038.40039,26248.80078,0,4350.490234,2,2597,80,247,133
B2292,0.1118,243.4349976,7,360,2002,93,6.522409916,80,13,1.384780049,101,1.612450004,16,0.098765403,120.7333,42.9167,0.2896,155.8999939,8.024999619,312.8540039,348.4809875,141599008,19.00959969,19.00959969,76.38690186,167.1329956,295.6369934,2831.350098,32.15190125,24,24.89570045,2236.070068,11180.2998,0,358.506012,2,2057,79,206,141
B2296,0.0197,153.4349976,19,1237,2005,0,6.482689857,58,23,0.346258998,54,1,16,-0.296296,115.43,42.45,0.3473,138.1999969,3.958329916,247.9609985,356.7260132,146530000,16.72559929,16.72559929,16.02930069,52.38510132,78.62280273,650.8759766,8.313150406,4,7.130149841,1000,24351.59961,0,476.8739929,2,2502,83,194,140
B2297,0.0633,135,7,1276,2005,65,5.912040234,80,13,1.094849944,101,1.732049942,1,-0.444444001,116.82,43.21,0.4248,238.8000031,1.916669965,289.9110107,430.572998,144072000,13.54930019,13.54930019,39.84899902,104.6110001,201.4360046,1551.560059,19.34770012,8,9.794569969,16124.5,21840.30078,1,5903.720215,2,2657,82,217,136
B2298,0.3144,201.8009949,7,1300,2005,0,6.643549919,80,13,0.833853006,101,1.483240008,16,0.962962985,115.78,42.79,0.475,215.8000031,2.450000048,252.9799957,390.7380066,142046000,14.06830025,14.06830025,16.82550049,88.40769958,70.88909912,812.3850098,11.1480999,4,13.27070045,13601.5,4123.109863,0,188.2409973,2,2457,82,206,137
B2299,1.1441,48.81409836,18,1290,2005,149,2.799989939,51,31,1.645660043,50,2.645750046,16,-0.703704,116.89,43.88,0.4642,257,1.041669965,270.8580017,373.8829956,141126000,14.25259972,14.25259972,22.16119957,25.17910004,116.7949982,685.309021,9.578749657,2,34.5802002,55226.80078,29410.90039,1,13.72529984,2,2733,80,218,130
B2300,0.463,270,33,197,2007,57,8.695590019,32,35,0.77421999,41,1.183220029,16,0.629630029,126.6333,47.4333,0.8869,264.2000122,4.041669846,378.0409851,533.8339844,140059008,12.19330025,12.19330025,290.5740051,312.980011,846.4329834,7639,84.16519928,846,79.17420197,22203.59961,16552.90039,427,11064.5,2,3671,68,251,107
B2301,0.8468,170.5379944,20,2752,2007,0,3.317019939,54,26,1.883200049,206,1.897369981,16,-0.123457,83.3718,42.9056,0.3984,206.3999939,-2.341670036,644.3300171,375.8569946,114485000,14.66600037,14.66600037,5.337299824,5.32404995,44.23410034,164.2030029,2.248980045,3,9.352069855,90471,68476.29688,0,83.07119751,2,3217,75,256,130
B2302,2.1669,198.4349976,21,2960,2007,113,2.88045001,47,32,0.244843006,193,0.774596989,0,-0.098765403,83.1862,42.9143,0.6466,302.3999939,-2.766669989,694.8850098,388.4849854,111037000,13.09459972,13.09459972,1.898069978,1.893360019,15.73069954,58.39479828,0.799786985,1,9.595159531,89022.5,73246.20313,2,78.59600067,2,4071,75,323,123
B2303,2.1998,137.6430054,21,3287,2007,172,0.000643741,47,32,7.088550091,193,9.262829781,0,-0.098765403,83.0434,42.916,0.7073,314.6000061,-4.358329773,743.8759766,382.3519897,109027000,6.707499981,6.707499981,1.898069978,1.893360019,15.73069954,58.39479828,0.799786985,1,10.04500008,87823.70313,77620.89844,0,31.8234005,2,4486,74,253,118
B2304,2.3274,131.8200073,22,3161,2007,103,1.916309953,46,32,1.973219991,152,2.683279991,0,-0.098765403,83.0503,42.9076,0.6978,308.8999939,-4.033329964,732.4650269,387.0570068,109027000,5.789999962,5.789999962,1.898069978,1.893360019,15.73069954,58.39479828,0.799786985,2,10.06620026,86977,78339,1,31.8234005,2,4004,75,263,118
B2305,2.5196,113.3560028,22,3058,2007,0,0.068192698,46,32,7.380569935,152,9.486829758,-1,-0.098765403,83.1121,42.9078,0.6901,299.7999878,-3.866669893,717.15802,387.0570068,110495000,4.945829868,4.945829868,1.898069978,1.893360019,15.73069954,58.39479828,0.799786985,3,9.886190414,87664.10156,76844,0,31.8234005,2,2929,76,260,121
B2306,2.6337,162.3000031,21,2853,2007,73,3.474999905,47,32,3.814249992,193,4.31276989,1,-0.098765403,83.2714,42.9249,0.5511,237,-2.358330011,673.3099976,384.3940125,112763000,15.25030041,15.25030041,1.898069978,1.893360019,15.73069954,58.39479828,0.799786985,4,13.50730038,90757.89844,69634.79688,0,78.59600067,2,3406,75,252,127
B2307,0.6492,45,13,2554,2007,13,3.701050043,68,19,0.437983006,205,1.732049942,16,-0.098765403,83.593,42.8901,0.6037,205.3999939,-2.041670084,579.2730103,375.8900146,121160000,15.59920025,15.59920025,5.337299824,5.32404995,44.23410034,164.2030029,2.248980045,5,8.878170013,94578,64031.19922,0,116.8509979,2,3357,75,257,133
B2308,0.7105,123.6900024,20,2655,2007,0,3.840049982,54,26,0.558314025,206,1.673320055,1,-0.098765403,83.4788,42.8937,0.5715,212.8999939,-2.358330011,619.0219727,374.5929871,117877000,14.30970001,14.30970001,5.337299824,5.32404995,44.23410034,164.2030029,2.248980045,5,9.050499916,92179.20313,66850.60156,0,83.07119751,2,3166,76,260,132
B2309,0.7402,103.3919983,13,2471,2007,210,4.838170052,68,19,1.670940042,205,3.549649954,16,-0.098765403,83.7031,42.8801,0.6606,225.1000061,-1.683330059,551.9349976,380.6839905,124892000,13.37010002,13.37010002,9.957320213,31.59530067,79.84279633,421.6140137,4.964550018,3,8.720029831,97616.60156,61057.39844,2,18.40589905,2,4063,76,270,128
B2310,0.9205,332.7160034,13,4788,2008-2009,37,0.160510004,63,24,8.219479561,194,9.899499893,2,-0.098765403,92.8959,34.7266,0.51425,88.29999924,-4.895835161,489.2234955,346.3589935,150772000,7.869375229,7.869375229,1.20015502,9.226025105,18.94804955,86.31529999,0.741303504,1,0.551652014,1000,242687,14,126.2975044,2,3048,78,166,111
B2312,0.8673,332.7160034,13,4788,2009,37,0.160510004,63,24,8.219479561,194,9.899499893,2,-0.098765403,92.8959,34.7266,0.5204,91.69999695,-4.425000191,540.1669922,335.8479919,147932992,7.657360077,7.657360077,1.205410004,9.024100304,18.61899948,85.15570068,0.722485006,1,0.563049018,1000,242687,0,124.4000015,2,3048,78,166,111
B2315,0.5946,326.3099976,18,1073,2010,0,4.964320183,51,31,0.558314025,55,0.774596989,16,-0.098765403,116.45,44.2,0.3837,197.8000031,1.524999976,284.7229919,340.321991,139878000,14.49040031,14.49040031,9.482899666,67.16539764,54.25970078,431.7990112,8.348420143,1,68.83480072,28844.40039,43324.39844,2,129.1820068,2,2460,79,197,138
B2316,0.6067,143.1300049,18,1058,2010,88,0.718563974,51,31,4.6354599,55,5.49545002,16,-0.098765403,116.2333,44.2,0.4284,221.1000061,1.875,269.9429932,298.7539978,143208992,14.20110035,14.20110035,9.482899666,67.16539764,54.25970078,431.7990112,8.348420143,2,62.14049911,14035.7002,37013.5,3,14.91289997,2,2456,78,198,135
B2317,0.6067,353.6600037,18,1178,2010,8,3.230340004,51,31,0.701093972,55,4.427189827,16,-0.098765403,116.55,43.5333,0.3928,210.6000061,1.700000048,382.7940063,391.1749878,139060992,14.15079975,14.15079975,17.11030006,107.2679977,98.34390259,725.2340088,14.75329971,1,98.84529877,29000,10198,2,170.9450073,2,2577,79,205,132
B2318,0.6147,326.3099976,18,1073,2010,0,4.964320183,51,31,0.558314025,55,0.774596989,16,-0.098765403,116.45,44.2,0.3837,197.8000031,1.524999976,284.7229919,340.321991,139878000,14.49040031,14.49040031,9.482899666,67.16539764,54.25970078,431.7990112,8.348420143,1,68.83480072,28844.40039,43324.39844,2,129.1820068,2,2460,79,197,138
B2319,0.675,143.1300049,18,1058,2010,88,0.718563974,51,31,4.6354599,55,5.49545002,16,-0.098765403,116.2333,44.2,0.4284,221.1000061,1.875,269.9429932,298.7539978,143208992,14.20110035,14.20110035,9.482899666,67.16539764,54.25970078,431.7990112,8.348420143,2,62.14049911,14035.7002,37013.5,3,14.91289997,2,2456,78,198,135
B2320,0.7674,353.6600037,18,1178,2010,8,3.230340004,51,31,0.701093972,55,4.427189827,16,-0.098765403,116.55,43.5333,0.3928,210.6000061,1.700000048,382.7940063,391.1749878,139060992,14.15079975,14.15079975,17.11030006,107.2679977,98.34390259,725.2340088,14.75329971,1,98.84529877,29000,10198,2,170.9450073,2,2577,79,205,132
B2321,0.3098,251.5650024,29,152,2005,64,8.732749939,42,29,0.734493971,130,1.095450044,-1,-0.098765403,123.5667,44.25,0.5299,208.3999939,6.300000191,519.9660034,528.3709717,136748992,14.02190018,14.02190018,93.06300354,145.7779999,304.9070129,2865.22998,33.53699875,12,62.92570114,19697.69922,13038.40039,8,7952.919922,2,2901,79,220,135
B2323,0.0144,116.5650024,27,3454,2011,0,4.986999989,45,28,0.346258998,126,0.447214007,-2,-0.098765403,102.5936,33.1022,0.8282,360.1000061,2.708329916,778.4489746,560.5239868,148555008,17.2852993,17.2852993,17.27799988,45.11360168,101.1340027,641.0029907,5.794149876,11,4.31595993,133843,85094.10156,5,2026.930054,2,4678,66,270,112
B2324,0.0163,39.53089905,20,3578,2011,45,0.073876798,53,27,10.22980022,151,14.4776001,16,-0.098765403,102.3597,32.6744,0.824,418.2999878,2.458329916,847.940979,576.8120117,139102000,16.63150024,16.63150024,6.441329956,8.305669785,36.24110031,185.3470001,1.931139946,12,4.615119934,124664,68352,0,20429,2,5962,65,287,113
B2325,0.0198,173.4799957,17,3492,2011,0,0.641766012,44,39,5.438759804,197,5.458940029,16,-0.098765403,102.5972,32.9097,0.8403,398.2000122,2.641669989,798.4650269,576.0789795,139052992,17.03890038,17.03890038,16.88850021,61.28229904,87.251297,713.5789795,6.348849773,1,4.453939915,119202,82219.20313,1,87.10209656,2,5665,62,290,118
B2326,0.0219,261.8699951,27,3487,2011,0,4.895030022,45,28,1.094849944,126,1.673320055,16,-0.098765403,102.4842,32.7844,0.8183,355.7999878,3.066669941,814.414978,572.7940063,140098000,16.74259949,16.74259949,16.88850021,61.28229904,87.251297,713.5789795,6.348849773,20,3.727760077,120333,73681.79688,224,17755.40039,2,5892,67,268,120
B2327,0.0231,239.0359955,20,3509,2011,22,0.384110004,50,30,2.706809998,154,3,16,-0.098765403,102.5653,32.7786,0.8131,396.6000061,2.450000048,825.4530029,573.1680298,139612000,17.82150078,17.82150078,16.88850021,61.28229904,87.251297,713.5789795,6.348849773,3,6.91546011,112925,81615,1790,17755.40039,2,6435,61,284,114
B2328,0.0239,315,27,3454,2011,0,2.700890064,45,28,0.547473013,126,1.732049942,-2,-0.098765403,102.6006,33.0967,0.8579,378.6000061,2.608330011,779.882019,560.5239868,143576000,17.14719963,17.14719963,17.27799988,45.11360168,101.1340027,641.0029907,5.794149876,37,4.31595993,132439,85703,5,2026.930054,2,4678,66,270,110
B2329,0.614,251.5650024,20,3446,2010,55,3.266010046,50,30,0.734493971,154,0.774596989,16,-0.098765403,102.1172,33.7058,0.8759,379.1000061,2.308330059,655.4840088,590.6090088,160724992,18.2071991,18.2071991,8.851079941,30.05660057,119.8280029,378.6929932,3.885829926,3,4.754779816,183087,65215,3,4308.680176,2,3754,70,276,112
B2332,0.1042,173.6600037,24,543,2011,44,3.270210028,29,47,0.701093972,33,2.645750046,16,-0.098765403,108.1667,34.35,0.8213,511.7000122,13.30830002,888.3870239,667.1220093,144143008,20.75149918,20.75149918,1157.72998,2192.530029,2408.639893,36554,447.0880127,151,1594.599976,9848.860352,12041.59961,654,87802.79688,2,1088,79,175,135
B2336,0.4004,-1,17,3739,2010,98,3.524970055,44,39,0,197,0.632456005,1,-0.024691399,100.2108,34.4697,0.8333,309.5,0.333332986,505.7650146,501.6520081,153419008,18.16749954,18.16749954,21.54980087,160.8919983,186.9689941,1634.829956,13.44050026,14,24.83309937,269312,1000,951,31646.30078,2,4457,73,268,115
B2351,0.0794,71.56500244,9,3325,2003-2004,218,1.962710023,75,16,1.224040031,54,1.483240008,-1,-0.049382702,99.95,35.49,0.64695,260.5,2.258330107,380.5999908,517.1760101,172925000,21.81849957,21.81849957,10.46917009,54.6229496,148.0459976,531.1995087,5.560279846,8,3.158229947,166412,36400.60156,0,49.99125099,2,2876,80,170,123
B2352,0.1274,318.1799927,18,3443,2003-2004,0,2.717400074,51,31,1.973219991,55,5.966569901,16,0.0123457,101.03,35.74,0.6721,263,0.78333497,479.6855011,489.1019897,163151504,17.44280052,17.44280052,13.09619999,36.62644958,235.4625015,618.5065002,6.007975101,5.5,5.111935139,101242,65855.89844,0,10740.27979,2,2860,74,222,121
B2353,0.1455,270.4979858,18,3037,2003-2004,171,2.09332E-05,51,31,8.833740234,55,12.32069969,16,0.111111,100.78,36.02,0.3247,124.2000008,3.69167006,389.0065002,527.2495117,173099496,16.72299957,16.72299957,24.42364979,101.9614983,385.2350006,1088.070007,12.13140011,0.5,3.890240073,85632.89844,28301.90039,0,15225.7002,2,2510,81,115,121
B2354,0.1724,213.6900024,7,3293,2003-2004,116,0.380775005,80,13,1.674520016,101,1.549190044,0,-0.037037,100.68,35.71,0.1482,84.45000076,2.087499976,430.6495056,515.102005,168925504,23.09070015,23.09070015,13.92079973,48.0447998,247.3539963,746.3475037,6.746545076,3.5,3.908275008,119570,49679,0,274.532486,2,2435,78,174,129
B2355,0.1776,93.50350189,17,3027,2003-2004,0,0.373367012,62,21,3.795449972,56,3.872980118,16,0.160494,100.32,36.02,0.21135,130.2999992,3.475000024,373.5220032,372.7879944,168689496,23.09284973,23.09284973,5.672945023,11.31664991,85.05545044,231.6164932,2.456375003,2,7.955470085,106902,2000,0,758.0875244,2,2217,80,175,128
B2356,0.2385,315,17,3006,2003-2004,89,4.784619808,62,21,0.109498002,56,1.549190044,16,0.123457,100.37,36.05,0.22,101.5499992,3.645830035,369.2754974,332.3604889,168620496,22.52904987,22.52904987,5.672945023,11.31664991,85.05545044,231.6164932,2.456375003,9,9.374434948,101922,2236.070068,0,758.0875244,2,2115,80,165,128
B2357,0.2385,113.1989975,18,3196,2003-2004,0,0.205520004,51,31,2.357330084,55,8.318650246,0,0.185185,101.08,35.82,0.4865,241.8499985,2.308330059,458.6604919,484.0439911,169384000,19.21360016,19.21360016,13.09619999,36.62644958,235.4625015,618.5065002,6.007975101,5,9.44343996,90476.5,62968.19922,0,312.3860016,2,2435,76,193,123
B2358,0.2606,174.4519958,20,3113,2003-2004,51,0.000676464,54,26,13.36559963,55,16.57710075,16,0.074074097,101.04,36.21,0.44055,167.4000015,2.558330059,464.1100006,480.786499,172190504,19.19314957,19.19314957,19.11534977,57.4028511,90.26480103,1004.9505,9.050075054,10,13.24564981,54451.80078,22360.69922,0,144.965004,2,2807,81,163,121
B2359,0.2955,79.07720184,18,3194,2003-2004,188,6.82101E-06,51,31,4.485569954,55,6.899280071,16,-0.098765403,100.43,35.74,0.3015,150.8999939,3.862499952,398.190506,487.658493,174665000,21.78715038,21.78715038,9.277529716,37.00844955,162.3605042,547.509491,4.693390131,2.5,4.133419991,129727,34669.89844,0,19593.89941,2,2678,78,177,119
B2360,0.2977,2.357909918,18,2809,2003-2004,69,7.54633E-05,51,31,24.69529915,55,26.97780037,1,-0.234568,100.69,35.92,0.33985,109.5,4.12917006,396.7514954,497.8274994,174038000,18.62839985,18.62839985,24.42364979,101.9614983,385.2350006,1088.070007,12.13140011,2.5,5.484205008,98595.10156,31112.69922,0,16576.30029,2,2641,81,120,125
B2361,0.3158,180,19,3408,2003-2004,121,0.297515005,58,23,4.173649788,54,5.176869869,16,0.0123457,100.01,35.67,0.3866,139.5,1.462500036,383.0749969,513.7379913,170906504,21.86485004,21.86485004,13.85049963,34.83620071,222.5569992,657.01651,6.200104952,6,3.330985069,149496,18027.80078,0,9.470044613,2,2666,79,147,124
B2362,0.3228,2.862400055,18,3402,2003-2004,59,2.208509922,51,31,3.097919941,55,4.494440079,16,0.234568,101.02,35.75,0.6319,263.1499939,0.949998528,475.9315033,482.5380096,163151504,17.83179951,17.83179951,13.09619999,36.62644958,235.4625015,618.5065002,6.007975101,4,5.81072998,100658,64443.80078,0,10740.27979,2,2758,74,210,121
B2363,0.34,223.0910034,21,3977,2003-2004,0,7.93747E-07,47,32,16.00419998,193,21.32139969,16,0.308642,100.28,35.51,0.5921,217.7000046,-3.825000048,471.2285004,496.2075043,176784992,12.5395503,12.5395503,13.10544968,31.21405029,224.3199997,568.8999939,5.776449919,0,2.640020013,159201,46669,0,384.4355011,2,3896,77,188,109
B2364,0.3553,315,18,3267,2003-2004,0,1.569810033,51,31,1.313740015,55,1.483240008,16,0.679012001,100.65,35.78,0.57325,258.3499908,1.983330011,423.0639954,477.0975037,170714496,21.49800014,21.49800014,13.92079973,48.0447998,247.3539963,746.3475037,6.746545076,15,4.270915031,113811,41012.19922,0,274.532486,2,2628,75,201,127
B2365,0.3633,76.60749817,18,3282,2003-2004,184,2.174580097,51,31,1.670940042,55,3.286339998,16,0.074074097,99.98,35.89,0.647,261.8999939,1.554165006,359.3734894,481.5214996,174233496,20.0564003,20.0564003,13.85049963,34.83620071,222.5569992,657.01651,6.200104952,10.5,3.61994493,125252,0,0,3789.830078,2,2943,78,159,122
B2366,0.3633,177.3370056,18,3055,2003-2004,225,0.00174462,51,31,6.636060238,55,8.234080315,-2,0.45679,100.79,35.89,0.25235,157.0499954,3.933330059,417.826004,471.638504,170723504,21.33570004,21.33570004,24.42364979,101.9614983,385.2350006,1088.070007,12.13140011,1.5,4.821745157,96020.79688,38897.30078,0,882.8099976,2,2619,80,147,120
B2367,0.366,121.3730011,7,3027,2003-2004,0,0.284666985,80,13,3.71288991,101,3.633179903,16,-0.074074097,100.47,35.88,0.0686,55.14999962,4.424999952,386.4859924,485.6064911,171303504,24.04494953,24.04494953,5.672945023,11.31664991,85.05545044,231.6164932,2.456375003,0.5,3.535965085,115261,22803.5,0,17957.5,2,2099,79,169,127
B2368,0.3882,295.5140076,18,3006,2003-2004,89,0.499253005,51,31,7.506549835,55,8.62553978,16,-0.074074097,99.98,36.25,0.166,87.70000076,3.737499952,328.9275055,381.0150146,168028504,20.45419979,20.45419979,4.569420099,17.80125046,57.87729836,273.2789917,2.337419987,3,4.634449959,93813.60156,20248.5,0,3176.630005,2,1811,80,160,131
B2369,0.4337,307.875,18,2619,2003-2004,0,0.313757986,51,31,7.026959896,101,9.154230118,16,-0.074074097,100.28,35.73,0.21145,96.40000153,5.25,345.697998,463.8244934,173648496,19.25230026,19.25230026,9.277529716,37.00844955,162.3605042,547.509491,4.693390131,1.5,1.244984984,139316,28301.90039,0,19593.89941,2,2357,80,136,122
B2370,0.4434,169.6950073,7,3381,2003-2004,125,1.304180026,80,13,5.17979002,101,6.648310184,0,-0.074074097,101.02,35.62,0.11215,68.15000153,1.5625,477.5410004,498.4445038,162704000,20.82625008,20.82625008,13.09619999,36.62644958,235.4625015,618.5065002,6.007975101,4,2.725350022,115434,76485.29688,0,9400.464844,2,3002,77,224,124
B2371,0.4809,160.8829956,18,2770,2003-2004,0,0.00210139,51,31,19.74749947,55,21.60090065,16,-0.074074097,100.79,35.91,0.22115,122,4.8125,395.1894989,471.638504,170224000,22.7638998,22.7638998,24.42364979,101.9614983,385.2350006,1088.070007,12.13140011,1.5,4.538774967,94403.39844,37536.60156,0,882.8099976,2,2237,82,139,122
B2372,0.5452,72.75849915,9,3572,2003-2004,0,1.866160035,75,16,4.691530228,198,5.176869869,5,-0.061728399,99.96,35.74,0.28745,146.0499954,0.591666996,391.7480011,513.7379913,170028000,21.76244926,21.76244926,13.85049963,34.83620071,222.5569992,657.01651,6.200104952,1,3.031795025,139230,7810.25,0,5902.040039,2,2677,78,141,121
B2373,0.5913,313.2099915,18,3308,2003-2004,11,1.787940025,51,31,3.501280069,101,7.028510094,16,-0.061728399,100.71,35.72,0.1212,54.40000153,2.145829976,436.3220062,515.102005,167563496,23.45744991,23.45744991,13.92079973,48.0447998,247.3539963,746.3475037,6.746545076,5.5,2.248030066,116284,50209.60156,0,274.532486,2,2225,78,194,128
B2374,0.6045,326.3099976,18,3056,2003-2004,144,3.99758E-08,51,31,12.10009956,55,11.94989967,16,0.086419798,101.02,35.88,0.39845,191.0499954,3.275000095,436.3524933,451.5045013,168236000,18.88630009,18.88630009,18.90069962,65.10874939,335.7684937,1011.137512,9.154035091,1,4.187454939,87235.29688,54644.30078,0,1566.514954,2,2695,82,120,125
B2375,0.6135,8.13010025,18,3302,2003-2004,0,1.61631,51,31,2.18888998,55,2.44949007,2,0.037037,100.37,35.63,0.71045,290.9000092,1.575000048,413.111496,511.3139954,177307000,19.71455002,19.71455002,13.10544968,31.21405029,224.3199997,568.8999939,5.776449919,10,2.209104896,143056,42720,0,396.5510101,2,3132,76,197,117
B2376,0.6135,292.0870056,9,3773,2003-2004,5,0.000274366,75,16,11.37909985,198,16.82259941,16,0.0123457,101.11,35.71,0.65905,250.5,-1.108335018,534.8770142,508.6885071,171890000,12.74695015,12.74695015,13.09619999,36.62644958,235.4625015,618.5065002,6.007975101,0.5,4.21062994,102883,73756.39844,0,10740.27979,2,4244,76,174,113
B2377,0.6413,-1,18,2569,2003-2004,0,2.829699993,51,31,0,55,0,16,0,100.83,36.18,0.21005,233.0879974,5.704164982,378.6340027,596.8710022,175358000,18.13634968,18.13634968,3.999700069,47.8973999,47.46750069,550.2380066,3.307174921,1,8.834860325,69318.10156,20396.09961,0,10774.15039,2,1804,81,115,124
B2378,0.6605,333.4349976,17,3083,2003-2004,0,1.533360004,62,21,0.346258998,56,0.632456005,-1,0.049382702,100.21,36.05,0.27785,112.7999992,3.12917006,360.6439972,349.8439941,169317496,23.51265049,23.51265049,10.39155006,22.7836504,154.098999,456.1484985,4.562299967,3,8.80562973,107154,5385.169922,0,1192.595032,2,2086,81,157,129
B2379,0.6703,105.2549973,18,3151,2003-2004,1,3.965929985,51,31,0.88273102,55,2.40831995,16,-0.061728399,101.09,35.93,0.3992,203,2.53333497,452.7190094,453.6985016,169056000,21.3902998,21.3902998,18.90069962,65.10874939,335.7684937,1011.137512,9.154035091,10,5.687750101,78390,55542.80078,0,110.2024994,2,2484,78,183,126
B2380,0.7111,251.5650024,18,3405,2003-2004,0,0.915901005,51,31,4.398550034,198,4.516640186,16,0.074074097,100.67,35.49,0.68055,328.1500092,0.787499994,456.3880005,554.3315125,173245504,17.84920025,17.84920025,18.91924953,32.19914913,329.289505,693.6940002,7.827165127,0.5,3.579360008,141767,70724.79688,0,139.9639969,2,3172,76,204,114
B2381,0.7656,227.8619995,18,2966,2003-2004,54,0.529627025,51,31,2.191620111,55,5.603569984,1,0.074074097,100.38,36.28,0.2013,93.20000076,3.774999976,371.8435059,443.1430054,168568504,22.18655014,22.18655014,8.810960293,25.39859962,113.6570015,440.6174927,4.156085014,4,5.435279846,75392.29688,5099.02002,0,663.6589966,2,1968,80,163,129
B2382,0.8242,277.2630005,18,3073,2003-2004,94,3.27923E-05,51,31,15.5309,55,19.11020088,1,0.074074097,101.08,36.03,0.37485,183.5499954,2.65416503,445.5550079,425.4365082,170170992,19.6814003,19.6814003,18.90069962,65.10874939,335.7684937,1011.137512,9.154035091,0.5,5.918085098,68476.29688,43657.80078,0,18562.9502,2,3021,81,133,117
B2383,0.8743,8.187800407,18,2769,2003-2004,0,8.99174E-08,51,31,20.7840004,55,21.2038002,-1,0.074074097,100.93,36.04,0.24635,109.6000023,4.774999857,401.8345032,463.0755005,168836000,17.53485012,17.53485012,24.42364979,101.9614983,385.2350006,1088.070007,12.13140011,1.5,5.576080084,75000,38078.89844,0,10870.1499,2,2212,82,128,123
B2384,0.9839,285.9450073,18,3137,2003-2004,232,0.779052973,51,31,2.253540039,55,3.162280083,16,0.074074097,100.73,35.89,0.4189,205.8999939,2.974999905,418.5480042,497.8274994,172373496,21.97669983,21.97669983,24.42364979,101.9614983,385.2350006,1088.070007,12.13140011,6.5,5.705450058,99809.79688,36069.39844,0,16576.30029,2,2644,77,176,126
B2385,0.9912,27.34989929,18,3210,2003-2004,0,1.953480005,51,31,2.526319981,55,3.37638998,16,0.074074097,101.09,35.81,0.4912,238.8499985,2.174999952,461.0230103,484.0439911,169384000,19.45654964,19.45654964,13.09619999,36.62644958,235.4625015,618.5065002,6.007975101,5,8.848360062,92358,64070.30078,0,312.3860016,2,2491,76,164,122
B2386,1.0361,36.02740097,18,2604,2003-2004,60,0.171029001,51,31,4.204899788,55,4.837349892,16,0.074074097,100.56,35.87,0.0723,93.25,5.15833497,349.0805054,578.8940125,173007000,15.75755024,15.75755024,9.277529716,37.00844955,162.3605042,547.509491,4.693390131,1.5,4.175284863,111126,28319.59961,0,17957.5,2,1754,80,120,122
B2387,1.0437,25.09630013,19,3344,2003-2004,232,0.740934014,58,23,6.723320007,54,7.509990215,-1,0.074074097,99.98,35.65,0.4061,193.9000015,2.049999952,379.388504,513.7379913,171664496,22.52769947,22.52769947,13.85049963,34.83620071,222.5569992,657.01651,6.200104952,7,3.308064938,150097,18788.30078,0,9736.984863,2,2631,78,135,127
B2388,1.1237,125.538002,7,2968,2003-2004,149,5.860199928,80,13,0.666019976,101,1.732049942,16,-1.111109972,100.47,36.23,0.1327,69.59999847,3.758334994,380.2624969,390.6809998,168057000,22.4959507,22.4959507,8.810960293,25.39859962,113.6570015,440.6174927,4.156085014,3,10.47539043,78848,5830.950195,0,663.6589966,2,2016,81,162,130
B2389,1.1488,225,18,3287,2003-2004,172,4.789130211,51,31,0.656958997,55,1.732049942,0,0.049382702,100.99,35.49,0.53155,247.0999985,1.754165053,470.6315002,521.3540039,168042000,19.06760025,19.06760025,11.88885021,29.9715004,224.5029984,566.4150085,5.286164999,11,7.74516511,131042,87000,0,1249.289978,2,2818,75,198,125
B2390,1.2098,311.4240112,17,2868,2003-2004,41,3.73920989,62,21,1.754840016,56,2.44949007,16,-0.197531,100.63,36.15,0.1953,101.2999992,4.679170132,384.3455048,397.3369904,168202504,22.07229996,22.07229996,3.999700069,47.8973999,47.46750069,550.2380066,3.307174921,3,9.934150219,81841.29688,9486.830078,0,2319.765015,2,1839,82,168,127
B2391,1.246,127.875,17,3145,2003-2004,0,3.423049927,62,21,0.88273102,56,1.549190044,1,-0.197531,100.34,35.94,0.3045,131.2999992,2.987499952,379.2384949,416.4950104,170678992,23.3196497,23.3196497,5.672945023,11.31664991,85.05545044,231.6164932,2.456375003,4,6.979665041,115694,11661.90039,0,372.911499,2,2112,80,174,127
B2392,1.246,261.1579895,17,3296,2003-2004,0,1.170099974,44,39,3.521660089,197,3.820990086,1,-0.0123457,100.94,36.21,0.4873,249.5999985,1.891669989,467.5390015,554.5434875,171559000,21.6420002,21.6420002,3.999700069,47.8973999,47.46750069,550.2380066,3.307174921,1,12.92469978,60307.5,19313.19922,0,144.965004,2,3101,80,208,121
B2393,1.6252,47.08259964,17,2993,2003-2004,173,2.729120016,62,21,6.004290104,101,8.173130035,16,-0.0123457,100.49,35.99,0.19705,103.3500023,4.125,380.9984894,390.1119995,169451504,23.6800499,23.6800499,5.672945023,11.31664991,85.05545044,231.6164932,2.456375003,3,7.788800001,104010,14866.09961,0,0.869989485,2,2044,80,172,130
B2394,0.1531,285.2550049,7,347,2009,96,6.61522007,80,13,0.88273102,101,2.323790073,-2,-0.0123457,120.7167,42.9667,0.6876,215.8999939,7.449999809,272.6199951,236.5299988,145418000,18.51099968,18.51099968,84.98120117,238.8439941,706.2030029,3413.949951,44.12179947,5,110.5090027,0,15132.7002,0,177.3899994,2,2327,79,212,139
B2398,0.4752,353.9909973,16,690,2011,0,1.646700025,77,7,2.955849886,50,2.932579994,16,0.024691399,119.7667,48.8,0.7053,307.2999878,-0.883333027,379.1080017,376.0429993,124205000,8.048190117,8.048190117,5.184599876,15517.2998,56.51610184,10731,7.122900009,3,49.75289917,2000,49819.69922,4,7938.959961,2,3557,74,256,125
B2399,0.663,0,11,640,2011,0,6.537059784,63,26,0.619390011,161,1.897369981,16,0.024691399,119.2667,48.8667,0.5442,273.1000061,-0.55833298,353.4079895,377.0230103,126806000,7.715000153,7.715000153,4.969530106,19.40800095,68.02519989,149.2969971,3.908910036,5,26.82069969,33955.89844,47539.5,2,196.6699982,2,3368,75,257,122
B2400,1.115,30.96380043,16,747,2011,0,3.980259895,77,7,0.902867973,50,0.894427001,16,0.024691399,119.2667,48.6,0.7454,333.3999939,-1.375,383.1440125,371.7059937,136235008,7.841110229,7.841110229,4.186069965,7.221610069,45.93719864,95.29019928,3.07652998,2,46.87260056,31305,79555,0,147.9140015,2,3540,73,290,120
B2401,1.8673,0,16,657,2011,0,6.47495985,77,7,0.464549989,50,0.632456005,1,-0.061728399,119.8,48.8667,0.677,307.3999939,-1,375.9830017,388.0599976,123798000,8.083889961,8.083889961,6.774779797,53.28839874,70.31289673,312.8389893,5.744349957,4,49.8368988,1000,41976.19922,0,8918.889648,2,3794,74,260,124
B2402,0.2814,12.52880001,16,799,2011,111,2.40941,77,7,1.427379966,50,1.843909979,-1,-0.061728399,119.89,48.51,0.7844,372.1000061,-1.183330059,406.5010071,420.6260071,133995000,7.397640228,7.397640228,11.24919987,99.73660278,115.6620026,562.3649902,9.745300293,3,32.1228981,7000,82054.89844,3,52.36090088,2,4194,69,285,117
B2403,0.7453,135,16,679,2011,39,3.960939884,77,7,0.109498002,50,0,1,-0.061728399,119.8167,48.5333,0.8305,344.5,-0.699999988,402.6140137,412.303009,134113000,8.391940117,8.391940117,11.24919987,99.73660278,115.6620026,562.3649902,9.745300293,1,71.11060333,2000,80000,751,1205.469971,2,4174,72,280,119
B2404,1.2796,161.5650024,16,787,2011,134,0.493858993,77,7,2.935570002,50,2.792850018,16,0.185185,119.9667,48.4667,0.7533,341.7999878,-1.391669989,411.4670105,423.3529968,134878000,8.201250076,8.201250076,11.24919987,99.73660278,115.6620026,562.3649902,9.745300293,2,54.6106987,14317.7998,86579.39844,0,352.3900146,2,3761,71,311,117
B2405,0.5764,49.7635994,16,709,2011,0,5.5625,77,7,1.318300009,50,2,16,0.185185,119.7,48.5,0.6291,291.7999878,-0.75,403.7520142,413.2919922,132566000,9.099860191,9.099860191,11.24919987,99.73660278,115.6620026,562.3649902,9.745300293,0,109.9140015,2236.070068,86145.20313,926,217.897995,2,3661,73,304,121
B2406,0.0504,116.5650024,18,3227,2009,0,3.894040108,51,31,0.346258998,55,0.447214007,0,0.037037,100.0078,35.9049,0.6813,304,2.183330059,471.7630005,496.7909851,166212000,18.22850037,18.22850037,12.88899994,32.22600174,182.0209961,567.677002,6.450910091,17,25.3125,124964,0,4,2141.070068,2,2689,78,150,127
B2407,0.0638,172.875,14,3419,2009,184,1.617769957,44,42,2.495359898,199,3.94968009,0,-0.098765403,101.3583,37.673,0.7684,350.7000122,-2.566669941,574.8369751,442.0039978,145263008,15.78359985,15.78359985,42.77569962,87.88829803,318.4750061,1793.660034,20.28059959,18,20.67650032,0,1414.209961,1,120.689003,2,4512,77,217,114
B2408,0.0707,135,17,3148,2009,15,4.496039867,44,39,0.656958997,206,1.843909979,2,-0.098765403,101.242,37.6272,0.8019,325,-0.725000024,548.90802,417.993988,151900000,18.08709908,18.08709908,42.77569962,87.88829803,318.4750061,1793.660034,20.28059959,27,21.41110039,10816.7002,8602.330078,40,70.17669678,2,3381,78,191,128
B2409,0.0924,346.32901,14,3058,2009,0,0.115447998,44,42,11.63080025,199,13.22119999,-1,-0.0123457,101.6503,37.9832,0.787,445.2000122,0.041666701,476.7969971,483.3299866,160378000,16.01189995,16.01189995,3.230449915,11.03559971,47.59629822,143.4299927,1.738899946,2,9.846969604,31780.5,38078.89844,3,4.576539993,2,3238,79,259,116
B2410,0.0937,120.9639969,18,2917,2009,227,4.835669994,51,31,0.451462001,101,1.843909979,16,0.111111,100.5365,36.2125,0.2733,101.0999985,4.324999809,456.8399963,445.7080078,162208000,21.06139946,21.06139946,11.17959976,34.44810104,155.2299957,517.2379761,5.835909843,13,12.34640026,79429.20313,0,0,1363.699951,2,1914,83,157,127
B2411,0.1617,12.6001997,48,3058,2009,0,3.71283E-05,30,22,13.24619961,38,17.42989922,-1,-0.074074097,101.5837,37.1134,0.8234,405.7999878,1.541669965,533.2810059,543.0739746,158740992,14.01809978,14.01809978,166.0500031,697.7039795,1007.219971,8902.200195,91.65509796,13,283.9689941,1414.209961,16278.7998,588,5528.950195,2,3591,78,201,112
B2412,0.2452,292.9320068,16,2641,2009,185,1.183330059,56,28,4.363239765,38,7.127409935,16,-0.0123457,101.5668,37.11,0.6903,403.6000061,2.691669941,519.4609985,543.0739746,158740992,13.85039997,13.85039997,166.0500031,697.7039795,1007.219971,8902.200195,91.65509796,25,232.2850037,3605.550049,18439.09961,659,5528.950195,2,2956,78,169,117
B2413,0.3337,108.4349976,18,2918,2009,96,4.840119839,51,31,0.244843006,55,1,16,-0.0123457,100.5387,36.21,0.2733,101.3000031,4.316669941,456.8399963,445.7080078,162208000,21.06139946,21.06139946,11.17959976,34.44810104,155.2299957,517.2379761,5.835909843,13,10.98810005,79429.20313,0,0,1363.699951,2,1914,83,157,127
B2414,0.0462,299.0549927,21,4238,2009,1,5.924870014,32,47,0.797106028,202,1,16,-0.037037,98.0377,35.0442,0.2926,69.80000305,-3.299999952,495.2120056,410.0050049,139015008,10.26080036,10.26080036,0.254238009,0.636276007,2.582340002,11.71290016,0.120537996,1,0.324052989,221563,21470.90039,1,18367.69922,2,2586,80,297,127
B2415,0.1078,209.0549927,21,4252,2009,0,4.967679977,32,47,1.593899965,202,1.949360013,-2,0,97.9981,35.0852,0.1544,81.80000305,-3.216670036,492.6520081,381.0419922,127921000,10.50349998,10.50349998,0.254238009,0.636276007,2.582340002,11.71290016,0.120537996,1,0.324934989,218387,27784.90039,1,9668.910156,2,2532,79,256,127
B2416,0.1959,45,15,4716,2009,0,2.430360079,66,19,0.109498002,201,0.632456005,1,0,91.1124,32.3453,0.2316,74.90000153,-1.049999952,488.2789917,376.1130066,178572992,17.13829994,17.13829994,0.871553004,0.447360992,100.3639984,11.52009964,0.184435993,1,0.880107999,41194.69922,130924,1,45.67679977,2,2420,76,224,119
B2417,0.5779,194.0359955,21,4250,2009,120,4.950339794,32,47,1.914720058,202,2.569050074,16,0,97.9798,35.0938,0.2756,75.80000305,-3.166670084,492.0150146,381.0419922,127921000,11.11489964,11.11489964,0.242186993,1.192430019,2.399719954,14.03629971,0.129629999,1,0.051532999,217846,29154.80078,1,9668.910156,2,2508,79,269,126
B2418,1.1762,45,15,4722,2009,0,2.235929966,66,19,0.437983006,201,0.447214007,2,0.0123457,91.1133,32.3493,0.3785,90.19999695,-1.108330011,488.2789917,366.3259888,178572992,17.13829994,17.13829994,0.871553004,0.447360992,100.3639984,11.52009964,0.184435993,1,0.880107999,41182.5,131765,1,45.67679977,2,2294,77,208,120
B2419,0.0727,22.75099945,9,4204,2009,113,2.839149952,75,16,2.600950003,198,3.162280083,0,0.0123457,95.8086,34.111,0.7279,185.5,-0.608332992,573.6950073,430.802002,142980992,15.29829979,15.29829979,0.616603017,7.908339977,9.169260025,59.72940063,0.452499002,1,2.204319954,231625,117047,1,23504.40039,2,3966,76,235,117
B2420,0.168,194.2160034,21,4923,2009,0,0.189519003,47,32,5.968760014,193,7.469940186,2,0.0123457,95.14,34.2168,0.5396,76.59999847,-6.974999905,656.3430176,361.2730103,125509000,2.957920074,2.957920074,0.664561987,2.952620029,11.15139961,37.04940033,0.346576989,0,0.815537989,187771,175149,2,74.2539978,2,4470,72,333,110
B2421,0.2882,60.94540024,20,4815,2009,233,0.00313074,50,30,6.351109982,154,9.444580078,16,-0.074074097,94.1659,34.1354,0.6457,153.1000061,-4.183330059,607.0999756,361.8970032,141916000,10.31400013,10.31400013,0.792324007,0.556975007,13.81459999,29.62870026,0.338328004,1,0.805110991,123822,254702,1,96.5687027,2,4017,76,246,110
B2422,0.5258,267.7090149,21,4916,2009,131,0.759424984,47,32,3.868540049,193,6.496150017,16,0.0123457,95.14,34.2158,0.5396,76.59999847,-6.974999905,656.3430176,361.2730103,125509000,2.957920074,2.957920074,0.664561987,2.952620029,11.15139961,37.04940033,0.346576989,0,0.815537989,187771,175149,2,74.2539978,2,4470,72,333,112
B2423,0.255,78.69010162,17,3210,2004,0,2.988509893,44,39,1.578799963,197,2.932579994,16,0.074074097,101.36,37.55,0.7838,325.7999878,-0.641667008,521.5469971,407.8840027,144284992,13.49129963,13.49129963,78.7036972,268.9989929,498.1109924,3976.580078,38.3771019,5,9.768199921,6708.200195,8062.259766,0,13787.2998,2,4869,77,224,113
B2424,0.632,278.9729919,25,3400,2004,156,0.076624803,38,37,8.864580154,38,8.876939774,0,0.061728399,101.38,37.54,0.7744,305.7999878,-0.766667008,534.1140137,423.7969971,144284992,14.5092001,14.5092001,78.7036972,268.9989929,498.1109924,3976.580078,38.3771019,7,9.856739998,5000,8246.209961,0,13787.2998,2,4339,77,231,114
B2425,0.0495,201.4349976,21,3882,2010,0,9.51347E-10,47,32,30.45400047,193,36.25740051,16,0.049382702,100.91,34.78,0.8468,369.2000122,-0.033333302,522.1409912,525.9260254,173535008,21.27499962,21.27499962,2.080760002,22.29850006,49.0617981,179.6629944,1.35157001,1,10.41300011,215379,59093.10156,4,20247.5,2,4121,74,252,113
B2426,0.0437,315,21,4433,2010,0,0.000149809,47,32,12.18610001,193,14.33880043,2,0.074074097,99.76,32.98,0.7226,230.1999969,-3.258330107,646.809021,421.7659912,122947000,13.12209988,13.12209988,4.363850117,3.097100019,60.25979996,167.4179993,1.874830008,0,1.41655004,352013,140801,0,49.44269943,2,4478,66,320,108
B2427,0.0789,272.8389893,8,4899,2010,0,1.70468E-08,80,12,18.12989998,213,20.95709991,-1,0,98.74,33.47,0.4601,129.3000031,-7.974999905,594.289978,371.9070129,119181000,7.253059864,7.253059864,5.283400059,3.603019953,40.82789993,205.5410004,2.284919977,1,0.960483015,394214,112058,3,0.493384987,2,4447,66,340,110
B2428,0.1042,297.9060059,21,4283,2010,0,1.11466E-13,47,32,42.10540009,193,59.86320114,0,-1.234570026,100.79,34.26,0.4428,210.5,-4.349999905,608.3660278,532.8259888,139487008,12.04100037,12.04100037,4.271009922,8.779760361,53.80329895,194.3869934,1.965739965,1,10.43550014,276762,17000,0,81.30220032,2,4442,67,311,110
B2429,0.3717,171.7079926,21,4909,2010,267,2.32481E-06,47,32,34.00439835,193,41.17770004,16,0,96.89,33.38,0.535,187.8000031,-4.891670227,625.8330078,423.9129944,130656000,12.44919968,12.44919968,13.40289974,27.39010048,67.60620117,604.3359985,6.193250179,0,2.733059883,353119,32311,2,148.2070007,2,4586,69,299,110
B2430,0.4268,338.1990051,21,4105,2010,218,0.367911994,47,32,7.462709904,193,9.066419601,16,0.469136,100.56,34.23,0.871,344.7000122,-1.958330035,590.7059937,475.5830078,135780000,17.47240067,17.47240067,4.271009922,8.779760361,53.80329895,194.3869934,1.965739965,3,1.56862998,287221,3000,8,2975.199951,2,4380,73,278,110
B2431,0.1265,30.11370087,21,3934,2010,150,5.38563E-05,47,32,17.35090065,199,19.62649918,0,0.469136,101.24,32.98,0.8621,363.8999939,0.366667002,748.0800171,441.4299927,121592000,16.77149963,16.77149963,3.89876008,2.717190027,54.79679871,140.4799957,1.581339955,1,2.413029909,228035,25495.09961,15,12.76430035,2,5058,67,311,109
B2432,0.2806,321.3399963,18,1205,2011,0,3.969690084,51,31,0.991446972,55,1.183220029,16,0.469136,116.762,43.589,0.7804,257,1.549999952,316.1870117,374.980011,146826000,12.0067997,12.0067997,12.91320038,70.34729767,44.72679901,600.0189819,8.512129784,2,152.6670074,43289.69922,5830.950195,10,201.4940033,2,2997,80,204,131
B2433,0.3097,152.6499939,22,1293,2011,0,0.00802,46,32,10.00879955,152,11.48910046,16,0.098765403,116.7175,43.5962,0.5578,283.8999939,1.450000048,321.6539917,369.8380127,146838000,12.06680012,12.06680012,16.95050049,110.4759979,98.02310181,683.3850098,14.73330021,1,91.97940063,40311.30078,3162.280029,0,17335.69922,2,2689,80,201,131
B2434,0.6048,-1,18,1180,2011,0,3.97758007,51,31,0,55,1.095450044,16,0.098765403,116.5615,43.54,0.5424,268.7999878,2.166670084,293.2839966,375.7160034,149110000,13.23139954,13.23139954,16.95050049,110.4759979,98.02310181,683.3850098,14.73330021,1,109.8980026,30000,9055.379883,0,177.7799988,2,2540,79,197,130
B2435,0.721,9.462320328,22,1198,2011,0,2.671819925,46,32,0.941851974,152,1.843909979,-1,-0.074074097,116.7392,43.5987,0.5783,293.2999878,1.591670036,312.4920044,369.8380127,146838000,12.40390015,12.40390015,12.91320038,70.34729767,44.72679901,600.0189819,8.512129784,1,112.7839966,41303.80078,4123.109863,6,17335.69922,2,2889,80,202,129
B2436,1.2774,82.56860352,18,1265,2011,136,0.139761001,51,31,1.79531002,55,2.44949007,16,0.395062,116.6755,43.5499,0.6961,288.2000122,1.549999952,312.3760071,377.8900146,149116000,12.28190041,12.28190041,16.95050049,110.4759979,98.02310181,683.3850098,14.73330021,2,113.1500015,38000,1000,1,17335.69922,2,2602,80,214,136
B2437,1.3161,45,18,1181,2011,0,3.983170033,51,31,0.109498002,55,1.414209962,16,-0.506173015,116.5578,43.5403,0.6632,271.1000061,2.166670084,293.2839966,375.7160034,149110000,13.23139954,13.23139954,16.95050049,110.4759979,98.02310181,683.3850098,14.73330021,1,109.0759964,30000,9055.379883,0,177.7799988,2,2540,79,197,132
B2438,0.5212,164.7449951,8,132,2009,1,8.922679901,85,7,0.88273102,102,1.095450044,3,-0.074074097,124.35,46.28,0.6856,199.8000031,4.458330154,438.7340088,538.1069946,134648000,11.28540039,11.28540039,65.5266037,212.8439941,263.4729919,2254.600098,25.52899933,14,60.95159912,22847.30078,41000,3,6606.580078,2,2785,78,229,131
B2439,0.6486,78.69010162,8,139,2009,42,8.917920113,85,7,0.394793987,102,1.095450044,0,-0.185185,124.21,46.89,0.6253,283.3999939,3.875,471.605011,530.6220093,131876000,11.98670006,11.98670006,39.09189987,229.6119995,86.85739899,1753.449951,21.0564003,22,76.12830353,8062.259766,30066.59961,175,2168.040039,2,2870,79,238,128
B2440,0.9846,281.3099976,20,139,2009,42,8.912949562,44,36,0.394793987,149,0.632456005,0,-0.54321003,124.07,46.98,0.8151,334.1000061,3.491669893,475.1839905,497.4249878,136020992,8.477359772,8.477359772,39.09189987,229.6119995,86.85739899,1753.449951,21.0564003,3,73.54309845,5830.950195,18384.80078,2,5551.410156,2,2710,77,231,128
B2441,1.0077,135,27,129,2009,0,8.9145298,45,28,0.437983006,126,1.341639996,2,0.283951014,123.88,45.92,0.8507,287.3999939,4.683330059,397.1940002,502.3729858,145060000,10.65919971,10.65919971,191.5319977,960.1779785,763.4320068,7569.080078,75.90090179,8,210.6519928,42190,36687.89844,362,4021.939941,2,3148,77,213,134
B2442,1.0309,15.25510025,22,139,2009,42,8.918820381,50,28,0.88273102,102,1.341639996,0,-0.481480986,123.96,46.69,0.5295,250.1000061,4.416669846,444.70401,695.742981,136259008,12.69079971,12.69079971,49.59989929,164.072998,200.8280029,1717.98999,19.15679932,3,69.2365036,21213.19922,20000,6,164.0480042,2,2912,77,215,129
B2443,1.6911,257.0050049,27,140,2009,66,8.893730164,45,28,1.032889962,126,1.183220029,16,0,123.84,47.11,0.5491,245.3999939,4,482.3739929,502.4370117,132896000,11.05819988,11.05819988,176.1929932,848.3270264,263.6520081,7045.160156,93.24369812,59,1103.27002,0,3162.280029,1550,21284.40039,2,2875,77,240,127
B2444,2.0386,225,8,137,2009,0,8.923660278,85,7,0.328489989,49,0.632456005,16,-0.0123457,124.37,46.33,0.6599,253.8999939,4.391670227,443.2600098,538.1069946,133599000,13.18309975,13.18309975,65.5266037,212.8439941,263.4729919,2254.600098,25.52899933,3,75.64510345,23537.19922,42011.89844,7,6606.580078,2,2862,79,237,132
B2445,1.3184,175.4989929,12,483,2012,0,1.08049E-05,62,26,24.93589973,121,30.85449982,16,0.024691399,117.1667,36.2833,0.7942,433.1000061,12.375,691.6870117,744.59198,160947008,17.22680092,17.22680092,126.7639999,1771.209961,245.2749939,11529.59961,123.151001,13,4031.929932,12083,2828.429932,715,358436,2,2607,69,227,124
B2446,1.7065,83.41809845,22,3391,2004,0,0.145797998,49,29,15.7986002,13,19.12070084,-1,0,99.7667,27.7833,0.7379,478.2000122,5.933330059,1090.660034,663.6740112,152263008,14.82569981,14.82569981,71.79989624,142.1950073,296.9110107,3500.389893,35.83599854,4,14.8888998,5830.950195,7211.100098,0,11085.2002,2,4416,60,239,111
B2449,0.066,158.1990051,7,1322,2010,80,5.881700039,80,13,0.833853006,101,3.033149958,16,0.135802001,116.1143,42.9344,0.2725,171.8999939,1.458330035,401.5559998,371.9419861,134420992,14.20759964,14.20759964,15.07289982,35.08039856,105.7490005,543.1859741,8.904089928,0,28.74769974,9000,13000,0,450.7780151,2,2675,81,199,135
B2450,0.0948,161.5650024,7,1320,2010,68,5.374839783,80,13,0.979283988,101,1.483240008,1,0.024691399,116.1212,42.9375,0.5095,194.3000031,1.458330035,401.5559998,371.9419861,134420992,13.76819992,13.76819992,15.07289982,35.08039856,105.7490005,543.1859741,8.904089928,0,34.67910004,9000,13000,0,450.7780151,2,2675,81,199,135
B2451,0.1116,333.4349976,7,1318,2010,0,5.918119907,80,13,0.346258998,101,0.774596989,16,0.777778029,116.0921,42.9214,0.3773,217,1.416669965,400.178009,371.9419861,135376992,14.05010033,14.05010033,15.07289982,35.08039856,105.7490005,543.1859741,8.904089928,3,28.80130005,7000,11000,0,450.7780151,2,2457,81,197,136
B2452,0.1656,348.6900024,7,1316,2010,38,5.771989822,80,13,0.394793987,101,2.607680082,16,-0.617284,116.0879,42.9014,0.4865,206,1.450000048,401.322998,371.9419861,135376992,15.03390026,15.03390026,15.07289982,35.08039856,105.7490005,543.1859741,8.904089928,3,35.00930023,8000,12000,0,6727.799805,2,2712,81,215,136
B2453,0.361,241.3139954,14,1970,2011,0,0.310654014,54,32,4.667399883,92,4.857979774,1,-0.432099015,106.02,35.73,0.5825,282.2000122,6.016670227,487.894989,531.2860107,141807008,17.93180084,17.93180084,309.1000061,1145.329956,1294.650024,13967,146.5720062,56,109.1320038,21023.80078,13928.40039,0,7959.629883,2,2666,80,221,124
B2454,0.011,67.06089783,17,2641,2009,185,2.98286E-07,53,30,21.39489937,36,22.79470062,16,-0.54321003,106.23,35.53,0.86,482.8999939,3.875,509.6130066,587.1459961,146164000,11.09739971,11.09739971,342.1740112,593.9110107,974.8909912,11997.5,134.628006,7,59.90209961,17720,6000,0,2620.23999,2,3602,73,205,116
B2455,0.0308,118.25,12,2242,2009,0,5.10176E-06,73,15,11.61620045,40,18.40110016,16,-0.617284,106.27,35.54,0.8452,545.4000244,5.133329868,483.572998,610.5650024,145654000,15.45289993,15.45289993,181.9730072,815.2349854,821.2360229,8649.929688,92.3660965,7,60.07149887,15132.7002,4000,0,2620.23999,2,3386,76,229,122
B2456,0.1066,267.6210022,25,2702,2010,32,4.10338E-13,44,31,26.02440071,31,33.04539871,1,-0.864198029,102.9974,34.1279,0.7463,346.1000061,5.191669941,615.1660156,609.7030029,167544000,14.5862999,14.5862999,32.76739883,181.8789978,147.6340027,1875.76001,15.72659969,1,4.848139763,94704.79688,96005.20313,0,192.6009979,2,4175,62,195,120
B2457,0.6021,135,20,3434,2010,0,4.953320026,44,36,0.547473013,151,1.612450004,1,-0.123457,102.8912,33.8717,0.8733,406.7000122,2.558330059,696.2230225,573.4099731,153671008,14.65009975,14.65009975,15.15999985,39.53150177,133.5370026,582.7919922,5.040110111,4,12.40030003,115378,116970,0,479.7070007,2,3860,69,243,117
B2458,1.2875,96.56269836,19,3341,2010,0,1.35425E-09,54,27,24.75580025,17,27.16620064,-2,-0.197531,102.9213,34.1233,0.8596,500.8999939,2.441669941,676.7849731,599.0930176,166824000,12.39490032,12.39490032,5.717790127,56.54759979,45.60290146,490.125,2.907259941,0,4.560929775,101592,99724.60156,5,192.6009979,2,4735,63,251,107
B2459,1.3728,-1,20,3442,2010,0,6.937220097,53,27,0,154,0,16,0.111111,102.7921,33.4533,0.7189,425.5169983,2.683330059,756.7800293,699.0529785,152459008,16.83930016,16.83930016,11.04310036,29.38139915,95.83979797,428.6069946,3.687249899,1,2.133769989,151109,113635,22,1.782549977,2,3888,69,261,108
B2460,0.2266,17.87529945,22,2745,2010,0,2.02332E-08,49,29,34.99229813,13,43.6554985,16,-0.259258986,103.3814,33.7905,0.8241,412.2000122,4.75,651.0540161,622.0629883,155764000,11.5625,11.5625,5.829609871,13.92280006,26.68569946,223.2220001,2.386070013,3,8.139820099,87114.89844,83006,17,1247.160034,2,4576,64,281,116
B2461,0.0841,245.5559998,20,4661,2010,0,3.076980114,44,36,0.935468018,201,2,16,-0.432099015,88.7,30.95,0.2018,165,3.116669893,313.7900085,389.95401,199524992,16.19149971,16.19149971,0.760977983,6.932449818,44.70920181,29.77639961,0.323083997,0,0.327971011,189992,189156,475,60.020401,2,2156,78,165,126
B2462,0.3879,97.7335968,21,4642,2000,0,1.240319967,47,32,6.303579807,193,7.97495985,16,0.074074097,92.3147,29.7539,0.5854,112,-3.333329916,800.5390015,347.7909851,122484000,15.65030003,15.65030003,3.047610044,73.80780029,64.36139679,438.8340149,4.371719837,21,1.562860012,56921,0,0,53.82540131,2,3322,67,230,106
B2463,0.6696,321.4830017,13,3799,2000,0,0.855412006,64,23,4.837389946,209,4.898980141,0,-0.333332986,91.6342,29.7972,0.6504,162.6000061,5.708330154,661.2150269,524.0479736,166703008,21.96920013,21.96920013,13.98630047,86.09700012,415.0140076,636.2199707,7.084459782,29,1.909440041,54424.30078,0,0,2168.639893,2,2186,74,117,128
B2464,0.7074,29.93149948,17,4228,2000,0,5.52435E-05,44,39,11.63080025,197,12.72789955,16,-0.333332986,91.4867,29.7531,0.7703,206.6000061,4.199999809,673.9370117,529.1149902,183956992,21.10580063,21.10580063,13.98630047,86.09700012,415.0140076,636.2199707,7.084459782,4,5.816120148,40496.89844,2828.429932,0,11551.90039,2,2147,75,112,121
B2465,1.4355,312.6140137,15,4289,2000,0,0.765205979,66,19,7.841370106,201,9.284399986,0,-0.185185,91.1456,30.4972,0.6282,230.3999939,2.416670084,606.5410156,375.0299988,144228000,19.00670052,19.00670052,3.826479912,39.33649826,170.4490051,260.3609924,2.752530098,14,1.327640057,0,0,0,2506.060059,2,3245,72,179,123
B2466,0.2862,270,10,4623,2000,0,2.92305994,72,18,0.154853001,203,1.612450004,16,0,93.0681,35.2156,0.1739,36.29999924,-5.058330059,325.6700134,379.2690125,162774000,12.34500027,12.34500027,0.377299011,1.305070043,6.309370041,33.30410004,0.199700996,0,0.00241269,2236.070068,187096,0,461.0809937,2,2031,77,169,121
B2467,0.4154,120.9639969,15,4583,2000,125,1.613839984,66,19,1.805289984,201,1.78884995,16,-0.469136,92.5478,34.3142,0.2329,54.79999924,-3.783329964,379.5960083,390.8819885,170871008,17.97109985,17.97109985,0.211147994,5.19615984,1.398270011,101.4410019,0.328346997,1,0.095627896,0,300648,0,0.0185165,2,2022,79,186,126
B2468,0.338,274.2359924,21,4872,2000,135,0.365799993,47,32,4.185039997,193,4.171329975,16,-0.975309014,91.8053,32.4592,0.4722,74.5,-4.741670132,566.3859863,287.553009,123636000,13.33119965,13.33119965,1.595489979,26.94960022,79.21890259,165.8800049,1.686509967,0,0.056802601,17464.30078,122409,0,0,2,3275,74,208,114
B2469,0.5081,357.3569946,14,4565,2000,0,0.043836199,44,42,5.025169849,199,10.98180008,1,0.086419798,94.6519,29.6106,0.6128,168.6999969,-2.983330011,1025.400024,383.618988,106683000,4.955760002,4.955760002,4.406949997,159.3990021,47.64410019,924.1500244,9.06289959,6,0.178459004,19697.69922,18681.5,0,422.5490112,2,4046,67,256,106
B2470,0.0666,88.72699738,14,1950,2012,145,0.902454972,54,32,6.936039925,92,7.720099926,16,0.024691399,106.3981,36.2434,0.6879,363.7999878,6.733329773,476.9140015,534.0109863,151924992,18.34939957,18.34939957,151.9100037,1383.089966,625.4760132,7868.029785,84.88770294,55,171.9530029,14866.09961,19235.40039,6,491.6919861,2,2214,82,233,123
B2478,0.8944,164.9819946,19,1402,2007-2008,117,1.738739967,58,23,3.283159971,54,4.218999863,0,0.111111,115.1889,41.7406,0.4422,201.1500015,4.674999952,393.4259949,456.0100098,151185008,17.08054924,17.08054924,163.4544983,411.6035004,372.0494995,22537.85059,74.89044952,12,48.28820038,58180.80078,1414.209961,2.5,11942.4502,2,3012,82,236,135
B2479,1.1808,207.6459961,19,1387,2007-2008,0,4.347939968,58,23,1.834890008,54,2.190890074,-4,-0.049382702,115.1317,41.7656,0.42635,223.75,4.700000048,387.0494995,430.4055023,151509000,16.7547493,16.7547493,163.4544983,411.6035004,372.0494995,22537.85059,74.89044952,6,49.40955162,54781.39844,2236.070068,3.5,11942.4502,2,3072,82,219,136
B2480,1.2211,230.1940002,19,1389,2007-2008,52,3.385299921,58,23,1.209259987,54,1.673320055,1,0.172839999,115.1322,41.7664,0.42635,223.75,4.700000048,387.0494995,430.4055023,151509000,16.7547493,16.7547493,163.4544983,411.6035004,372.0494995,22537.85059,74.89044952,6,49.40955162,54781.39844,2236.070068,3.5,11942.4502,2,3072,82,219,136
B2481,1.229,153.4349976,19,1369,2007-2008,0,5.81016016,58,23,0.346258998,54,2.75680995,16,0.0123457,115.1372,41.7544,0.45525,208.8499985,4.816669941,387.6044922,430.4055023,151509000,16.59774971,16.59774971,163.4544983,411.6035004,372.0494995,22537.85059,74.89044952,12,68.34614944,55713.60156,2000,2,11942.4502,2,2896,82,225,136
B2482,0.3509,193.276001,22,2086,2003-2007,0,0.25168699,36,42,7.044499874,68,8.473489761,16,-0.074074097,105.8356,38.8583,0.29096,132.4800003,5.041665936,270.9980011,339.2776062,162925798.4,20.25341988,20.25341988,29.95444031,261.5881989,133.477002,1938.418851,23.05718002,3.8,13.26563196,32450,7071.069824,0.8,129.732399,2,2166,79,184,128
B2484,0.0123,295.3460083,19,1379,2011,15,0.936065018,58,23,4.871640205,54,6.292850018,16,-0.135802001,115.5,42.1167,0.3433,224.6000061,3.625,275.8559875,425.9500122,154940000,15.64680004,15.64680004,59.55739975,121.788002,178.1750031,2293.370117,30.03059959,6,79.33809662,27166.19922,1000,3,9300.740234,2,2489,82,215,134
B2487,0.8469,171.0269928,22,3243,2004,168,3.190619946,48,30,1.488999963,57,1.341639996,0,-0.049382702,100.2362,37.278,0.762,299.3999939,0.283333004,427.4049988,474.4639893,165348992,16.35610008,16.35610008,19.14929962,71.46289825,444.4179993,874.4359741,9.332969666,106,5.059979916,3000,97005.20313,0,752.9829712,2,2786,79,146,131
B2488,0.8626,176.1860046,18,3284,2004,0,2.344110012,51,31,1.163820028,57,3.098390102,-1,-0.049382702,100.2499,37.3025,0.49,183.8000031,0.441666991,433.1960144,474.4639893,167672992,18.59420013,18.59420013,19.14929962,71.46289825,444.4179993,874.4359741,9.332969666,2,4.215380192,6000,94021.29688,0,752.9829712,2,2933,79,157,131
B2489,0.9585,225,22,3256,2004,227,3.219719887,48,30,1.094849944,57,2.323790073,-1,0.567901015,100.2557,37.2835,0.5393,204.6000061,0.458332986,431.20401,471.2770081,166356000,18.20789909,18.20789909,19.14929962,71.46289825,444.4179993,874.4359741,9.332969666,5,4.694970131,4000,95000,0,2257.449951,2,2568,80,134,131
B2490,1.0412,188.1300049,22,3260,2004,0,3.127089977,48,30,1.094849944,57,1.843909979,16,-0.0123457,100.2128,37.2904,0.6373,232.6000061,0.375,427.9370117,474.4639893,165348992,17.40029907,17.40029907,19.14929962,71.46289825,444.4179993,874.4359741,9.332969666,12,8.356690407,4000,97452.60156,0,752.9829712,2,2708,80,139,131
B2491,1.1102,176.6340027,18,3299,2004,55,1.946640015,51,31,1.318300009,47,1.673320055,1,-0.135802001,100.243,37.307,0.5778,179,0.416667014,433.1960144,474.4639893,167672992,17.97970009,17.97970009,19.14929962,71.46289825,444.4179993,874.4359741,9.332969666,2,5.205420017,6000,94021.29688,0,752.9829712,2,2933,79,157,129
B2492,0.0675,71.56500244,19,1378,2009,150,4.908949852,58,23,0.489677995,54,1.949360013,16,0.703704,115.4861,42.1124,0.3879,197,4.150000095,255.6519928,360.5969849,153596992,17.1942997,17.1942997,59.31489944,120.9039993,180.2960052,2209.709961,29.68390083,11,53.66400146,28071.30078,0,0,7644.629883,2,2757,82,205,136
B2496,0.5921,191.3099976,15,3886,2011,22,1.830610037,66,19,1.578799963,201,2.236069918,16,0.098765403,98.3234,38.4773,0.3521,97.59999847,-6.316669941,407.0650024,305.2390137,151708992,14.68879986,14.68879986,0.659901023,0.683791995,13.41969967,24.27610016,0.344653994,0,4.397439957,78771.79688,122984,0,62169.30078,2,2155,79,216,127
B2497,0.6767,243.4349976,15,3769,2011,0,1.920969963,66,19,1.730790019,201,1.341639996,16,-0.024691399,98.1112,38.6376,0.2915,80.59999847,-5.324999809,374.8200073,293.375,149747008,16.06419945,16.06419945,0.30290699,0.482998997,4.022349834,9.303079605,0.211107999,0,7.816699982,83546.39844,116039,0,211.3679962,2,1772,78,207,126
B2498,0.6767,229.7640076,15,3840,2011,198,1.365689993,66,19,2.635200024,201,2.645750046,0,0,98.2097,38.5503,0.3452,92.30000305,-6.025000095,393.3959961,301.9830017,146663008,12.62559986,12.62559986,0.659901023,0.683791995,13.41969967,24.27610016,0.344653994,3,10.51980019,90553.89844,120416,1,73.90499878,2,1951,79,187,124
B2499,3.3835,3.814069986,13,3889,2011,0,2.740590096,68,19,1.163820028,205,1.897369981,16,0.111111,98.3092,38.4204,0.4554,126.1999969,-6.224999905,409.7520142,311.0880127,154366000,12.59399986,12.59399986,2.759819984,4.400660038,36.64799881,84.76129913,1.923419952,1,11.02280045,75643.89844,129248,0,10.25730038,2,2278,79,205,129
B2500,0.26,52.125,14,1774,2009,149,0.422515005,54,32,10.47529984,92,13.13770008,16,0.69135797,106.46,36.25,0.449,230.6999969,7.916669846,355.7940063,475.7789917,148808000,21.67510033,21.67510033,146.0359955,809.7109985,812.9219971,7359.890137,79.67949677,27,105.8929977,14212.7002,24166.09961,2,1876.98999,2,2202,82,222,127
B2501,0.4133,191.6690063,14,1917,2009,96,0.00625282,54,32,14.24610043,92,16.1121006,0,0.086419798,106.42,36.27,0.4797,249.8000031,7.241670132,369.072998,452.1289978,148799008,20.79310036,20.79310036,146.0359955,809.7109985,812.9219971,7359.890137,79.67949677,153,125.5199966,17492.90039,21470.90039,0,6629.080078,2,2178,82,212,128
B2502,0.4333,48.53229904,14,1946,2009,0,0.000354215,54,32,8.815979958,92,10.54510021,-2,0,106.44,36.28,0.5795,248.3999939,7.375,363.3139954,452.1289978,148799008,21.36619949,21.36619949,43.73860168,965.0880127,197.6029968,4902.879883,43.24760056,24,99.31430054,17804.5,23706.5,0,6629.080078,2,2178,82,212,127
B2503,0.6667,317.8619995,14,1803,2009,0,0.00180903,54,32,14.99670029,92,18.32480049,16,0.111111,106.45,36.29,0.4502,230.8999939,7.533329964,366.9859924,452.1289978,148799008,20.79990005,20.79990005,43.73860168,965.0880127,197.6029968,4902.879883,43.24760056,23,122.6240005,19416.5,24698.19922,0,6629.080078,2,2126,82,212,127
B2504,0.4369,267.5100098,29,3198,2011,0,5.910409927,42,29,1.781919956,130,2,16,0.024691399,99.78,37.01,0.6352,407.2999878,0.25,396.506012,581.5570068,172048992,15.07489967,15.07489967,15.43999958,88.64710236,259.4200134,898.2529907,8.973469734,2,11.08080006,18357.59961,53758.69922,2,65.62660217,2,2448,82,152,132
B2505,0.532,302.9049988,20,3199,2011,164,5.931990147,53,27,1.567379951,151,3.224900007,0,0,99.74,36.99,0.8181,521.4000244,-0.541666985,391.6419983,525.6820068,166684000,15.20969963,15.20969963,15.43999958,88.64710236,259.4200134,898.2529907,8.973469734,6,11.99580002,19924.90039,49517.69922,4,65.62660217,2,2577,81,165,135
B2506,0.2667,173.6600037,18,1310,2011,3,1.498370051,51,31,1.401980042,55,1.549190044,16,0,116.63,43.53,0.6187,276.1000061,1.433330059,318.4410095,375.7160034,148988992,12.34920025,12.34920025,16.95050049,110.4759979,98.02310181,683.3850098,14.73330021,1,112.4800034,35000,4472.140137,1,17335.69922,2,2568,79,212,134
B2507,0.3786,348.6900024,22,1041,2011,0,5.923369884,46,32,0.394793987,152,1.095450044,-1,0,116.27,43.72,0.4295,221.5,2.733330011,263.4320068,329.2850037,143072000,14.80080032,14.80080032,6.901810169,131.5939941,35.57389832,608.1699829,7.562990189,0,119.9789963,10049.90039,11180.2998,0,124.6470032,2,2359,81,190,140
B2508,0.4107,78.69010162,29,1117,2011,0,5.882750034,42,29,0.394793987,126,0.447214007,16,-0.654321015,116.55,43.83,0.5615,249.8000031,1.983330011,294.7030029,339.973999,145748992,12.79290009,12.79290009,6.519929886,32.60020065,38.35020065,224.0650024,5.499199867,2,68.59899902,31016.09961,9219.540039,0,9613.929688,2,2546,81,204,137
B2509,0.4308,255.2559967,18,986,2011,0,0.183700994,51,31,3.039530039,55,3.521359921,16,-0.333332986,117.1167,45.6667,0.4224,211.6999969,1.116670012,341.0159912,314.9769897,137416000,11.65820026,11.65820026,2.576430082,13.03899956,39.04850006,103.387001,1.900850058,3,9.100170135,23086.80078,227969,69,10341.5,2,2328,78,250,136
B2510,0.4428,254.0549927,16,1481,2011,0,2.900569916,77,7,1.127200007,50,1.414209962,-1,0.0123457,116.19,43.47,0.602,295.2999878,0.866666973,312.1659851,348.1530151,152602000,10.53310013,10.53310013,8.300149918,114.2229996,56.87749863,574.9140015,8.091910362,1,203.4940033,9000,6000,2,10865.90039,2,3286,77,222,121
B2511,0.4845,90,18,1215,2011,103,4.78745985,51,31,0.154853001,55,0.632456005,16,0.950617015,116.82,44.08,0.5708,233.3999939,1.174999952,330.723999,367.6080017,143414000,12.55319977,12.55319977,5.26955986,17.70700073,37.03960037,155.0079956,4.166989803,1,100.9260025,48104.10156,45188.5,2,156.3040009,2,2585,79,220,133
B2512,0.507,149.0359955,18,1232,2011,61,3.791280031,51,31,0.902867973,55,1.264909983,1,0,116.78,44.11,0.6072,265.3999939,1.174999952,332.4419861,367.6080017,143786000,11.82260036,11.82260036,5.26955986,17.70700073,37.03960037,155.0079956,4.166989803,1,38.64170074,45618,46486.60156,0,5.126170158,2,2506,79,222,134
B2513,0.5333,255.2559967,18,986,2011,0,0.183700994,51,31,3.039530039,55,3.521359921,16,-0.074074097,117.1167,45.6667,0.4224,211.6999969,1.116670012,341.0159912,314.9769897,137416000,11.65820026,11.65820026,2.576430082,13.03899956,39.04850006,103.387001,1.900850058,3,9.100170135,23086.80078,227969,69,10341.5,2,2328,78,250,136
B2515,0.5936,101.3099976,18,1198,2011,0,4.929230213,51,31,0.78955102,55,1.843909979,-1,0,116.85,44.05,0.5837,278.3999939,1.341670036,329.1839905,377.6919861,142848000,11.51570034,11.51570034,5.26955986,17.70700073,37.03960037,155.0079956,4.166989803,1,40.06299973,50000,43909,0,156.3040009,2,2714,79,195,134
B2516,0.5936,349.79599,7,1422,2011,151,0.652952015,80,13,7.818220139,101,9.497369766,16,0,116.93,43.67,0.7766,339,0.625,344.8129883,394.7969971,143878000,10.30379963,10.30379963,12.91320038,70.34729767,44.72679901,600.0189819,8.512129784,1,112.3580017,55659.69922,20248.5,4,244.8679962,2,3650,76,247,121
B2517,0.5949,280.8859863,18,1106,2011,14,1.113270044,51,31,4.092989922,55,4.171329975,2,0.061728399,116.18,43.95,0.5463,193.8000031,2.441669941,274.3519897,258.8240051,145878000,14.34969997,14.34969997,446.4070129,20580.09961,1106.609985,53549.10156,383.7890015,6,171.7089996,7071.069824,7280.109863,1331,3282600,2,2351,78,205,133
B2518,0.5949,109.7990036,18,1180,2011,0,2.531160116,51,31,2.056400061,55,2.40831995,16,0.0123457,116.42,43.99,0.6217,223.6999969,1.666669965,301.571991,299.4890137,146320992,13.2826004,13.2826004,446.4070129,20580.09961,1106.609985,53549.10156,383.7890015,2,84.42749786,19000,21400.90039,284,24.52549934,2,2471,79,202,137
B2519,0.7989,197.802002,18,1386,2011,0,0.0375215,51,31,8.794210434,55,10.06980038,0,-0.037037,117.02,43.52,0.8091,361.6000061,0.625,351.9729919,390.3460083,148551008,11.06029987,11.06029987,12.91320038,70.34729767,44.72679901,600.0189819,8.512129784,7,37.54779816,44407.19922,18384.80078,0,82.77570343,2,3469,76,235,125
B2520,0.9538,187.4309998,18,1139,2011,153,2.957060099,51,31,1.79531002,55,2,16,-0.074074097,116.25,43.88,0.4101,204.5,2.200000048,287.0700073,279.8999939,145307008,13.55130005,13.55130005,446.4070129,20580.09961,1106.609985,53549.10156,383.7890015,1,92.06240082,12041.59961,3605.550049,307,165.9530029,2,2542,79,199,124
B2521,1.0564,285.5239868,7,1216,2011,0,1.816609979,80,13,2.890450001,101,3.549649954,2,0.123457,116.74,43.69,0.5142,241.6000061,1.383329988,319.0899963,363.2919922,144724000,12.5593996,12.5593996,16.95050049,110.4759979,98.02310181,683.3850098,14.73330021,1,135.9989929,42154.5,7810.25,0,95.0007019,2,2839,80,190,135
B2522,0.6747,108.4349976,16,1207,2011,80,1.864609957,77,7,1.224040031,50,1.673320055,0,0,116.73,43.79,0.6267,301.1000061,1.316669941,314.7600098,362.0010071,144940000,12.16740036,12.16740036,6.519929886,32.60020065,38.35020065,224.0650024,5.499199867,1,103.0289993,43680.69922,13601.5,0,15.70709991,2,2585,80,207,130
B2523,0.6803,-1,7,1326,2011,27,3.983570099,80,13,0,101,0,1,0,117.01,43.59,0.6699,362.7000122,0.591666996,345.947998,392.2460022,146324992,9.241669655,9.241669655,12.91320038,70.34729767,44.72679901,600.0189819,8.512129784,7,66.79579926,50606.30078,23769.69922,1,82.77570343,2,3317,78,235,129
B2524,1.0093,303.6900024,18,1259,2011,102,1.511000037,51,31,0.558314025,55,0.632456005,16,-0.074074097,116.82,44.01,0.6372,258.7999878,1.166669965,335.9240112,372.4119873,143436992,11.28719997,11.28719997,5.26955986,17.70700073,37.03960037,155.0079956,4.166989803,1,102.0329971,47853.89844,39115.19922,1,377.5379944,2,2541,78,211,133
B2525,1.1989,201.8009949,18,1157,2011,113,3.578569889,51,31,0.833853006,55,1.673320055,0,-0.086419798,116.51,43.57,0.5767,273.5,2.275000095,295.3120117,359.6229858,147068000,13.0607996,13.0607996,16.95050049,110.4759979,98.02310181,683.3850098,14.73330021,1,106.4029999,25000,12530,0,177.7799988,2,2854,78,202,125
B2526,0.5229,64.72229767,19,3479,2008,0,9.94189E-10,54,27,17.89010048,17,21.0807991,-1,-0.333332986,103.55,32.85,0.8439,626.7999878,2.924999952,754.5780029,532.5390015,139210000,11.86600018,11.86600018,35.56190109,30.04120064,186.7140045,950.7329712,10.52900028,3,5.981430054,62297.69922,66189.10156,2,17097.69922,2,5869,59,269,112
B2530,0.7764,64.72229767,19,3479,2007,0,9.94189E-10,54,27,17.89010048,17,21.0807991,-1,0.0123457,103.55,32.85,0.8339,575.7000122,3.291670084,755.1160278,475.3739929,119308000,11.85289955,11.85289955,38.31520081,67.36260223,202.1080017,1249.390015,12.74470043,3,5.923319817,62297.69922,66189.10156,3,15187,2,5869,59,269,112
B2532,0.0225,285.2550049,7,347,2002,96,6.61522007,80,13,0.88273102,101,2.323790073,-2,0.296296,120.7167,42.9667,0.672,181.8000031,8.050000191,308.2579956,325.7319946,140194000,18.99600029,18.99600029,76.38690186,167.1329956,295.6369934,2831.350098,32.15190125,8,27.91399956,0,15132.7002,224,196.0879974,2,2327,79,212,139
B2534,0.0848,285.2550049,7,347,2002,96,6.61522007,80,13,0.88273102,101,2.323790073,-2,-0.098765403,120.7167,42.9667,0.672,181.8000031,8.050000191,308.2579956,325.7319946,140194000,18.99600029,18.99600029,76.38690186,167.1329956,295.6369934,2831.350098,32.15190125,8,27.91399956,0,15132.7002,224,196.0879974,2,2327,79,212,139
B2535,0.6055,45,27,3417,2005,0,4.851019859,45,28,0.218995005,126,1.414209962,16,-0.296296,102,33.9833,0.8236,360.3999939,2.049999952,728.7919922,540.6380005,139472000,15.10039997,15.10039997,18.6201992,126.0029984,200.4349976,1426.959961,10.79660034,3,5.771420002,181838,74404.29688,4,17579.5,2,3416,70,282,109
B2539,0.0612,127.1470032,48,1469,2008,0,4.10633E-06,30,22,18.55590057,48,21.77149963,16,0.086419798,82.65,45.91,0.7853,444,4.775000095,352.2340088,505.3049927,147382000,10.95899963,10.95899963,0.953056991,10.85439968,22.88120079,73.64099884,0.722810984,0,8.441940308,87475.70313,85562.79688,4,31.34840012,2,3923,68,212,121
B2540,0.097,265.9140015,19,1320,2008,68,0.062832803,58,23,4.338630199,54,4.837349892,1,0.086419798,82.67,45.98,0.684,421.3999939,4.633329868,320.6279907,544.5250244,147728992,14.42440033,14.42440033,26.20750046,225.7089996,640.552002,1520.329956,14.5927,4,14.55459976,89888.79688,77794.60156,2,149.2890015,2,3226,70,241,126
B2541,0.1667,192.529007,19,1116,2008,0,0.186443999,58,23,1.427379966,54,2.75680995,0,0,82.71,46.12,0.427,282.2000122,6.441669941,290.5469971,444.2770081,147352000,17.32939911,17.32939911,26.20750046,225.7089996,640.552002,1520.329956,14.5927,2,20.62779999,72235.70313,63007.89844,4,808.526001,2,2433,76,246,134
B2543,0.2203,117.5179977,14,2209,2011,0,0.000370876,54,32,14.27670002,92,16.67930031,1,0.679012001,106.0761,35.7631,0.5856,320.1000061,5.158329964,490.473999,537.4359741,142599008,16.89719963,16.89719963,193.6190033,1379.540039,837.3150024,10720.2998,105.2590027,39,111.2539978,16124.5,15000,1,12102.09961,2,2958,79,244,121
B2546,0.2229,145.6199951,21,3717,2005-2006,0,0.341464013,47,32,1.781919956,193,2.932579994,1,0.086419798,99.9033,34.5726,0.7747,250.5499954,-0.775001466,523.9754944,406.3099976,127355500,15.36915016,15.36915016,1.136955023,8.655469894,18.93550014,46.28647959,0.729707003,1,5.458374977,269164,0,0.5,695.4325256,2,3795,74,232,120
B2547,0.3055,205.5599976,17,3961,2005-2006,110,1.405599952,44,39,1.973219991,197,1.897369981,16,0.086419798,100.495,34.3656,0.7234,283.1999969,-1.329164982,596.4059906,479.201004,137002004,15.57199955,15.57199955,3.039605021,8.475144863,63.34544945,72.33089232,1.395060003,16.5,8.588934898,273123,0,1,432.8149872,2,4546,72,266,112
B2548,0.7524,217.0930023,17,3885,2005-2006,226,1.53192997,44,39,3.973380089,197,3.974920034,16,-0.037037,100.3509,34.4205,0.6356,270.75,-0.820833504,559.3004913,466.9400024,143308000,18.04139996,18.04139996,14.13520002,106.0820007,194.9434967,411.6288352,8.357759953,5.5,5.628770113,271022,4000,1.5,4611.22998,2,4426,72,265,112
B2549,0.9346,161.5650024,17,3958,2005-2006,0,0.124664001,44,39,1.957999945,197,6.340350151,16,0.049382702,100.0983,34.5068,0.81675,277.1499939,-1.412499964,553.3075104,433.9994965,131698000,14.12074995,14.12074995,1.136955023,8.655469894,18.93550014,46.28647959,0.729707003,3,7.439725161,268924,1000,0,121.5706482,2,4832,72,255,110
B2550,1.1897,208.3009949,17,3909,2005-2006,178,0.292241007,44,39,7.950910091,197,8.306619644,0,-0.037037,100.1239,34.4993,0.8471,279.9499969,-1.112501502,538.9875183,433.9994965,130106500,13.85909986,13.85909986,14.13520002,106.0820007,194.9434967,411.6288352,8.357759953,1,5.925105095,269082,1000,0,977.1400146,2,4756,74,261,110
B2551,1.1268,204.7019958,21,4567,2002-2004,0,0.0140354,47,32,8.460539818,193,8.694829941,16,-0.135802001,99.3333,34.5,0.4068,90.69999949,-7.527780056,524.383667,302.8890076,106217200,11.96473312,11.96473312,3.275460005,4.923690001,62.98220062,132.1263377,1.327023347,1,3.272279978,269904,34828.10156,0,0,2,4402,71,324,109
B2554,1.273,202.3000031,21,4194,2002-2004,2,4.46811E-07,47,32,17.58589935,193,21.57309914,16,-0.098765403,100.3754,34.4337,0.827333333,250.9666697,-3.683333317,582.0483398,455.4340007,152373333.3,16.24323336,16.24323336,15.07900016,102.4756673,192.2893321,948.4606934,9.064966838,0,5.6816233,268509,6324.560059,0,3434.930094,2,4796,73,275,111
B2555,1.3172,188.6159973,17,3870,2002-2004,0,1.879480004,44,39,2.582489967,197,2.75680995,16,0,100.3634,34.4103,0.773733333,269.1000061,-1.058333317,536.2583313,455.4340007,152373333.3,19.01449966,19.01449966,15.07900016,102.4756673,192.2893321,948.4606934,9.064966838,9,5.647823334,271371,3605.550049,0,3434.930094,2,4338,71,271,112
B2556,1.3325,198.4349976,17,3891,2002-2004,252,0.701246023,44,39,3.667649984,197,4.242640018,16,0,100.3662,34.4138,0.773733333,271.7333374,-1.058333317,542.1400045,455.4340007,152373333.3,19.42406718,19.42406718,15.07900016,102.4756673,192.2893321,948.4606934,9.064966838,9,5.647823334,270416,4472.140137,0,3434.930094,2,4393,73,264,112
B2557,1.359,238.6269989,17,3955,2002-2004,45,0.422167003,44,39,3.71288991,197,4.449719906,16,-0.098765403,100.3642,34.4225,0.7882,283.6666667,-1.458333333,546.1319885,455.4340007,152373333.3,19.34476662,19.34476662,15.07900016,102.4756673,192.2893321,948.4606934,9.064966838,7,5.668806553,269462,5385.169922,0,3434.930094,2,4533,73,269,112
B2558,1.7865,228.1260071,21,4345,2002-2004,0,4.46945E-08,47,32,24.49020004,193,25.28639984,2,-0.0123457,100.3798,34.4359,0.842033333,248.899999,-3.825000048,582.0483398,455.4340007,152373333.3,16.24323336,16.24323336,15.07900016,102.4756673,192.2893321,948.4606934,9.064966838,0,3.887039979,268209,6708.200195,0,3434.930094,2,4951,73,279,109
B2559,0.9629,118.3010025,20,3190,2005-2006,0,3.764179945,53,27,1.143039942,151,3.162280083,-1,-0.0123457,101.3132,37.6102,0.8553,361.9499969,-1.520830035,560.1699829,400.7265015,130169000,14.23689985,14.23689985,37.56344986,82.43920135,246.3054962,758.2453575,16.73309994,32.5,9.84623003,7810.25,6324.560059,0,74.85509872,2,4042,76,197,118
B2560,1.057,197.1029968,20,3326,2005-2006,182,1.939370036,54,26,2.105289936,206,2.645750046,16,-0.0123457,101.3263,37.6632,0.81225,336.6500092,-2.099999964,577.2649841,360.4904938,123510000,14.13765001,14.13765001,37.56344986,82.43920135,246.3054962,758.2453575,16.73309994,22.5,12.56465006,2236.070068,0,3.5,74.85509872,2,3940,78,211,118
B2561,1.3607,212.276001,20,3317,2005-2006,0,0.061537601,54,26,6.925869942,206,6.957009792,16,0.037037,101.276,37.6996,0.7526,325.5999908,-2.066664994,570.6489868,360.4904938,126071000,14.55270004,14.55270004,37.56344986,82.43920135,246.3054962,758.2453575,16.73309994,13.5,12.24539995,4472.140137,2236.070068,3.5,325.6980133,2,4051,77,216,117
B2562,0.3926,135,18,1180,2003,0,3.983419895,51,31,0.218995005,55,1.612450004,16,0,116.555,43.5425,0.5762,279.7000122,1.966670036,439.8850098,505.3970032,126903000,13.18190002,13.18190002,16.59939957,83.67980194,66.12210083,854.5910034,15.22840023,3,29.53109932,29000,10000,0,140.4149933,2,2572,80,209,132
B2564,0.5512,185.5279999,18,1257,2003,42,3.933459997,51,31,2.410020113,55,2.792850018,1,0.024691399,116.6936,43.5497,0.5604,294,1.333330035,447.4570007,503.3880005,127060000,11.55959988,11.55959988,16.59939957,83.67980194,66.12210083,854.5910034,15.22840023,3,30.87229919,39000,0,0,7970.870117,2,2690,80,210,134
B2566,0.8158,341.1470032,18,1433,2003,55,0.523930013,51,31,6.678510189,55,7.197219849,1,-0.049382702,116.8217,43.505,0.7942,362.6000061,0.408333004,465.677002,503.0740051,127108000,9.767780304,9.767780304,10.42959976,52.96649933,47.62739944,562.1699829,6.657090187,2,60.72900009,49000,6403.120117,0,5059.399902,2,3022,78,213,120
B2569,0.3479,14.34930038,17,1091,2003,0,4.879310131,62,21,3.432450056,56,3.033149958,0,0.086419798,112.6736,42.7767,0.2462,131.6000061,5.283329964,312.0570068,393.2550049,129419000,15.92259979,15.92259979,23.99279976,181.0829926,83.6937027,1891.920044,15.98700047,2,7.419000149,1000,4123.109863,1166,7919.919922,2,1514,81,191,145
B2572,0.0427,0,7,360,2008,93,6.581039906,80,13,0.154853001,101,0.632456005,16,-0.098765403,120.7,42.9167,0.5492,223.5,8.283329964,344.803009,423.1679993,143758000,18.13999939,18.13999939,76.96140289,225.5420074,676.6539917,3011.560059,39.13010025,7,79.76909637,1000,13928.40039,24,592.9970093,2,1974,79,214,141
B2574,0.3436,174.8059998,19,3312,2009,147,2.616549969,58,23,0.855143011,54,4.404540062,0,0.086419798,99.9667,35.5833,0.3696,145.6000061,2.691669941,499.5549927,495.256012,164102000,19.78849983,19.78849983,13.77910042,120.4929962,157.4660034,1098.609985,9.043789864,10,30.75279999,156416,25961.5,389,29355.30078,2,2286,78,167,128
B2575,1.2923,333.4349976,20,3192,2009,19,1.585369945,54,26,2.076669931,151,3.286339998,2,-0.098765403,101.3,37.6167,0.8675,357.2999878,-1.216670036,557.6859741,427.29599,151856000,17.96960068,17.96960068,42.77569962,87.88829803,318.4750061,1793.660034,20.28059959,45,17.16539955,7810.25,6324.560059,9,70.17669678,2,3853,76,203,119
B2576,0.4045,66.80139923,21,4051,2009,0,2.954740047,47,32,1.179159999,193,1.095450044,-2,0.086419798,99.8833,33.95,0.8139,273,-1.416669965,687.3120117,431.3429871,111296000,13.89990044,13.89990044,4.686120033,4.081160069,69.08650208,179.4779968,2.014070034,7,1.811450005,337664,63134.80078,2,17121.19922,2,4770,70,298,113
B2580,0.8455,355.1010132,9,4197,2009,0,2.683510065,75,16,2.717829943,198,3.633179903,16,0.024691399,95.8,34.1167,0.7279,196.6000061,-0.658333004,573.6950073,430.802002,143343008,15.18669987,15.18669987,0.616603017,7.908339977,9.169260025,59.72940063,0.452499002,1,1.402169943,230243,118296,1,23504.40039,2,3999,76,236,120
B2581,0.9218,66.80139923,21,4051,2009,0,2.954740047,47,32,1.179159999,193,1.095450044,-2,0.024691399,99.8833,33.95,0.8139,273,-1.416669965,687.3120117,431.3429871,111296000,13.89990044,13.89990044,4.686120033,4.081160069,69.08650208,179.4779968,2.014070034,7,1.811450005,337664,63134.80078,2,17121.19922,2,4770,70,298,113
B2582,0.0272,315,27,129,2011,0,8.905810356,45,28,0.766439974,126,0.894427001,2,0.024691399,123.851,45.601,0.4755,181.8999939,5.316669941,458.0629883,511.677002,134628000,12.00580025,12.00580025,176.4349976,618.2700195,662.3410034,6487.169922,73.19329834,24,189.5379944,6324.560059,1414.209961,126,9936.389648,2,2957,81,246,132
B2583,0.0687,135,8,129,2011,0,8.906169891,85,7,0.328489989,102,1.095450044,2,0.024691399,123.858,45.609,0.5156,221.1999969,5.291669846,458.8619995,511.677002,134628000,12.16310024,12.16310024,176.4349976,618.2700195,662.3410034,6487.169922,73.19329834,48,194.6380005,7211.100098,1000,48,9936.389648,2,3258,81,224,133
B2584,0.1104,255.9640045,27,129,2011,0,8.90596962,45,28,0.63845098,126,0.632456005,2,0.061728399,123.852,45.602,0.4755,181.8999939,5.316669941,458.0629883,511.677002,134628000,12.00580025,12.00580025,176.4349976,618.2700195,662.3410034,6487.169922,73.19329834,24,189.5379944,6324.560059,1414.209961,126,9936.389648,2,2957,81,246,132
B2585,0.1509,59.03620148,27,129,2011,0,8.905579567,45,28,0.451462001,126,0.774596989,2,-0.0123457,123.848,45.601,0.6837,190.8000031,5.316669941,458.0629883,485.3120117,134763008,12.00580025,12.00580025,176.4349976,618.2700195,662.3410034,6487.169922,73.19329834,45,188.5610046,5830.950195,1000,126,9936.389648,2,2957,81,246,132
B2586,0.1976,108.4349976,27,130,2011,0,8.906040192,45,28,0.244843006,126,1.095450044,-1,-0.037037,123.844,45.605,0.6837,199.6999969,5.316669941,457.7090149,485.3120117,134763008,12.00580025,12.00580025,176.4349976,618.2700195,662.3410034,6487.169922,73.19329834,45,189.5379944,5830.950195,1000,126,9936.389648,2,2957,81,246,132
B2587,1.127,232.8529968,18,1396,2007,149,0.707754016,51,31,3.202169895,55,3.741660118,-1,-0.037037,116.8167,43.5,0.5726,246.5,2.233330011,292.8129883,324.8710022,146018000,15.08959961,15.08959961,13.14309978,102.9729996,50.85350037,737.4039917,10.18080044,0,17.01510048,49000,5656.850098,3,7841.620117,2,3022,78,213,120
B2588,0.3581,264.8059998,21,4063,2003,0,2.805210114,47,32,0.855143011,193,4.242640018,0,-0.098765403,100.198,34.151,0.759,224,-2.508330107,589.6890259,437.1560059,146587008,14.66609955,14.66609955,6.726170063,14.62479973,130.1190033,315.79599,2.884840012,4,0.754303992,305806,30364.5,0,1967,2,4381,74,271,111
B2589,0.9057,152.6499939,21,4057,2003,0,2.643450022,47,32,2.526319981,193,4.171329975,-1,0.271605015,100.199,34.15,0.759,235.1999969,-2.125,589.6890259,437.1560059,147896992,14.66609955,14.66609955,6.726170063,14.62479973,130.1190033,315.79599,2.884840012,4,0.897774994,305806,30364.5,0,1967,2,4381,74,271,111
B2590,0.4111,288.4349976,18,1179,2003,0,3.982599974,51,31,0.244843006,55,0.632456005,0,-0.037037,116.5531,43.5398,0.5762,266.6000061,1.966670036,439.8850098,505.3970032,126903000,13.64490032,13.64490032,16.59939957,83.67980194,66.12210083,854.5910034,15.22840023,3,29.53109932,29000,10198,0,140.4149933,2,2448,79,207,132
B2591,0.5781,18.43490028,18,1180,2003,0,3.98326993,51,31,0.489677995,55,0.894427001,16,0.679012001,116.5548,43.5411,0.5762,266.6000061,1.941669941,439.8850098,505.3970032,126903000,13.18190002,13.18190002,16.59939957,83.67980194,66.12210083,854.5910034,15.22840023,3,29.53109932,29000,10000,0,140.4149933,2,2448,79,207,132
B2592,0.6298,175.6009979,7,1182,2003,98,5.649990082,80,13,1.009420037,101,1.949360013,0,-0.45679,116.69,43.6332,0.4681,256.2000122,1.416669965,435.5050049,488.0830078,125068000,13.82479954,13.82479954,16.59939957,83.67980194,66.12210083,854.5910034,15.22840023,3,31.66740036,38078.89844,2828.429932,0,7970.870117,2,2777,80,193,135
B2593,0.6591,354.8059998,18,1236,2003,0,3.700269938,51,31,0.855143011,55,0.632456005,-2,-0.061728399,116.6772,43.5572,0.6503,330.1000061,1.341670036,447.006012,488.0830078,126063000,11.20359993,11.20359993,16.59939957,83.67980194,66.12210083,854.5910034,15.22840023,3,30.40749931,38000,1000,0,7970.870117,2,2485,80,215,135
B2594,0.6958,263.6600037,7,1182,2003,98,5.274509907,80,13,0.701093972,101,1.732049942,0,0.333332986,116.7,43.6333,0.5499,251,1.399999976,435.7669983,488.0830078,125068000,14.81260014,14.81260014,16.59939957,83.67980194,66.12210083,854.5910034,15.22840023,3,33.63550186,38078.89844,2828.429932,0,7970.870117,2,2777,80,193,135
B2595,0.7298,158.1990051,18,1266,2003,4,3.969719887,51,31,0.833853006,55,2.323790073,16,0.049382702,116.6751,43.5459,0.6021,309.2000122,1.316669941,448.6019897,503.3880005,127060000,11.33720016,11.33720016,16.59939957,83.67980194,66.12210083,854.5910034,15.22840023,4,30.66430092,38000,1000,0,7970.870117,2,2602,80,214,134
B2596,0.047,201.1499939,14,1807,2002,0,0.00151863,54,32,11.2276001,92,11.84910011,0,0,106.42,36.24,0.4401,226.1999969,7.875,478.6719971,585.5180054,154088000,21.58209991,21.58209991,201.3269958,570.197998,844.026001,8630.169922,102.7269974,1532,34.61769867,15000,19697.69922,0,1617.579956,2,2232,82,269,129
B2597,0.0519,240.9450073,14,1901,2002,0,0.086323798,54,32,5.562560081,92,12.06649971,1,-0.69135797,106.46,36.28,0.4869,226.1000061,7.599999905,484.3340149,599.3099976,154031008,20.35009956,20.35009956,48.08229828,225.3529968,202.4859924,3311.23999,27.77149963,22,33.4333992,18027.80078,25059.90039,0,5500.680176,2,2257,82,224,128
B2598,0.0561,358.2640076,14,1809,2002,0,0.706879973,54,32,10.11849976,92,10.93620014,16,0.283951014,106.45,36.27,0.3989,222.1000061,7.783329964,483.4649963,578.1240234,154124992,21.44560051,21.44560051,48.08229828,225.3529968,202.4859924,3311.23999,27.77149963,16,31.61910057,17029.40039,23259.40039,0,5500.680176,2,2236,82,218,129
B2599,0.0715,184.3159943,14,1854,2002,66,0.019680399,54,32,8.174650192,92,11.84060001,1,-0.358025014,106.44,36.25,0.4286,223.1999969,7.974999905,480.2470093,585.5180054,154088000,21.68260002,21.68260002,201.3269958,570.197998,844.026001,8630.169922,102.7269974,29,35.21870041,15556.2998,22360.69922,0,1617.579956,2,2137,82,231,129
B2600,0.0778,217.7059937,14,1782,2002,0,0.000119344,54,32,13.54100037,92,15.95619965,0,-0.259258986,106.45,36.24,0.3758,228.3000031,8.091670036,476.9259949,585.5180054,154088000,21.8260994,21.8260994,201.3269958,570.197998,844.026001,8630.169922,102.7269974,29,35.94630051,14142.09961,22825.40039,0,1617.579956,2,1984,82,279,129
B2601,0.329,266.697998,14,1630,2009,67,9.79574E-07,54,32,8.013110161,92,17.83259964,16,-0.086419798,106.9,36.2,0.4315,236,8.841670036,383.7990112,486.9660034,151204992,21.01059914,21.01059914,44.79959869,106.6719971,149.4989929,1678.410034,18.27440071,12,62.55950165,24351.59961,47413.10156,2,3367.850098,2,2009,81,215,125
B2602,0.37,64.94239807,14,1628,2009,94,0.228484005,54,32,12.93809986,92,14.21269989,0,0.370370001,106.8,36.3,0.4879,200,8.716670036,370.7080078,480.4729919,150211008,22.57439995,22.57439995,92.87940216,239.5410004,392.5289917,3517.840088,39.42589951,17,24.35250092,23600.80078,50911.69922,3,356.0169983,2,2091,82,222,128
B2603,0.612,331.5809937,14,1479,2009,96,0.00311089,54,32,19.54159927,92,24.77099991,16,0.518518984,108.6,37.1,0.558,285,8.675000191,494.3959961,495.9590149,160500992,19.5632,19.5632,37.76179886,110.5370026,140.7689972,1567.199951,24.71240044,10,299.1589966,47853.89844,24351.59961,763,2024.73999,2,1819,82,189,125
B2604,0.652,79.61599731,14,1627,2009,0,2.56042E-07,54,32,14.70330048,92,18.71360016,16,-0.45679,108.45,36.92,0.5103,252.8000031,8.633330345,494.8139954,485.7319946,160616000,19.4666996,19.4666996,80.27780151,231.5839996,186.098999,3395.790039,55.88199997,8,30.94199944,67230.89844,3605.550049,7,1279.75,2,1782,83,190,127
B2605,0.655,179.5339966,14,1142,2009,0,0.064958498,54,32,9.437520027,92,12.61740017,16,0.320987999,109.8,37.5,0.5477,218.6000061,10.16670036,559.3270264,470.6419983,159900000,19.79400063,19.79400063,313.7260132,449.6730042,700.0300293,8741.959961,114.3410034,36,125.9869995,9848.860352,9433.980469,2,6205.629883,2,1359,83,175,127
B2606,0.66,352.6659851,14,1335,2009,17,0.793102026,54,32,15.38819981,92,20.83270073,16,0.320987999,108.9,36.8,0.6752,329.2999878,9.274999619,537.7089844,527.9349976,160192000,19.37109947,19.37109947,145.1390076,457.2749939,338.098999,6410.180176,105.3470001,12,57.79159927,43139.30078,6082.759766,3100,866.9110107,2,1962,83,182,126
B2607,0.666,213.5509949,14,1184,2009,44,0.00642369,59,27,8.757129669,96,10.87199974,16,0.320987999,109.4,37.2,0.7114,297.3999939,10.0916996,531.5599976,494.0960083,160203008,20.23189926,20.23189926,125.7480011,219.6730042,373.401001,3994.679932,61.66289902,24,140.1390076,17000,28600.69922,934,2714.5,2,1535,84,182,125
B2608,0.745,228.6080017,14,1426,2009,0,2.16007E-05,54,32,11.99979973,92,16.36459923,16,0.320987999,108.7,36.6,0.6778,335.7999878,9.475000381,518.2659912,526.1459961,160148992,20.36870003,20.36870003,128.6239929,201.3600006,260.5090027,4650.919922,94.55380249,34,30.52009964,62393.89844,31064.40039,0,261.993988,2,1948,82,177,125
B2609,0.745,170.7070007,14,1234,2009,83,0.084898897,54,32,8.56581974,92,9.969949722,16,-0.086419798,109.45,37.82,0.4828,168,9.691670418,461.1879883,457.0880127,157388992,21.60650063,21.60650063,91.52159882,104.5770035,342.0859985,2450.780029,36.78039932,24,150.1320038,16155.5,30805.80078,2,2715.659912,2,1220,83,201,133
B2610,0.781,195.9450073,7,1287,2009,0,0.455538005,80,13,1.127200007,101,1.549190044,2,-0.074074097,108.8,37.9,0.3549,169.6999969,9.574999809,371.7250061,432.572998,156446000,23.34900093,23.34900093,110.8799973,366.2510071,486.9339905,4581.439941,72.92579651,13,174.2839966,0,18601.09961,2,1359.619995,2,1161,84,190,138
B2611,0.783,79.61599731,14,1627,2009,0,2.56042E-07,54,32,14.70330048,92,18.71360016,16,0.345678985,108.45,36.92,0.5103,252.8000031,8.633330345,494.8139954,485.7319946,160616000,19.4666996,19.4666996,80.27780151,231.5839996,186.098999,3395.790039,55.88199997,8,30.94199944,67230.89844,3605.550049,7,1279.75,2,1782,83,190,127
B2612,0.783,88.02510071,14,1259,2009,102,0.00647424,54,32,8.91421032,92,9.919679642,16,-0.024691399,110.11,38.42,0.4386,174.6999969,9.225000381,494.4660034,451.5209961,154104000,19.56669998,19.56669998,129.8309937,293.868988,428.2479858,4389.509766,58.5603981,20,226.5079956,21023.80078,9433.980469,3,58781.89844,2,1203,84,173,128
B2613,0.784,99.97989655,14,1585,2009,177,0.000341662,54,32,17.72920036,92,20.45969963,16,-0.160494,108.9,37.3,0.4626,210.6000061,9.091670036,497.1040039,493.4899902,158771008,20.3253994,20.3253994,37.76179886,110.5370026,140.7689972,1567.199951,24.71240044,4,256.5759888,16155.5,1000,621,29422.80078,2,1768,83,197,126
B2614,0.825,330.3009949,14,1148,2009,0,0.270220011,54,32,11.86089993,92,16.04369926,-1,-0.061728399,110.13,37.25,0.6808,270.7999878,10.4666996,603.848999,498.5100098,161824000,19.35759926,19.35759926,266.2080078,297.4360046,691.3079834,6800.459961,90.92099762,49,104.2139969,4000,1000,3,16996.69922,2,1345,83,174,126
B2615,0.903,253.1419983,14,1443,2009,0,1.93255E-05,59,27,10.55809975,96,16.22960091,0,0.222222,109.35,37.26,0.5792,273.6000061,9.75,531.5469971,486.7940063,160206000,20.21610069,20.21610069,125.7480011,219.6730042,373.401001,3994.679932,61.66289902,21,132.6490021,16124.5,29206.19922,0,1674.26001,2,1830,83,184,126
B2616,1.177,305.7890015,9,915,2009,0,5.00563E-05,76,15,12.12860012,92,14.23379993,0,0.222222,111.7,36.9,0.6817,333.2999878,10.94169998,536.7080078,501.7139893,167190000,18.94779968,18.94779968,539.0670166,2057.419922,243.1820068,22249.5,425.0299988,39,680.3099976,4123.109863,14764.7998,833,241342,2,1486,81,205,125
B2617,0.316,257.0050049,14,1935,2009,0,0.598927975,54,32,4.12485981,92,6.131879807,16,0.222222,106.7,35.4,0.5949,449.7999878,7,503.9639893,570.2719727,148720000,18.89189911,18.89189911,118.0039978,1375.959961,416.6130066,9595.269531,62.11270142,584,341.0859985,11704.7002,6708.200195,16,2340.929932,2,3178,78,230,123
B2618,0.327,156.8009949,14,1282,2009,24,5.41129E-05,54,32,7.04031992,92,8.049839973,1,0.222222,107.2,35.4,0.5079,389.3999939,10.29170036,458.54599,503.3770142,150744992,20.84670067,20.84670067,477.7189941,1315.369995,1412.72998,19064.90039,201.7129974,10,205.4839935,1414.209961,2828.429932,7,21070.30078,2,1831,81,213,124
B2619,0.363,17.74469948,21,1467,2009,11,2.74053E-07,40,39,12.01490021,64,15.29710007,16,0.222222,107.1,35.7,0.5214,272.5,9.691670418,417.4110107,492.4559937,151099008,20.99860001,20.99860001,254.3580017,10573.40039,781.6959839,13033.59961,104.4020004,26,81.61319733,29732.09961,30870.69922,0,3309.370117,2,2101,80,213,123
B2620,1.26,245.322998,14,1476,2009,0,0.00523808,54,32,6.280139923,92,12.86859989,16,0.222222,113.2,38.21,0.7935,415.7999878,7.699999809,644.5040283,648.6469727,164624992,15.23250008,15.23250008,344.8179932,598.0419922,316.9450073,11167.2998,233.9609985,27,268.5429993,16401.19922,11045.40039,2,1508.25,2,2780,73,168,121
B2621,1.289,8.13010025,12,1724,2009,109,3.14902E-07,62,26,1.094849944,29,7.77173996,16,0.222222,112.8,37.98,0.8609,375.5,6.583330154,645.1209717,475.026001,165403008,14.00419998,14.00419998,527.401001,3435.429932,661.0170288,30545,400.2200012,6,111.651001,6324.560059,5000,28,32908.30078,2,3576,70,163,115
B2622,1.299,302.4710083,14,988,2009,147,0.000357424,54,32,3.025749922,92,5.385159969,-3,0.222222,111.92,35.78,0.7483,423.7999878,11.50829983,503.6400146,581.7930298,158028000,18.91810036,18.91810036,547.5230103,873.1469727,842.8109741,18948.80078,335.7529907,14,550.190979,5099.02002,7000,25,145269,2,1865,74,199,130
B2623,0.2434,165.0690002,17,4427,2009-2010,0,0.683275998,44,39,4.796710014,197,4.959839821,1,0.222222,91.05,30.5097,0.4224,135.4500046,2.883334994,453.7460022,488.8789978,177996000,25.59140015,25.59140015,6.364334822,57.60300064,299.5370026,253.164505,2.825574994,5,25.28110027,5656.850098,6082.759766,6,3610.775024,2,3893,73,233,127
B2624,0.4869,164.9380035,21,4840,2009-2010,253,1.74385E-06,47,32,22.84219933,193,25.78759956,16,-0.320987999,91.05,30.5301,0.6026,219.2000046,0.599999994,490.1940002,488.8789978,177996000,25.52280045,25.52280045,6.364334822,57.60300064,299.5370026,253.164505,2.825574994,0,19.91104984,7810.25,8485.280273,4.5,3610.775024,2,4153,71,241,108
B2625,1.5934,168.6900024,21,4612,2009-2010,21,0.00545578,47,32,10.53909969,197,11.29599953,2,-1.358019948,91.05,30.5211,0.79555,193.6999969,1.96666503,470.0270081,488.8789978,173263504,26.26309967,26.26309967,6.364334822,57.60300064,299.5370026,253.164505,2.825574994,2,25.25469971,7211.100098,7810.25,0,3610.775024,2,4116,72,240,124
B2626,2.0139,148.2409973,17,4367,2009-2010,30,0.908082008,44,39,3.818929911,197,3.94968009,2,0.283951014,91.05,30.5032,0.4524,133.4499969,3.525000095,442.8495026,488.8789978,173263504,25.59140015,25.59140015,6.364334822,57.60300064,299.5370026,253.164505,2.825574994,5,25.26464939,5656.850098,6082.759766,6,3610.775024,2,3825,73,218,127
B2627,3.0098,164.5010071,21,4629,2009-2010,0,0.0173869,47,32,9.474189758,197,10.47850037,-2,0.728394985,91.05,30.5218,0.79555,193.6999969,1.96666503,470.0270081,488.8789978,173263504,26.26309967,26.26309967,6.364334822,57.60300064,299.5370026,253.164505,2.825574994,2,25.25469971,7211.100098,7810.25,0,3610.775024,2,4116,72,240,124
B2628,0.8081,21.33690071,14,2105,2012,14,0.568517029,54,32,10.52009964,92,11.37539959,2,-0.0123457,106.38,36.25,0.7597,361.8999939,5.983329773,483.7189941,534.0109863,151924992,16.83609962,16.83609962,151.9100037,1383.089966,625.4760132,7868.029785,84.88770294,15,149.3569946,13416.40039,17464.30078,3,491.6919861,2,2516,81,224,121
B2629,1.2362,195.4790039,14,1736,2012,176,9.79668E-06,54,32,10.33090019,92,10.15869999,16,-0.641974986,106.43,36.19,0.5471,315.3999939,7.574999809,462.8519897,534.0109863,152368000,19.71389961,19.71389961,151.9100037,1383.089966,625.4760132,7868.029785,84.88770294,37,174.8130035,10000,19416.5,5,2122.639893,2,2291,82,233,128
B2630,0.1706,257.8760071,17,1102,2007,87,0.140561,62,21,10.56949997,56,11.6704998,16,0.0123457,110.3833,38.8167,0.4923,167.5,9.475000381,582.8790283,492.4500122,157296992,19.89830017,19.89830017,149.9400024,393.9519958,289.8540039,6016.549805,111.6740036,92,197.4730072,0,1000,891,1478.119995,2,1219,84,172,127
B2631,0.1695,0,21,4209,2011,0,4.981400013,32,47,0.309704006,202,1.843909979,16,-0.0123457,98.3167,34.8333,0.228,73.40000153,-3.391669989,451.5870056,408.1570129,133659000,11.46809959,11.46809959,5.673019886,7.703979969,51.22140121,239.1150055,2.620569944,3,0.040116999,238430,1414.209961,1,20258.69922,2,2447,79,287,127
B2632,0.406,315,21,4215,2011,0,4.909639835,32,47,0.547473013,202,0.894427001,16,-0.024691399,98.2833,34.85,0.3575,89.09999847,-3.241669893,448.9899902,408.1570129,131857000,14.59029961,14.59029961,5.673019886,7.703979969,51.22140121,239.1150055,2.620569944,3,0.450125992,237200,1000,0,20258.69922,2,2398,80,298,126
B2633,0.4468,216.8699951,21,4263,2011,21,5.689370155,32,47,0.77421999,202,1.095450044,16,0.0123457,98.5667,34.8333,0.3601,95.80000305,-4.574999809,473.7980042,362.9169922,136372992,13.55970001,13.55970001,0.405685008,1.11135006,3.652139902,19.63139915,0.197274998,3,0.454219013,233489,9219.540039,1,0,2,2901,77,257,122
B2634,0.6483,153.4349976,21,4219,2011,24,4.845900059,32,47,0.346258998,202,2.049390078,16,0.0123457,98.25,34.8667,0.2507,80.69999695,-2.983330011,446.9429932,358.0840149,137098000,11.73110008,11.73110008,5.673019886,7.703979969,51.22140121,239.1150055,2.620569944,3,0.451968014,236019,1000,1,2597.52002,2,2512,79,241,126
B2635,0.355,243.4349976,17,3951,2009-2010,0,3.98871994,44,39,0.346258998,197,0.632456005,16,0.0123457,100.4912,34.3519,0.5802,279.4000092,-1.120829999,600.2114868,477.6850128,132149500,17.65880013,17.65880013,4.014854908,8.397575378,54.25489998,180.8039932,1.850614965,25,10.2002449,274089,1000,2,935.5964966,2,4495,73,281,115
B2636,0.715,329.0360107,17,3946,2009-2010,23,3.987750053,44,39,0.451462001,197,0.774596989,2,0.0123457,100.4908,34.3582,0.69885,281.6500092,-1.120829999,600.2114868,477.6850128,132149500,17.65880013,17.65880013,4.014854908,8.397575378,54.25489998,180.8039932,1.850614965,25,10.2048502,274089,1000,2,935.5964966,2,4633,73,282,115
B2637,0.95,161.5650024,17,3960,2009-2010,256,1.840379953,44,39,1.224040031,197,1.341639996,16,0.0123457,100.475,34.3471,0.8116,273.6000061,-1.112500012,602.4494934,455.5759888,128225004,16.86650085,16.86650085,4.014854908,8.397575378,54.25489998,180.8039932,1.850614965,1,6.808389902,275572,2828.429932,3,935.5964966,2,4529,73,281,112
B2638,1.296,270,17,3950,2009-2010,0,3.988140106,44,39,0.464549989,197,0.894427001,0,0.0123457,100.4901,34.3521,0.5802,279.4000092,-1.120829999,600.2114868,477.6850128,132149500,17.65880013,17.65880013,4.014854908,8.397575378,54.25489998,180.8039932,1.850614965,25,10.2002449,274089,1000,2,935.5964966,2,4495,73,281,115
B2639,0.401,282.5289917,16,750,2011,90,0.056193899,77,7,7.101799965,50,8.258330345,16,0.0123457,120.152,49.5681,0.8491,360,-2.466670036,374.7200012,410.7279968,125334000,4.726669788,4.726669788,0.553011,1.290330052,12.23050022,11.68150043,0.436993986,1,29.93709946,34000,38078.89844,197,123.3560028,2,4698,71,371,111
B2640,0.4928,334.1789856,48,716,2011,0,0.741966009,30,22,5.317580223,48,5.25357008,16,0.0123457,120.43,49.3688,0.8037,351.7000122,-2.349999905,383.5969849,379.9320068,125634000,5.79513979,5.79513979,5.566589832,21.85169983,100.1419983,159.3399963,4.566009998,0,61.48680115,15620.5,15000,12,142.6710052,2,4670,72,349,110
B2641,0.5189,7.125020027,27,760,2011,0,3.544320107,43,30,1.248270035,47,1.673320055,16,0.0123457,120.43,49.8073,0.7739,375.2000122,-2.916670084,392.6099854,434.4760132,131585000,4.070139885,4.070139885,0.819104016,1.911200047,18.11540031,17.3022995,0.64726299,0,20.77569962,51351.69922,65795.10156,6,139.677002,2,4862,70,312,112
B2642,0.5619,282.5289917,16,750,2011,90,0.056193899,77,7,7.101799965,50,8.258330345,16,-0.592593014,120.152,49.5681,0.8491,360,-2.466670036,374.7200012,410.7279968,125334000,4.726669788,4.726669788,0.553011,1.290330052,12.23050022,11.68150043,0.436993986,1,29.93709946,34000,38078.89844,197,123.3560028,2,4698,71,371,111
B2643,0.5979,334.1789856,48,716,2011,0,0.741966009,30,22,5.317580223,48,5.25357008,16,-0.061728399,120.43,49.3688,0.8037,351.7000122,-2.349999905,383.5969849,379.9320068,125634000,5.79513979,5.79513979,5.566589832,21.85169983,100.1419983,159.3399963,4.566009998,0,61.48680115,15620.5,15000,12,142.6710052,2,4670,72,349,110
B2644,0.6639,7.125020027,27,760,2011,0,3.544320107,43,30,1.248270035,47,1.673320055,16,0.074074097,120.43,49.8073,0.7739,375.2000122,-2.916670084,392.6099854,434.4760132,131585000,4.070139885,4.070139885,0.819104016,1.911200047,18.11540031,17.3022995,0.64726299,0,20.77569962,51351.69922,65795.10156,6,139.677002,2,4862,70,312,112
B2645,0.7173,219.8059998,20,3158,2009,0,2.565330029,54,26,1.209259987,206,1.095450044,0,0.049382702,101.28,37.62,0.8371,341.3999939,-1.108330011,551.8599854,427.29599,151876992,17.88319969,17.88319969,42.77569962,87.88829803,318.4750061,1793.660034,20.28059959,36,20.43320084,9219.540039,7211.100098,29,70.17669678,2,3624,77,202,126
B2646,1.0548,315,18,1335,2006,17,3.919630051,51,31,0.328489989,55,1.414209962,16,-0.160494,116.2667,42.0333,0.6521,309,4.199999809,456.0589905,500.3429871,153114000,16.24790001,16.24790001,178.2879944,912.3280029,981.3590088,178.2879944,96.32530212,13,46.02230072,14317.7998,52201.5,1,487.6919861,2,2413,81,215,136
B2647,0.3547,122.4710007,13,4623,2012,0,3.57614994,63,24,1.009420037,194,2.09762001,16,0.086419798,91.4378,31.6033,0.4516,242.8999939,-0.349999994,427.4289856,485.6740112,176035008,18.26009941,18.26009941,6.124080181,44.08390045,185.6790009,173.1300049,2.11480999,5,1.892910004,21213.19922,47434.19922,2,18820,2,3155,73,199,119
B2648,0.398,345.9639893,21,4626,2012,273,4.385819912,47,32,0.63845098,193,1.095450044,16,0.086419798,91.7206,31.9589,0.4704,145.3000031,-1.399999976,439.5889893,460.4020081,160220000,17.49099922,17.49099922,2.680700064,1.403450012,140.3090057,34.89039993,0.563215017,8,0.945936024,17464.30078,64846,1,811.507019,2,3224,74,215,119
B2649,0.4174,336.0379944,12,4559,2012,0,2.306469917,62,26,4.565700054,121,4.878520012,0,0.086419798,92.4028,31.9931,0.7337,208.5,-1.566669941,511.946991,355.0740051,116444000,14.49820042,14.49820042,7.833909988,4.16906023,362.381012,101.9530029,1.648990035,1,0.901340008,65855.89844,76006.60156,1,0,2,4811,72,232,111
B2650,0.4194,297.2839966,20,4865,2012,268,0.747004986,53,27,8.219479561,151,9.979980469,16,0.086419798,92.1622,31.9519,0.6144,182,-3.666670084,511.5150146,376.9349976,120386000,14.06429958,14.06429958,7.186349869,74.78790283,338.8359985,255.7779999,2.948820114,2,1.100149989,49517.69922,62936.5,2,1532,2,4256,72,233,113
B2651,0.4589,122.4710007,13,4623,2012,0,3.57614994,63,24,1.009420037,194,2.09762001,16,-0.086419798,91.4378,31.6033,0.4516,242.8999939,-0.349999994,427.4289856,485.6740112,176035008,18.26009941,18.26009941,6.124080181,44.08390045,185.6790009,173.1300049,2.11480999,5,1.892910004,21213.19922,47434.19922,2,18820,2,3155,73,199,119
B2652,0.5281,345.9639893,21,4626,2012,273,4.385819912,47,32,0.63845098,193,1.095450044,16,0.333332986,91.7206,31.9589,0.4704,145.3000031,-1.399999976,439.5889893,460.4020081,160220000,17.49099922,17.49099922,2.680700064,1.403450012,140.3090057,34.89039993,0.563215017,8,0.945936024,17464.30078,64846,1,811.507019,2,3224,74,215,119
B2653,0.5954,297.2839966,20,4865,2012,268,0.747004986,53,27,8.219479561,151,9.979980469,16,1.135800004,92.1622,31.9519,0.6144,182,-3.666670084,511.5150146,376.9349976,120386000,14.06429958,14.06429958,7.186349869,74.78790283,338.8359985,255.7779999,2.948820114,2,1.100149989,49517.69922,62936.5,2,1532,2,4256,72,233,113
B2654,0.6128,336.0379944,12,4559,2012,0,2.306469917,62,26,4.565700054,121,4.878520012,0,0.592593014,92.4028,31.9931,0.7337,208.5,-1.566669941,511.946991,355.0740051,116444000,14.49820042,14.49820042,7.833909988,4.16906023,362.381012,101.9530029,1.648990035,1,0.901340008,65855.89844,76006.60156,1,0,2,4811,72,232,111
B2655,0.3003,209.7449951,20,3282,2008,184,2.91869998,54,26,1.248270035,206,1.732049942,16,0.654321015,101.32,37.65,0.76,335.3999939,-2.325000048,521.822998,423.1459961,144744000,16.69109917,16.69109917,45.26190186,100.4550018,314.2359924,1916.300049,21.56669998,33,18.5807991,4242.640137,2236.070068,1,64.07530212,2,4025,77,209,117
B2656,0.3091,268.8309937,8,3949,2008,0,6.84917E-08,80,12,18.32229996,193,24.17440033,4,-0.246913999,101.37,37.71,0.2541,75.80000305,-6.699999809,600.3319702,410.2229919,130549000,10.08069992,10.08069992,45.26190186,100.4550018,314.2359924,1916.300049,21.56669998,0,22.78319931,2828.429932,4472.140137,2,109.1419983,2,4768,74,297,111
B2657,0.4328,125.538002,20,3232,2008,133,0.519424975,54,26,3.326509953,206,4,16,-0.246913999,101.31,37.57,0.7273,343.3999939,-1.549999952,533.46698,452.5450134,153886000,17.10149956,17.10149956,94.8608017,322.303009,628.0109863,4577.169922,49.3742981,22,21.07390022,10049.90039,9219.540039,2,453.322998,2,4756,76,220,116
B2658,0.7507,205.345993,14,3568,2008,0,0.380959004,44,42,4.871640205,199,4.898980141,16,-0.246913999,101.34,37.71,0.6302,290.7000122,-4.741670132,559.7390137,423.1459961,136614000,14.49030018,14.49030018,45.26190186,100.4550018,314.2359924,1916.300049,21.56669998,15,17.88360023,0,2236.070068,0,413.7340088,2,4673,77,225,112
B2659,0.0428,79.21569824,16,501,2011,0,6.41664E-12,56,28,36.91030121,97,46.76959991,-2,-0.246913999,112.6435,35.2168,0.8086,259.8999939,13.5916996,755.6489868,629.0479736,159728992,16.2140007,16.2140007,948.4069824,45888.10156,4342.899902,100174,842.0960083,17,1338.819946,0,6403.120117,545,64340.69922,2,2611,69,190,124
B2660,0.6584,22.75099945,21,5142,2003-2004,182,0.222308993,47,32,7.760399818,193,8.354640007,16,-0.246913999,92.2333,31.8667,0.727,154,-5.641664982,656.1549988,317.1514893,127111504,10.3579998,10.3579998,4.297360063,82.80349731,125.086998,459.0464935,4.577349901,2,0.742996991,44821.89844,55901.69922,0,687.6670227,2,5370,70,309,109
B2664,0.2658,51.41080093,21,5169,2003-2004,0,0.123204999,47,32,9.712530136,193,10.44029999,-1,-0.641974986,90.29,31.16,0.47815,153.5,-2.945830107,608.4735107,403.6705017,182197000,12.30274963,12.30274963,1.068340003,0.434589505,45.4436512,14.63450003,0.223192506,0,0.087249801,107415,107615,0,49.44754982,2,2768,71,166,108
B2665,0.399,246.6060028,12,4652,2003-2004,154,3.32749E-05,62,26,11.72840023,121,12.50599957,16,-0.407406986,92.47,32,0.73035,206.8500061,-2.175000072,622.0895081,319.2634888,121488000,15.04239988,15.04239988,4.979285002,2.112539947,203.0675049,68.11434937,1.043021023,1,0.609415025,70007.10156,79630.39844,0,0,2,4743,72,225,108
B2666,0.8641,84.61070251,21,4769,2003-2004,7,0.724941015,47,32,4.114749908,193,4.171329975,3,0.024691399,91.94,32.23,0.64975,174.5499954,-2.954169989,569.9024963,409.1125031,157730000,14.3916502,14.3916502,1.623205006,44.79390144,53.82275009,239.8929977,2.342994988,1,0.178922497,24083.19922,94005.29688,0,1945.47998,2,4149,73,234,114
B2667,1.3378,66.80139923,27,4562,2003-2004,82,5.658229828,45,28,0.589644015,230,1.095450044,1,0.024691399,92.05,31.63,0.6336,163.1500015,-1.145834982,607.9425049,497.7955017,165893504,12.06270027,12.06270027,6.403355122,79.48664856,175.7470016,471.1254883,4.833060026,8.5,0.830915481,12806.2002,23409.40039,0,271.8990021,2,3717,75,229,117
B2668,0.2769,68.19860077,4,1304,2011,0,2.910350084,93,3,3.331880093,100,5.549769878,1,0.024691399,105.0167,37.55,0.1127,192.6459961,9.558329582,208.9429932,221.9049988,154984000,28.54940033,28.54940033,88.42790222,1078.660034,358.151001,5965.160156,62.73590088,0,149.3910065,4123.109863,2000,0,2326620,2,912,83,196,142
B2673,0.1817,177.7089996,20,4622,2006,0,3.816669941,44,36,1.936480045,149,3.162280083,0,-0.049382702,92.941,34.8254,0.4514,62.09999847,-3.258330107,313.223999,440.3039856,169131008,11.41009998,11.41009998,0.943176985,6.660220146,15.24190044,0.943176985,0.574123025,3,0.261079013,1000,230532,2,396.6090088,2,2096,79,169,120
B2674,0.2033,0,20,4625,2006,124,3.89744997,44,36,1.393409967,149,1.341639996,0,-0.061728399,92.9441,34.8152,0.3053,65.80000305,-3.400000095,313.6700134,440.3039856,169131008,11.59879971,11.59879971,0.943176985,6.660220146,15.24190044,0.943176985,0.574123025,0,0.031919099,2000,232175,0,396.6090088,2,2029,79,171,120
B2675,1.7265,124.6949997,20,4622,2006,0,3.879620075,44,36,1.224040031,149,2.683279991,0,-0.061728399,92.9427,34.8235,0.4514,62.09999847,-3.316669941,311.8529968,440.3039856,169131008,11.41009998,11.41009998,0.943176985,6.660220146,15.24190044,0.943176985,0.574123025,3,0.0174869,1414.209961,231353,3,396.6090088,2,2096,79,169,120
B2676,0.0165,126.2539978,27,3443,2013,0,5.841229916,45,28,1.439919949,126,2.44949007,16,-0.641974986,102.5123,33.25,0.6922,392,2.825000048,715.5100098,626.7230225,156044992,18.50569916,18.50569916,16.9083004,50.69649887,117.4800034,606.9050293,5.564579964,8,4.269380093,150894,85440,2,11588.7998,2,4250,68,282,114
B2677,0.0168,241.0910034,17,3471,2013,85,0.097866803,44,39,5.905059814,154,6.663330078,16,-0.45679,102.56,33.7133,0.8975,421.3999939,2.125,706.0009766,618.3040161,156467008,18.19790077,18.19790077,7.657100201,11.66399956,78.70529938,214.0599976,2.24097991,6,5.323880196,149513,99317.70313,0,776.9349976,2,4283,68,292,111
B2678,0.021,18.43490028,20,3447,2013,0,5.896530151,44,36,0.489677995,149,2.323790073,0,0.074074097,102.1486,33.41,0.7152,375,2.658329964,688.8859863,607.7030029,154264000,16.33720016,16.33720016,15.72469997,60.05369949,220.9429932,622.2349854,5.753890038,6,4.797639847,187096,58077.5,0,2.225569963,2,4101,69,244,119
B2679,0.0221,168.6900024,20,3457,2013,227,4.991230011,50,30,0.394793987,154,1.095450044,-1,0.91358,102.6733,33.1257,0.7765,341.2999878,2.875,731.0869751,636.1389771,157272992,17.16600037,17.16600037,16.9083004,50.69649887,117.4800034,606.9050293,5.564579964,12,3.770469904,130384,92698.39844,3,2463.040039,2,4870,67,285,114
B2680,0.0229,177.3370056,17,3505,2013,0,0.0549949,44,39,6.636060238,197,8.318650246,16,-0.629630029,102.9633,33.1267,0.7907,453,2.683330059,757.802002,617.5869751,158411008,17.03240013,17.03240013,11.11170006,34.50120163,70.56189728,405.4660034,3.75267005,2,7.320990086,114337,108559,1,553.7009888,2,5621,65,293,116
B2681,0.024,23.51460075,17,3788,2013,0,0.00113175,44,39,10.92700005,197,14.33180046,16,0.69135797,102.3489,33.2478,0.8548,410.6000061,0.658333004,780.3380127,594.4509888,145294000,13.40499973,13.40499973,8.342470169,10.30780029,60.10110092,217.2830048,2.379369974,0,5.186170101,160415,72801.10156,0,105.8560028,2,5692,65,304,107
B2682,2.3878,30.96380043,11,2770,2010,0,3.265310049,70,19,0.451462001,100,1.341639996,16,0,95.77,36.46,0.3762,106.6910019,6.083330154,164.3739929,90.46520233,170604992,22.13579941,22.13579941,4.831429958,24.89019966,21.5529995,259.6329956,3.340260029,1,10.13389969,53823.80078,11000,5,5.88572979,2,1007,83,168,138
B2683,0.0951,270,13,4486,2010,0,3.973959923,68,19,0.464549989,205,1.414209962,16,0.024691399,85.38,29.33,0.1659,42.40000153,2.775000095,478.1990051,393.4979858,201332992,25.30830002,25.30830002,3.017529964,45.25490189,51.92990112,167.4839935,1.752949953,13,1.927350044,315546,325467,2,1.245030046,2,1968,76,238,129
B2684,0.2715,358.3630066,15,5002,2010,130,1.759840012,66,19,2.709019899,201,2.44949007,0,-0.83950597,86.16,28.55,0.1863,40.29999924,-0.574999988,646.151001,385.4890137,175944992,18.17210007,18.17210007,1.322659969,44.97290039,19.74410057,150.2030029,1.387189984,8,1.260509968,257841,267586,0,17364.90039,2,3234,73,387,120
B2685,0.2718,15.4222002,13,4525,2010,234,2.62642E-06,68,19,22.12319946,205,23.71920013,-1,-0.54321003,86.35,28.75,0.2379,39.79999924,2.491669893,510.178009,362.7739868,198616992,27.32349968,27.32349968,3.810640097,27.8132,54.07229996,123.6940002,1.479979992,4,1.356230021,233944,243824,1,11250.5,2,3077,74,254,125
B2686,0.3088,266.9869995,13,3970,2010,0,3.974999905,64,23,1.472820044,209,2.569050074,16,1.098770022,88.54,29.16,0.278,82.09999847,5.783329964,380.1820068,488.7099915,214675008,28.41329956,28.41329956,14.10900021,139.6210022,177.1260071,546.5380249,6.566629887,44,11.38599968,29274.59961,39204.60156,0,1946.109985,2,1583,78,107,133
B2687,0.3986,177.5099945,9,3549,2010,0,3.08901,75,16,1.781919956,198,2.966480017,16,-0.0123457,99.88,35.78,0.5287,287.7000122,0.591666996,426.6119995,502.1180115,174964992,20.23139954,20.23139954,18.9939003,68.07569885,234.0809937,968.6220093,9.76900959,10,3.149090052,132076,2236.070068,0,10405.90039,2,2988,77,153,122
B2688,0.4064,140.1940002,17,4305,2010,215,3.564049959,44,39,1.209259987,197,1.612450004,0,-0.0123457,91.07,30.49,0.5655,158.5,4.150000095,455.5310059,475.3450012,189348992,23.9428997,23.9428997,6.430689812,59.25519943,256.0570068,253.7510071,2.748810053,11,33.99549866,2828.429932,3605.550049,489,4419.540039,2,3567,74,197,125
B2689,0.4904,108.4349976,21,4911,2010,0,2.90012002,47,32,0.489677995,193,1.897369981,0,-0.0123457,85.9,29.43,0.3397,43.79999924,0.125,506.6380005,367.8710022,203328992,20.99189949,20.99189949,1.843680024,26.27659988,46.5970993,99.52649689,1.026909947,19,1.442819953,269136,278987,0,27.11520004,2,1624,79,315,127
B2690,0.7558,306.3469849,13,4404,2010,0,0.842254996,68,19,5.081530094,205,5.761940002,16,-0.0123457,87.19,28.65,0.1342,33.90000153,2.541670084,454.9169922,419.071991,212174000,25.92140007,25.92140007,6.265779972,47.97309875,55.36209869,209.322998,2.491590023,4,5.604519844,165412,174874,2,459.07901,2,1949,79,235,128
B2691,0.8422,67.40540314,21,4684,2010,16,3.38274E-07,47,32,13.26010036,193,14.59449959,16,-0.0123457,86.51,29.48,0.4526,57.29999924,1.933330059,452.9259949,356.2099915,210630000,22.11739922,22.11739922,1.20065999,1.14181006,20.17980003,15.74779987,0.277709991,10,1.503430009,214441,224199,2,374.0469971,2,1861,79,239,126
B2692,1.0023,210.9640045,21,5093,2010,0,3.922509909,47,32,0.902867973,193,1.183220029,1,-0.0123457,87.43,28.92,0.5065,119.3000031,-1.416669965,532.1879883,407.3370056,212455008,19.02219963,19.02219963,3.243489981,46.3586998,26.51889992,172.9850006,1.827219963,5,4.696239948,133364,143199,0,17044.30078,2,2185,79,266,111
B2693,1.2423,163.8110046,9,3444,2010,160,2.619220018,75,16,2.497750044,198,2.607680082,0,-0.0123457,99.93,35.66,0.6847,308.6000061,1.799999952,419.1419983,503.1669922,174384000,20.9211998,20.9211998,18.9939003,68.07569885,234.0809937,968.6220093,9.76900959,10,9.993940353,146632,16278.7998,3,16779.40039,2,2637,77,178,128
B2694,1.3274,119.7450027,9,3779,2010,60,0.375964999,75,16,3.740080118,198,4.959839821,16,-0.0123457,99.65,35.83,0.7578,324.8999939,-0.5,440.6910095,442.2279968,170228000,19.43610001,19.43610001,9.116820335,59.91410065,109.5059967,595.5020142,5.259230137,24,9.749750137,118533,0,1,500.131012,2,2997,77,168,116
B2695,1.6311,98.13009644,28,4304,2010,1,2.083990097,41,31,1.094849944,129,1.414209962,4,-0.0123457,90.47,30.07,0.3729,101,4.333330154,416.3269958,429.3479919,188542000,23.53059959,23.53059959,16.23819923,189.7640076,206.7749939,734.8690186,8.179450035,30,15.4822998,6324.560059,5830.950195,494,10247.59961,2,2571,76,109,128
B2696,2.298,51.34019852,18,3346,2010,0,1.683570027,51,31,1.982300043,55,1.78884995,2,-0.0123457,99.96,35.88,0.7842,403.2999878,1.408329964,404.4809875,514.8549805,178140992,18.74530029,18.74530029,18.9939003,68.07569885,234.0809937,968.6220093,9.76900959,9,10.31949997,125419,1000,0,6050.779785,2,3024,79,168,116
B2697,2.3839,343.3009949,13,4316,2010,0,2.700190067,68,19,1.616289973,205,1.897369981,16,-0.0123457,86.67,28.6,0.2536,64.09100342,3.633330107,493.4349976,377.6180115,195650000,22.02420044,22.02420044,18.52090073,42.48839951,172.3320007,317.3930054,4.907740116,18,3.091890097,211814,221461,0,1641.290039,2,2672,75,245,127
B2698,2.8716,345.256012,13,4058,2010,0,1.982339978,64,23,1.520840049,209,2.40831995,16,-0.0123457,87.85,29.05,0.5626,74.5,5.208330154,405.7770081,468.6369934,219412000,24.53720093,24.53720093,12.59790039,69.50460052,107.3720016,323.1960144,4.456150055,20,13.89669991,92779.29688,102703,0,1127.219971,2,1814,77,247,130
B2699,0.1059,206.5650024,10,4560,2010,0,3.957279921,72,18,0.346258998,203,1.897369981,-4,-0.0123457,93.82,35.52,0.1516,30.60000038,-3.466670036,388.6369934,462.5209961,159067008,10.94579983,10.94579983,2.163889885,7.085619926,30.31690025,110.8059998,1.057309985,3,0.869569004,1000,121235,4,14.39179993,2,1645,78,210,125
B2700,0.2467,345.256012,15,4031,2010,0,2.977010012,66,19,1.520840049,201,1.732049942,1,-0.0123457,94.34,35.78,0.2787,75.80000305,-0.491667002,323.2799988,384.0910034,163508992,15.85990047,15.85990047,0.0748832,0.084066398,0.184076995,2.203289986,0.0598232,0,36.83919907,0,77278.70313,3,329.7659912,2,1585,81,165,124
B2701,0.5546,195.2550049,15,4173,2010,203,3.274719954,66,19,0.88273102,201,1.483240008,0,-0.0123457,99.16,35.36,0.3889,103.6999969,-3.908329964,458.3559875,360.7279968,145438000,14.3118,14.3118,7.099730015,41.74739838,84.76820374,442.8569946,3.994489908,3,0.450152993,165511,0,2,34.92380142,2,2293,80,235,119
B2702,0.6913,156.8009949,10,4548,2010,0,4.90515995,72,18,1.179159999,201,1.341639996,16,-0.0123457,92.47,34.24,0.2186,45.09999847,-2.349999905,392.7330017,526.9819946,175064992,16.78389931,16.78389931,0.279857993,4.144599915,1.830440044,27.99180031,0.258487999,3,1.148920059,1000,312021,12,17065.09961,2,1903,80,180,133
B2703,1.0229,153.4349976,10,4676,2010,262,2.916399956,72,18,0.692492008,203,0.632456005,-1,-0.0123457,92.99,35.07,0.1241,40.90000153,-3.549999952,400.8009949,367.6799927,168434000,12.09469986,12.09469986,2.804939985,9.260040283,37.24039841,143.9369965,1.372979999,0,0.026335601,2236.070068,204201,4,261.8729858,2,2144,78,175,119
B2704,1.0836,9.462320328,22,4216,2010,0,3.207350016,46,32,0.941851974,193,1.341639996,16,0.0123457,97.4,33.34,0.8066,284.3999939,-0.483332992,542.6920166,443.5750122,131107000,17.21820068,17.21820068,10.81070042,22.93129921,54.3348999,491.4729919,5.013279915,7,2.788310051,381005,0,5,2704.290039,2,4231,71,305,116
B2705,2.0047,220.3650055,29,3668,2010,0,0.035657499,42,29,4.057919979,127,4.77493,16,-0.271605015,96.43,32.34,0.622,206,5.466670036,604.8720093,449.151001,131321000,18.03490067,18.03490067,12.52429962,41.15829849,74.09369659,634.9199829,6.121590137,26,6.682980061,377955,99045.39844,3,202.2510071,2,3821,72,198,119
B2706,1.5441,280.4079895,25,4086,2010,239,1.68792E-09,38,37,18.60420036,38,19.81920052,16,-0.0123457,96.43,31.42,0.7942,291.3999939,2.133330107,708.4730225,491.4580078,147108992,15.08419991,15.08419991,6.123109818,40.2826004,194.9049988,188.6529999,2.243200064,1,6.210889816,285659,76941.5,1,345.8139954,2,4353,68,242,115
B2707,1.8963,90,27,4132,2010,0,1.96164,45,28,0.154853001,126,1,0,0.086419798,97.27,30.27,0.5401,200.3999939,3.525000095,665.5310059,425.6270142,144690000,17.00239944,17.00239944,3.256799936,8.522549629,93.57409668,61.00289917,0.875203013,16,3.313689947,268198,81221.89844,0,1455.98999,2,3876,65,248,117
B2708,2.0318,80.417099,17,4498,2010,0,0.0044101,44,39,11.91759968,197,12.82190037,16,-0.259258986,97.08,30.61,0.7042,188.1999969,1.024999976,718.2719727,404.5390015,130069000,15.37779999,15.37779999,2.150209904,20.00510025,59.19940186,83.8640976,0.933826029,3,3.434629917,268955,47010.60156,1,14874.5,2,4708,65,294,112
B2709,2.9799,266.6340027,17,4441,2010,0,2.953720093,44,39,2.635200024,197,3.714839935,16,0.358025014,96.72,29.64,0.4196,93.80000305,-1.216670036,1082.01001,99.11720276,68597696,8.607919693,8.607919693,5.618740082,63.92910004,134.0870056,252.0249939,2.748460054,29,2.404160023,205412,166027,0,554.8720093,2,4361,66,313,105
B2710,0.5105,192.9949951,20,3209,2009-2012,0,1.96194005,53,27,1.032889962,151,3.549649954,-2,0.345678985,101.3133,37.6211,0.859225,363.0250015,-1.699997485,548.7932281,421.4039917,143971500,15.68312502,15.68312502,45.69024944,106.0055733,318.0867538,1972.647552,22.39902496,8.5,20.18030024,6403.120117,5000,1.25,71.18259811,2,3660,76,207,117
B2711,0.558,233.1300049,20,3206,2009-2012,236,0.044661,54,26,1.548159957,151,4.171329975,16,-0.518518984,101.2979,37.6213,0.8372,360.0749969,-1.652082473,547.7077332,421.4039917,144084752,16.8605001,16.8605001,45.69024944,106.0055733,318.0867538,1972.647552,22.39902496,7,23.47530031,7071.069824,5385.169922,2.5,71.18259811,2,3853,76,203,125
B2712,0.5988,234.0899963,17,3491,2009-2012,0,5.90077E-08,44,39,5.527319908,197,7.402699947,0,-0.950617015,101.2578,37.6891,0.83945,329.7000046,-1.891667485,572.9852448,397.7222443,139424998,15.99755001,15.99755001,45.69024944,106.0055733,318.0867538,1972.647552,22.39902496,4.75,19.83887482,5830.950195,3605.550049,2.25,496.3984985,2,4193,78,209,117
B2713,0.7091,225,20,3196,2009-2012,0,3.619489908,53,27,0.875914991,151,1,0,-0.061728399,101.3123,37.6125,0.87305,357.9500046,-1.645832509,549.0294952,421.4039917,143971500,15.95784998,15.95784998,45.69024944,106.0055733,318.0867538,1972.647552,22.39902496,19.5,17.04912543,7211.100098,5656.850098,3.25,71.18259811,2,4042,76,197,118
B2714,0.1602,26.0753994,16,643,2001-2005,101,1.14218998,77,7,4.044690132,50,4.266149998,16,0.419752985,119.8,49.52,0.66014,283.2399963,-1.520000005,346.8119995,405.1754028,125841800,7.307834053,7.307834053,79.15578079,1684.523999,421.8263977,6291.445996,65.88244019,4.8,4.52631402,18027.80078,24738.59961,0.2,225.3604004,2,4306,73,331,121
B2715,0.1788,2.290610075,27,653,2001-2005,0,2.580270052,40,33,1.936480045,49,2.28034997,16,0.061728399,119.97,49.33,0.75804,278.6600037,-1.451665998,340.6266052,408.3627991,125052000,8.524240017,8.524240017,124.8919983,1923.588013,142.2639969,17021.95996,105.1554794,5.6,97.37090149,7071.069824,7211.100098,0,2068.133984,2,4497,74,296,121
B2716,0.5023,187.125,16,769,2001-2005,74,0.125662997,77,7,6.217820168,50,7.028510094,16,0.0123457,119.79,49.62,0.76756,281.8199951,-1.738333964,372.6417969,413.671405,127178200,7.626528168,7.626528168,0.354786599,0.672932398,9.179894066,9.527844048,0.204674402,0.6,7.073112106,30066.59961,36345.60156,3,1316.797998,2,4755,71,340,116
B2717,0.6144,54.46229935,16,648,2001-2005,84,5.782090187,77,7,0.666019976,50,1.095450044,0,-0.148148,120.06,49.4,0.74348,272.0400024,-1.774998045,340.6001953,400.7039978,124474800,8.436272049,8.436272049,79.15578079,1684.523999,421.8263977,6291.445996,65.88244019,3.4,4.797123957,13601.5,17888.5,1,2068.133984,2,4713,74,340,117
B2718,0.6966,117.9789963,16,727,2001-2005,0,0.111437,77,7,5.593329906,50,6.855649948,-1,-0.197531,120.06,49.47,0.80698,301.2999969,-1.716666007,355.7002014,420.4182068,124532800,7.432722092,7.432722092,79.15578079,1684.523999,421.8263977,6291.445996,65.88244019,2.2,4.794349957,21400.90039,24738.59961,0.6,815.577417,2,4863,72,365,115
B2719,0.0564,225,17,1002,2001-2005,14,6.600500107,62,21,0.218995005,56,0.447214007,16,0.172839999,114.43,43.92,0.27468,112.8799988,3.243334055,208.3735992,232.3235992,137821800,16.33802013,16.33802013,2.274164009,6.37772789,44.47537994,89.49509888,1.163113391,2,3.048455954,10000,120071,0.2,42.97258072,2,2153,80,182,142
B2720,0.0603,96.34020233,18,1138,2001-2005,94,4.099199772,51,31,0.701093972,55,1.183220029,0,0.419752985,115.43,43.91,0.43576,153.0200012,2.865000057,265.7686035,287.7945984,144903798.4,15.30151997,15.30151997,4.072536039,28.02893982,43.90854034,251.730603,3.420659924,2.4,20.03205986,12369.2998,48093.69922,0.2,29.37494011,2,2273,79,193,142
B2721,0.0709,231.3399963,18,1119,2001-2005,73,3.847549915,51,31,0.991446972,55,1.732049942,0,-0.753085971,114.75,43.96,0.26208,120.6399994,2.541665983,231.942804,255.8557953,139839000,14.71450005,14.71450005,30.07542,229.4840027,348.3062012,2417.080005,17.48949986,2.8,1.84791398,1000,97252.29688,0.2,472.4246033,2,1860,79,166,139
B2722,0.0713,33.69010162,17,1078,2001-2005,0,5.549089909,62,21,1.116520047,126,1.732049942,1,0,113.6,42.59,0.25296,108.4400024,5.64666605,242.3073975,293.4208008,139957398.4,18.28129997,18.28129997,2.334570026,2.348848009,9.769680023,65.76453934,1.190357804,1.6,4.10579195,56824.30078,27459.09961,0,258.8019958,2,1600,81,173,142
B2723,0.0784,12.72439957,17,1240,2001-2005,121,2.638730049,62,21,2.459150076,56,3.130500078,16,-0.296296,112.49,42.46,0.2222,97.33999939,5.498332024,226.3154022,284.2130035,139350200,17.0283802,17.0283802,4.258194017,4.572704124,17.76252003,122.482399,2.176323986,0,4.443264008,25000,24166.09961,0.2,4312.657959,2,1259,81,184,143
B2724,0.0901,225,22,1050,2001-2005,86,2.382529974,36,42,1.313740015,68,1.732049942,0,0.0123457,90.18,46.11,0.0985,140.3928009,5.416665936,187.7880005,164.8860016,149886998.4,19.86279945,19.86279945,6.334549999,23.02511978,51.01338043,349.5824036,3.375977993,2.2,0.803975391,45880.30078,45011.10156,1,0,2,1113,84,202,134
B2725,0.0984,170.3110046,17,979,2001-2005,0,0.612932026,55,28,3.217050076,67,3.605550051,16,0.777778029,86.82,47.53,0.16486,58.14000092,5.198332024,249.8436035,198.0444,142164598.4,15.4641798,15.4641798,37.75622063,205.3664001,266.5072052,2385.128003,20.24171982,2.6,3.077470016,64195,61522.39844,1.4,143.5156052,2,2103,79,210,136
B2726,0.1071,101.3099976,17,1036,2001-2005,0,7.656539917,62,21,0.78955102,56,1.897369981,16,-0.111111,114.22,43.88,0.22846,97.51999817,3.360000038,207.0417969,228.6540039,139654598.4,15.78291988,15.78291988,1.220220006,4.068570089,17.16136017,51.22067871,0.695934391,2,1.721168816,19646.90039,135148,0,0.02053802,2,1995,81,175,143
B2727,0.1088,153.4349976,17,1531,2001-2005,0,1.977839947,62,21,0.692492008,67,1.732049942,-1,-0.851852,107.93,39.15,0.24418,116.7999985,7.896668053,309.6103943,339.2740051,158050000,21.50219955,21.50219955,16.44752007,42.56855965,50.0296402,594.4796021,11.4009799,4.6,18.18007965,18973.69922,9433.980469,5.2,14773.42012,2,1270,82,197,141
B2728,0.116,242.4470062,27,683,2001-2005,0,0.200975001,45,28,4.010680199,126,4.8166399,-1,0.049382702,119.73,49.29,0.639,251.8000031,-0.846667403,336.4458008,394.4425964,125055400,8.975559902,8.975559902,124.8919983,1923.588013,142.2639969,17021.95996,105.1554794,3.2,198.2093994,5656.850098,1000,1217,875952.4,2,4017,73,262,125
B2729,0.1166,315,17,1424,2001-2005,0,2.28956008,55,28,0.985383987,67,1.949360013,0,0.037037,108.64,39.76,0.33766,127.3199997,7.364999962,301.3715973,345.6788055,156751398.4,21.44041977,21.44041977,20.99221954,26.16479912,76.15249786,606.8564026,11.90833416,3.6,9.827894115,39000,19849.40039,1.2,201.1386017,2,1342,83,208,143
B2730,0.1249,108.4349976,17,1177,2001-2005,136,0.317185998,62,21,0.979283988,67,1.414209962,16,0.234568,86.18,47.28,0.20896,90.87999878,3.719997931,264.6832001,477.5539917,129246600,12.74080009,12.74080009,2.070243955,3.046516037,23.7809803,78.26908112,0.928354597,2,1.923878026,82734.5,47927,0.4,7928.136133,2,1743,77,227,135
B2731,0.1293,220.2359924,18,1443,2001-2005,0,1.810189962,51,31,1.318300009,55,1.843909979,0,0.271605015,111.82,41.76,0.30034,164.3600037,4.579999971,300.5776031,372.7580078,147083400,16.98187981,16.98187981,118.6824585,559.9090027,602.1408081,7001.033984,58.06577911,5.6,6.920263863,93086,81565.89844,0,3201.706006,2,1451,82,173,141
B2732,0.1369,111.038002,16,668,2001-2005,112,0.644623995,77,7,2.15583992,50,2.44949007,16,-0.074074097,119.79,48.89,0.58804,242.2599976,-0.770000809,327.6976013,425.8919983,122551800,9.253385925,9.253385925,6.307186127,58.35272064,44.14367981,474.1390015,6.367206001,2.6,11.81661406,1000,39000,0,4469.656055,2,3771,73,272,121
B2733,0.1397,90,12,716,2001-2005,0,2.877640009,62,26,0.464549989,121,1.095450044,16,-0.086419798,117.13,49.21,0.41654,174.8599991,0.824999994,297.8812042,294.999408,133434398.4,12.97789993,12.97789993,4.144689989,19.60273991,65.18104019,204.2618011,2.822927952,0,3.016633987,41036.60156,46097.69922,0.2,144.7944,2,2972,73,235,127
B2734,0.1416,11.30990028,17,1434,2001-2005,169,2.655679941,62,21,0.394793987,56,1.673320055,-2,0.0123457,108.2,39.32,0.25952,119.5600021,8.159998035,300.453598,373.552002,155098601.6,21.07263985,21.07263985,16.44752007,42.56855965,50.0296402,594.4796021,11.4009799,9.4,17.45332413,15000,1000,0.6,70.34075851,2,1420,83,215,137
B2735,0.1443,102.9950027,19,570,2001-2005,0,4.811220169,58,23,1.032889962,54,2.144759893,-2,0.777778029,116.79,48.81,0.2929,123.0399979,1.573332,245.575,305.5,132573800,13.00411987,13.00411987,1.575235987,19.42524033,20.89021988,147.5410004,1.551710629,0,1.852085984,91706.10156,99985,0.2,199.1246002,2,2480,76,221,130
B2736,0.1448,135,17,1036,2001-2005,0,7.550600052,62,21,0.656958997,56,1,16,-0.111111,114.16,43.86,0.25496,104.3400009,3.569998026,204.6146011,228.6540039,139668403.2,16.09606018,16.09606018,1.220220006,4.068570089,17.16136017,51.22067871,0.695934391,1.8,1.734509611,23769.69922,139635,0,459.6918091,2,2010,80,166,144
B2737,0.1469,164.5780029,17,1099,2001-2005,0,0.722245991,62,21,4.64827013,56,4.711689949,16,-0.296296,89.49,47.06,0.24134,93.07999878,3.671668005,245.8682037,268.1567963,136504801.6,14.38669987,14.38669987,2.045602012,5.980848026,22.32714005,101.6873596,1.090367007,1,8.517761993,10000,27730.80078,61.2,892.3021973,2,3145,80,209,131
B2738,0.1504,63.43489838,18,1534,2001-2005,128,2.937969923,51,31,0.346258998,55,0.447214007,0,-0.037037,110.69,41.52,0.41518,143.0600037,5.091663933,326.4170013,385.1588013,146097198.4,17.46732006,17.46732006,14.52430038,68.81634064,94.63061981,731.6246094,9.410258198,2.6,21.55279999,56648,100648,0,667.2276123,2,1525,82,187,139
B2739,0.156,20.09519958,17,831,2001-2005,137,1.392179966,55,28,3.37635994,67,3.605550051,16,-0.049382702,87.75,47.73,0.23292,103.1199997,4.83499999,253.5556,186.428598,129902600,12.6983202,12.6983202,33.45293961,136.8382019,146.6278015,1885.861987,17.44122028,10.8,6.229038048,16278.7998,26832.80078,0.4,0.081528419,2,1618,83,216,130
B2740,0.1575,63.43489838,18,1280,2001-2005,0,5.37116003,51,31,0.692492008,55,1.732049942,-2,-0.061728399,113.03,42.2,0.2622,127.0600006,5.08666811,266.5471985,346.5157959,143246996.8,17.07490025,17.07490025,2.997219992,15.20552025,11.57933216,158.1113983,2.023397994,1.4,4.502211952,3605.550049,4123.109863,0,10147.80215,2,1772,80,173,144
B2741,0.1578,116.5650024,27,611,2001-2005,121,5.188429832,43,30,1.038669944,47,1,-3,-0.135802001,119.19,49.28,0.58874,210.8999969,-0.423333393,329.7645996,468.5498047,126844600,7.34594202,7.34594202,34.79416046,424.2577972,314.0073975,4033.126025,25.68685989,5,6.173574114,15811.40039,1000,0.2,17205.47969,2,3639,75,249,125
B2742,0.1583,85.6013031,27,1802,2001-2005,0,1.69953E-05,41,32,11.93840027,1,11.78979969,16,0.259258986,86.91,48.81,0.79008,379.5599976,-1.661666572,462.0136047,394.0377991,111795800,2.240639997,2.240639997,2.596351957,21.80789986,19.52659988,232.95,1.889911962,0,3.659975958,154305,154434,0,134.9267975,2,3971,66,294,116
B2743,0.1674,243.4349976,18,1439,2001-2005,15,5.095160007,51,31,0.692492008,55,1.483240008,2,-0.185185,111.9,41.83,0.3083,130.6800003,4.371665907,292.0719971,378.5124023,148089201.6,17.39815998,17.39815998,16.85020008,39.45902023,104.2111206,621.6129883,7.545395947,6,5.824991941,82219.20313,84864.60156,0.8,4136.445996,2,1455,81,168,141
B2744,0.1756,90,18,588,2001-2005,0,3.866270065,51,31,0.929039001,55,1.732049942,1,0.703704,118.4,49.49,0.5876,213.2200012,0.073333341,344.4857971,318.3349976,127090200,10.88570614,10.88570614,1.490520024,20.79199982,26.59630013,153.2976013,1.538523984,2.8,5.007564068,27459.09961,1414.209961,0.6,14381.7998,2,3519,73,278,122
B2745,0.1769,291.0379944,17,1124,2001-2005,0,5.337120056,62,21,1.078299999,56,1.183220029,16,0.049382702,112.78,42.63,0.20394,96.28000183,5.553331852,210.9511993,276.4574005,140765800,17.5203001,17.5203001,2.930507994,14.24709988,11.37055798,150.8450012,1.953180051,2.2,3.383866024,2236.070068,2828.429932,0,2919.540039,2,1258,81,179,142
B2746,0.1805,264.8059998,22,1127,2001-2005,105,2.46291995,36,42,0.855143011,68,1.095450044,16,-0.567901015,90.05,46.44,0.15164,50.81999969,4.503336,208.3884003,187.0731995,145069600,15.91190033,15.91190033,6.4940979,18.42756004,49.02635956,320.6379944,3.203336048,2.4,0.970896411,39849.69922,32015.59961,0.4,9839.552051,2,1420,83,215,135
B2747,0.1842,161.0299988,18,929,2001-2005,0,0.051958699,51,31,5.22536993,55,5.848080158,16,0.123457,87.01,48.07,0.318,155.6800049,4.588333988,283.2940002,325.5432007,125454000,13.02992001,13.02992001,8.810059929,27.31110001,78.49398041,448.5436035,4.573967934,3.6,7.049779987,81344.89844,87464.29688,0.2,6245.382031,2,1938,76,266,130
B2748,0.1847,178.727005,18,1056,2001-2005,48,0.074312203,51,31,3.480770111,55,3.94968009,1,0.703704,116.91,45.27,0.485,194.0999969,1.813332009,291.6030029,302.715802,140495993.6,14.58367996,14.58367996,10.50810804,137.7028,90.50238037,1391.039978,7.78484602,1.2,4.360016155,12649.09961,176918,0,175.9524017,2,2478,78,249,131
B2749,0.191,151.6990051,18,1065,2001-2005,0,3.799860001,51,31,2.285170078,55,2.44949007,9,-0.358025014,115.89,43.94,0.42238,162.8200012,3.516666031,279.1043976,312.8232056,140261200,16.01248016,16.01248016,10.40742188,56.2828392,47.63012009,541.3187927,9.523333931,7.8,23.6080204,6082.759766,17888.5,13,637.7211914,2,2226,79,190,140
B2750,0.216,66.80139923,16,748,2001-2005,27,3.968240023,77,7,0.589644015,50,1,1,-0.061728399,119.65,48.48,0.69208,269.9000031,-0.488333255,330.3504028,437.9791992,131157800,9.165632153,9.165632153,3.484077978,4.444727993,28.82703972,90.0153595,2.492973971,3.4,12.66061182,4000,89274.89844,58.2,136.7898026,2,3614,73,303,121
B2751,0.2176,113.1989975,18,1442,2001-2005,0,3.078310013,51,31,0.589644015,55,1.095450044,5,0.358025014,111.79,41.74,0.3236,169.7799988,4.604998016,302.2731995,385.1843994,146220801.6,17.25904026,17.25904026,118.6824585,559.9090027,602.1408081,7001.033984,58.06577911,4,7.162684059,95901,81394.10156,0,3201.706006,2,2092,81,166,140
B2752,0.2223,41.63349915,19,276,2001-2005,0,3.029599905,58,23,1.86401999,54,2.366430044,16,0.222222,120.91,44.39,0.67018,211.3400024,7.786666012,319.2481995,356.0854004,145335398.4,18.99698029,18.99698029,32.06123924,64.71218033,259.9717987,1125.071997,13.88763981,10,13.15622597,22203.59961,17720,0,533.391394,2,2795,79,191,138
B2753,0.2291,74.35769653,27,655,2001-2005,125,5.881440163,45,28,2.00928998,126,2.44949007,-4,0.160494,119.22,48.84,0.55194,220.1200012,-0.311666802,311.341394,394.3119995,126215800,8.844165897,8.844165897,4.072510004,19.09853992,46.22839966,186.6900024,3.290142059,4.6,8.018843937,37363.10156,50990.19922,0.2,140.2826004,2,3342,75,234,127
B2754,0.2313,35.53770065,19,785,2001-2005,0,0.97447902,58,23,1.997339964,54,2.236069918,16,-0.049382702,117.11,49.49,0.49746,194.4399933,-0.105000213,334.1521912,332.0077942,129879800,10.96914406,10.96914406,0.454986399,0.601111001,6.677168083,13.02269402,0.276068607,0,1.689778018,18868,17691.80078,1.2,126.1557999,2,3463,75,276,124
B2755,0.2351,270,18,405,2001-2005,18,3.678780079,51,31,0.309704006,55,0.632456005,16,0.296296,120.51,44.35,0.51784,179.6199982,6.948332024,334.6896057,343.9567993,146278000,18.12942009,18.12942009,75.19676056,169.4963989,608.3701904,2799.557959,32.90440063,8.6,14.35353985,44687.80078,41109.60156,0,9737.147949,2,2723,80,196,138
B2756,0.2359,135,19,219,2001-2005,0,5.818649769,58,23,0.875914991,54,1.341639996,16,0.135802001,121.18,44.47,0.49656,170.7400024,7.515000057,309.5909973,334.5987976,141380201.6,18.90862007,18.90862007,32.06123924,64.71218033,259.9717987,1125.071997,13.88763981,8.6,21.39638023,12727.90039,1000,0.2,8434.071973,2,2810,80,188,137
B2757,0.2421,255.9640045,19,703,2001-2005,0,4.885610104,58,23,0.63845098,54,1.095450044,16,0.395062,118.7,48.76,0.57932,206.7799988,-0.369999929,298.7608093,336.2315979,128931600,9.727727795,9.727727795,1.15232439,5.655247974,22.04829941,58.2790802,0.719575202,0.6,5.205739927,51244.5,70342,0.8,0.616140199,2,3846,74,313,126
B2758,0.243,0,18,638,2001-2005,0,7.988430023,51,31,0.154853001,55,0,1,-0.086419798,117.39,48.44,0.46882,186.2800049,1.080000782,241.7920013,281.6235962,133887000,12.43790016,12.43790016,1.818208003,9.514652061,32.18005981,95.51143951,1.200394821,0.6,3.10228796,109659,131004,1.2,0,2,3117,76,223,134
B2759,0.2461,67.38009644,18,1207,2001-2005,80,2.99819994,51,31,2.012269974,55,2.683279991,0,-0.222222,116.6,43.75,0.57822,268.0600006,1.91500001,338.3013977,397.1004028,138483198.4,13.81937981,13.81937981,5.695522022,28.39625969,26.30155983,281.7784027,5.128514051,2,27.67751961,34205.30078,3605.550049,1.6,5891.144043,2,2588,80,205,135
B2760,0.2472,308.6600037,18,595,2001-2005,0,2.818589926,51,31,0.991446972,55,1.414209962,-1,0.086419798,118.21,49.49,0.58314,218.2200012,0.046666804,330.8721985,316.1868042,127014800,10.59864788,10.59864788,31.01442032,324.8243988,263.2085968,2869.105957,26.87738037,0.6,4.911698055,25553.90039,4000,0.2,140.1569977,2,3610,74,269,123
B2761,0.2515,23.19860077,18,1243,2001-2005,0,3.913199902,51,31,1.179159999,55,3.435110092,16,-0.098765403,116.68,43.55,0.56272,258.3000031,1.861666036,349.0468018,435.0916016,140179196.8,13.82224007,13.82224007,15.04585991,97.46158142,67.34032059,878.7349976,14.32147999,2.2,30.59553986,38000,1000,0.2,8414.360156,2,2602,80,214,136
B2762,0.2609,64.53669739,18,1399,2001-2005,0,1.545230031,51,31,3.597069979,56,4.242640018,0,-0.061728399,112.16,42.09,0.27038,134.6400009,4.691666126,268.9560028,369.271405,143198600,16.99826031,16.99826031,11.8632,17.59072018,74.6071579,375.2370056,4.87363205,1.2,3.545195961,49091.80078,61269.89844,0,2051.690015,2,1729,80,193,138
B2763,0.2618,78.69010162,18,1093,2001-2005,0,3.244920015,51,31,0.78955102,55,3.405879974,16,-0.111111,115.85,43.93,0.37234,165.5799988,3.150002003,277.4029938,305.8430054,140261200,15.29152012,15.29152012,10.40742188,56.2828392,47.63012009,541.3187927,9.523333931,3.2,19.88994026,8544,18973.69922,6.4,569.4391968,2,2285,78,200,141
B2764,0.2623,215.5379944,17,1201,2001-2005,117,1.484689951,55,28,1.331859946,67,1.095450044,0,0.049382702,90.01,46.54,0.17448,61.5,3.983334112,225.6401978,198.3409973,144421401.6,15.48501987,15.48501987,9.286725998,14.41849995,68.75677948,364.7718018,4.010854006,4,0.990320194,34713.10156,29000,4.2,7609.079883,2,2492,82,218,136
B2765,0.2696,163.3009949,18,1496,2001-2005,83,0.563938022,51,31,4.838620186,55,5.966569901,0,-0.074074097,111.95,41.87,0.3032,147.2400009,4.076665974,291.5052002,378.406604,146699600,17.51452026,17.51452026,16.85020008,39.45902023,104.2111206,621.6129883,7.545395947,3.4,5.720838022,77155.70313,81271.10156,0,4136.445996,2,1650,81,173,141
B2766,0.2764,26.93950081,7,361,2001-2005,19,1.569489956,80,13,5.28290987,101,5.25357008,16,-0.074074097,120.76,44.75,0.63834,208.4600006,6.804998016,333.5070068,372.4122009,143983404.8,19.10718002,19.10718002,91.26056061,329.1358032,686.3083984,4322.375977,43.87315979,6.8,14.11248016,30805.80078,29732.09961,0.4,599.9935974,2,2756,78,206,138
B2767,0.2841,54.09030151,18,1134,2001-2005,9,0.739557981,51,31,2.770109892,126,3.033149958,16,-0.074074097,116.5,43.82,0.47876,222.6399994,2.318332005,320.0377991,389.1130005,138503600,14.65182018,14.65182018,5.695522022,28.39625969,26.30155983,281.7784027,5.128514051,2.4,33.47131958,27513.59961,5830.950195,1.4,8091.537891,2,2393,79,205,135
B2768,0.288,354.8059998,19,1074,2001-2005,0,3.956880093,58,23,0.855143011,54,1.183220029,16,-0.037037,116.11,43.74,0.39456,182.0399994,3.476666069,294.8163971,368.6131958,138259603.2,16.73349972,16.73349972,7.053586102,122.4838196,24.35973969,864.8,9.463031864,7.4,23.34649963,1000,0,1.6,3121606,2,2272,79,188,138
B2769,0.2958,294.4440002,18,880,2001-2005,35,1.127429962,51,31,0.935468018,55,1.732049942,1,-0.061728399,116.91,45.41,0.3682,162.3400009,2.39000001,259.9262054,298.1674011,139162601.6,14.56870022,14.56870022,10.50810804,137.7028,90.50238037,1391.039978,7.78484602,1.2,2.590700006,3162.280029,193507,1,2656.521973,2,2417,79,230,136
B2770,0.2993,17.74469948,18,1131,2001-2005,1,1.881279945,51,31,4.057919979,55,3.464099884,4,-0.024691399,86.65,47.13,0.25066,88.16000061,5.175,248.1065979,560.5141968,142513004.8,16.26917973,16.26917973,4.445369911,19.47332001,48.51182022,263.6544037,2.532110023,5.8,2.817335987,48466.5,18027.80078,0.6,4668.455908,2,2191,79,206,139
B2771,0.3033,203.1990051,19,1836,2001-2005,180,7.8856E-05,58,23,9.92385006,54,10.9453001,-1,0.049382702,83.65,45.59,0.4484,244.8400024,2.218334007,406.7857971,513.2276001,132842800,12.22445984,12.22445984,9.748480034,28.81685944,83.12035828,490.7161987,4.945925903,2,2.829125977,82462.10156,79056.89844,0,27.15308037,2,2172,72,263,136
B2772,0.3095,26.56509972,19,708,2001-2005,0,6.807079792,58,23,0.346258998,57,1.095450044,-1,-0.074074097,119.54,49.05,0.62176,258.0000031,-1.049999189,331.7626038,394.2623962,124705800,8.439525986,8.439525986,6.307186127,58.35272064,44.14367981,474.1390015,6.367206001,3.6,13.99880791,17204.69922,28653.09961,0,4620.530078,2,3670,73,275,123
B2773,0.314,100.0080032,17,1452,2001-2005,79,2.479079962,55,28,1.336349964,67,2,0,-0.074074097,83.9,45.51,0.39748,195.4800018,4.945000076,351.4541992,503.7149963,137778196.8,15.17863998,15.17863998,9.748480034,28.81685944,83.12035828,490.7161987,4.945925903,17,2.773044038,67052.20313,60638.30078,0.4,7939.389941,2,1896,76,231,138
B2774,0.3238,12.26480007,18,1478,2001-2005,171,2.710969925,51,31,5.450719833,55,5.692100048,-2,-0.074074097,83.56,45.79,0.39554,228.2,4.645000029,369.6857971,459.5667969,134419998.4,14.85374012,14.85374012,46.38503952,229.9465973,298.3914001,2749.355957,23.47131958,5.4,3.196345997,62426,62968.19922,0.2,18766.30039,2,2099,74,224,134
B2775,0.3362,201.0379944,18,1053,2001-2005,0,0.379648,51,31,2.15583992,55,2.932579994,0,-0.0123457,117.46,44.72,0.58164,230.4399994,2.033333993,317.0240051,360.6296021,135097198.4,13.60605984,13.60605984,5.591474056,20.50393963,135.0520004,250.8118011,3.07631197,0.8,3.669470024,12806.2002,136015,1.6,245.3461975,2,2454,79,229,134
B2776,0.3408,156.8009949,18,1249,2001-2005,0,1.696609974,51,31,1.768429995,55,2.44949007,16,0.0123457,86.52,46.97,0.4059,187.3599976,4.608334017,238.2539978,594.0420044,132041798.4,14.54652004,14.54652004,4.445369911,19.47332001,48.51182022,263.6544037,2.532110023,7.4,3.909635973,38013.19922,3605.550049,0.6,1152.099805,2,2062,76,248,138
B2777,0.3534,315,18,901,2001-2005,72,2.652750015,51,31,1.094849944,55,1.341639996,16,0.0123457,117.04,45.59,0.49654,188.0799988,1.825,267.3577972,314.2453979,136545801.6,14.5365799,14.5365799,31.63653984,281.602005,409.5702026,3003.655957,21.09042015,2.6,2.447325993,14212.7002,216749,1.2,41.43451996,2,2312,78,254,136
B2778,0.3854,41.63349915,18,997,2001-2005,0,3.776540041,51,31,1.86401999,55,2.489979982,-1,0.024691399,115.91,44.08,0.3335,149.8599976,3.601665974,264.6118011,297.8894012,140211200,16.75110016,16.75110016,5.442509937,67.25404129,21.35940018,506.2705994,6.330391979,3.4,18.14388027,2000,27658.59961,0.4,4076.880029,2,2036,79,172,142
B2779,0.3963,263.6600037,17,974,2001-2005,8,2.866990089,62,21,2.102440119,67,2.863559961,2,0.0123457,84.11,46.24,0.31048,158.5,5.576665878,304.6762024,360.1222046,126287400,12.94286003,12.94286003,5.912971973,43.9540596,49.69125977,490.3289978,4.081345987,3.4,10.86981001,3162.280029,2236.070068,0.6,13518.98008,2,2420,77,212,135
B2780,0.4084,240.9450073,18,1192,2001-2005,0,3.031330109,51,31,0.797106028,55,1.549190044,-1,-0.0123457,115.31,43.9,0.4374,158.2200027,2.603334045,263.953595,282.4894012,144834000,15.30439987,15.30439987,4.072536039,28.02893982,43.90854034,251.730603,3.420659924,1,1.926694012,14764.7998,56320.5,0.4,0.124627401,2,2178,78,182,141
B2781,0.4274,116.5650024,22,1058,2001-2005,88,4.520510197,48,30,0.346258998,57,1.095450044,16,-0.024691399,117.35,44.5,0.52532,225.9,1.926668024,320.569397,351.6692017,137541604.8,14.23062,14.23062,2.572993994,7.894527912,62.96564026,106.0028,1.352059984,1.6,4.155558062,11180.2998,109659,2,98.68430023,2,2482,80,195,133
B2782,0.4333,81.86990356,27,860,2001-2005,0,4.942240238,45,28,0.547473013,126,1.095450044,16,-0.024691399,118.54,46.27,0.585,237.2600037,0.905000001,323.3466003,468.2664001,128727400,11.16885986,11.16885986,0.465256602,6.48253994,7.172585964,48.33560028,0.4796758,0.6,2.253101993,57489.10156,234478,0.4,126.553598,2,3098,78,270,131
B2783,0.4383,0,7,1344,2001-2005,0,3.191349983,80,13,1.083840013,55,2.236069918,16,-0.024691399,116.13,43.54,0.55514,249.2400024,1.855000019,335.7827972,419.9156067,142035398.4,13.66438007,13.66438007,7.053586102,122.4838196,24.35973969,864.8,9.463031864,3.8,27.85878029,1000,1000,1.4,8320.92998,2,2465,79,214,136
B2784,0.4416,184.0859985,18,1213,2001-2005,39,0.214972004,51,31,2.172430038,55,2.828429937,1,-0.061728399,116.36,43.89,0.57108,230.6199982,2.056667995,320.6084015,371.2016052,139006004.8,14.37875996,14.37875996,263.6923981,7404.521973,752.9331909,33168.76016,233.5994019,1,31.32200012,19209.40039,9055.379883,0.4,12.62702026,2,2455,79,191,133
B2785,0.4468,162.5529938,18,1228,2001-2005,42,1.957399964,51,31,2.83829999,55,3,16,-0.061728399,116.29,43.93,0.51226,211.7199997,2.005001974,319.3428009,356.7430054,139776598.4,15.16520004,15.16520004,263.6923981,7404.521973,752.9331909,33168.76016,233.5994019,2.2,22.49755974,13601.5,9433.980469,5.8,2850.056006,2,2440,79,207,134
B2786,0.4604,357.7799988,19,1072,2001-2005,0,0.699275017,58,23,9.895959854,101,10.23719978,0,0,117.69,44.61,0.72768,274.1400024,2.025001955,331.4609985,369.0583984,135999396.8,13.81793976,13.81793976,5.241528034,18.94161987,126.3444016,234.2425995,2.864494038,1.4,4.26312995,3162.280029,136059,0.2,537.6160034,2,2757,79,219,132
B2787,0.4764,6.8427701,27,1342,2001-2005,0,0.317066997,43,30,3.893110037,47,4.516640186,1,0.0123457,117.17,43.48,0.55818,268.7600037,0.989998817,382.8938049,491.4686035,138203398.4,12.57355003,12.57355003,12.94258003,13.74877968,65.24677963,381.7891968,5.046729898,7,5.523670006,33105.89844,18788.30078,0,209.1488007,2,2917,78,227,132
B2788,0.5127,318.5759888,18,1280,2001-2005,0,3.627810001,51,31,1.754840016,55,2.898279905,-2,0.148148,116.76,43.48,0.63884,311.4200073,1.489999974,362.7686035,435.1502014,139330603.2,13.40935993,13.40935993,10.56939583,61.47556,48.38265915,598.8762024,7.088429928,2,32.05401993,46097.69922,1414.209961,1.2,5341.613965,2,2893,80,219,131
B2789,0.5684,8.13010025,18,632,2001-2005,0,0.104185998,51,31,3.826730013,60,3.898720026,1,0.061728399,118.46,49.49,0.52644,195.8000015,-0.076666738,341.7549988,326.7549988,126862400,10.41514187,10.41514187,1.490520024,20.79199982,26.59630013,153.2976013,1.538523984,4.8,6.320320129,29410.90039,0,0.2,14381.7998,2,3765,74,270,125
B2790,0.6282,315,18,591,2001-2005,33,6.218329906,51,31,0.109498002,55,0,1,-0.037037,118.1,48.2,0.45372,175.9000031,0.63833341,248.6514008,286.2291962,129554800,11.50914803,11.50914803,4.62743001,22.64863968,87.45915985,234.502002,2.883635998,0.4,4.578649998,95131.5,149723,0.6,1.150128412,2,2715,78,227,135
B2791,0.7271,151.6990051,18,760,2001-2005,0,1.639379978,51,31,1.143039942,60,1.414209962,16,-0.024691399,118.6,48.41,0.51832,221.4399994,0.06166674,290.2314026,374.6777954,124790200,9.697898102,9.697898102,1.275794005,3.960789919,25.13555984,50.74060059,0.697212207,0.4,4.890376043,68117.5,112009,0,4193.764014,2,3167,75,281,129
B2792,0.7693,338.552002,19,1134,2001-2005,9,0.681384027,58,23,4.64827013,101,5.385159969,16,-0.024691399,117.74,44.63,0.77112,309.4,1.593334007,341.625,369.0583984,136141395.2,12.9948801,12.9948801,5.241528034,18.94161987,126.3444016,234.2425995,2.864494038,1.6,4.266348028,6403.120117,139617,1.6,537.6160034,2,2500,78,230,129
B2793,0.848,216.8699951,7,1079,2001-2005,0,2.978590012,80,13,0.77421999,101,1.483240008,-2,-0.111111,117.75,44.6,0.72036,289.1399963,1.821666002,343.7659973,369.0583984,136141395.2,13.40223999,13.40223999,5.241528034,18.94161987,126.3444016,234.2425995,2.864494038,1.6,4.36542201,2828.429932,136854,0.2,537.6160034,2,2626,79,228,131
B2795,0.9486,63.43489838,27,853,2001-2005,0,4.06359005,45,28,1.730790019,126,2.645750046,16,-0.037037,119.3,47.65,0.74072,391.0799988,-0.806667984,343.4044006,479.7108032,129514600,6.95936203,6.95936203,0.091103981,0.118784678,1.866418004,2.600974035,0.04311082,1.6,4.39671402,4472.140137,194064,2.6,4208.160059,2,3452,72,286,125
B2797,0.0347,315,17,956,2001-2005,112,7.991350174,55,28,0.437983006,67,0.894427001,0,-0.074074097,112.03,43.58,0.19964,75.4,4.828332043,148.5399185,163.7519409,139897200,17.71018009,17.71018009,22.33270035,268.2006012,39.4846405,2448.550024,21.03457985,14.8,1.119976389,1000,100688,1.4,2541.651978,2,1705,79,168,143
B2798,0.0475,206.5650024,17,1011,2001-2005,0,7.969039917,55,28,0.346258998,67,2.366430044,16,0.172839999,112.29,43.28,0.2026,130.3395203,5.186665916,162.2624374,196.5102386,139592600,17.79348011,17.79348011,4.880819941,82.63615875,10.63599186,596.8437988,6.536015987,1.8,2.739992046,2236.070068,59363.30078,0,6144.245996,2,1717,81,169,144
B2799,0.049,180,17,923,2001-2005,0,7.989280224,55,28,0.309704006,67,0.894427001,16,0.123457,112.63,43.78,0.159,61.83999939,4.628334045,153.4079605,171.6179169,139928596.8,17.16854,17.16854,1.479473996,5.472782087,20.50772018,65.26487961,0.867024803,0,1.162437361,3605.550049,115412,0,2798.014014,2,1994,80,185,142
B2800,0.071,277.125,17,1359,2001-2005,160,5.510280132,55,28,1.248270035,67,2.049390078,16,0.098765403,107.52,39.25,0.27112,102.5200005,8.493331909,251.4351959,306.597403,156702396.8,22.34367943,22.34367943,10.42405005,9.669699955,32.71175957,275.7455963,6.567430019,13.2,20.36693993,1000,0,0.2,14670.74023,2,1081,84,176,143
B2801,0.072,333.4349976,17,971,2001-2005,0,4.695419788,55,28,0.346258998,67,0.774596989,1,-0.123457,112.62,43.62,0.15108,70.3,4.459997988,160.971579,186.3391998,137576801.6,16.62856026,16.62856026,1.315803981,4.589593935,12.82367992,56.3462204,0.777889991,0.8,1.702192414,14317.7998,96176.89844,0,276.3561981,2,1832,81,178,142
B2802,0.0976,315,17,1031,2001-2005,65,7.964660168,55,28,0.218995005,67,1.949360013,0,-0.172839999,112.26,43.3,0.19282,70.8,5.105000019,163.6548431,196.5102386,139534396.8,17.38295994,17.38295994,4.880819941,82.63615875,10.63599186,596.8437988,6.536015987,1.6,3.217450047,2828.429932,62128.89844,1,641.5087891,2,1608,82,172,145
B2803,0.1036,71.56500244,17,1004,2001-2005,0,7.986999989,62,21,0.489677995,56,0.894427001,16,-0.049382702,113.25,43.54,0.21254,85.98000031,4.473331976,184.084404,208.7675995,138707601.6,16.65657997,16.65657997,2.085836029,5.288579988,20.49184036,77.87122192,1.152973592,2,1.792490208,25000,99297.5,0,3096.347998,2,1715,80,160,143
B2804,0.1039,135,22,845,2001-2005,6,3.143549919,36,42,0.875914991,68,1.341639996,16,0.111111,84.42,45.45,0.22486,55.48000107,7.981667995,266.152002,309.7959961,152201398.4,18.16658058,18.16658058,2.957291985,9.090755844,25.16012001,151.4209991,1.514712024,9,3.37471199,29120.40039,23086.80078,0,10422.89199,2,1278,82,232,140
B2805,0.1052,198.4349976,17,1066,2001-2005,0,7.846240044,62,21,0.244843006,56,0,0,-0.0123457,112.89,43.11,0.20436,90.16000061,5.408332062,189.0656006,223.035202,140513403.2,18.25241966,18.25241966,2.578568029,19.97277946,9.417236137,177.6786011,2.020698023,1.6,2.663357997,17691.80078,40311.30078,0.2,212.9357971,2,1554,82,188,142
B2806,0.1192,296.5650024,17,1441,2001-2005,136,2.76534009,55,28,0.346258998,67,1.341639996,16,-0.024691399,107.91,39.21,0.31952,127.2399994,8.163332081,293.8641998,339.2740051,158250198.4,21.91172028,21.91172028,16.44752007,42.56855965,50.0296402,594.4796021,11.4009799,4.6,17.25666637,11704.7002,5099.02002,0.4,27739.48008,2,1082,84,181,140
B2807,0.1248,204.4440002,17,1042,2001-2005,0,7.645009995,62,21,0.935468018,101,2.236069918,16,0.0123457,112.95,43.17,0.19796,89.44000092,5.583331871,186.995401,219.7844009,140474001.6,18.21207981,18.21207981,3.430986071,33.7111393,11.96639996,279.547406,2.978563976,1.6,4.367388058,13000,48846.69922,1.6,749.4069946,2,1639,82,180,142
B2808,0.1313,5.194429874,17,1099,2001-2005,0,5.20126009,62,21,0.855143011,56,1.095450044,16,0.0123457,112.48,43,0.21496,82.60000153,4.916666031,186.1715988,229.3919998,141467596.8,17.01058006,17.01058006,3.072786045,3.091584015,12.85904007,86.5599411,1.566767979,2.6,2.553936005,1000,21633.30078,0.4,120.6468002,2,1329,80,173,142
B2809,0.1315,59.03620148,17,1362,2001-2005,0,5.978980064,55,28,0.451462001,67,1.183220029,16,-0.037037,107.84,39.35,0.27344,106.9800003,8.300000095,265.8389923,325.2538025,157420998.4,22.54245987,22.54245987,16.44752007,42.56855965,50.0296402,594.4796021,11.4009799,4.8,20.06511993,5385.169922,11704.7002,0.8,4206.25,2,1083,83,199,142
B2810,0.1341,116.5650024,17,1236,2001-2005,0,1.485960007,62,21,1.038669944,56,1.095450044,-2,0.061728399,81.15,45.02,0.46898,282.0000031,5.964999962,320.0288025,361.2262024,112156000,14.83012028,14.83012028,36.3770195,70.8057785,280.692804,1538.573999,16.47720032,4.6,2.914188004,70228.20313,54571.10156,0.6,690.5019897,2,2434,74,219,134
B2811,0.1409,45,24,1098,2001-2005,0,4.014009953,66,10,0.109498002,56,0.774596989,16,-0.049382702,112.74,42.96,0.18484,78.19999924,5.218334007,192.4005966,233.598999,139286400,16.48210011,16.48210011,2.578568029,19.97277946,9.417236137,177.6786011,2.020698023,1.8,3.750295973,14764.7998,18788.30078,0.2,741.9125977,2,1426,81,183,143
B2812,0.1442,310.2359924,17,1044,2001-2005,119,0.859094024,55,28,3.949320078,67,4.56069994,0,-0.0123457,86.02,46.6,0.19122,137.804599,6.096665955,201.7307983,286.127002,143139404.8,17.2452404,17.2452404,13.43698025,33.15213966,152.2541992,605.8755981,6.503515911,3.2,1.158330393,28319.59961,2000,452.4,13352.1002,2,1809,81,205,141
B2813,0.1611,293.1990051,11,1463,2001-2005,0,3.962970018,74,15,0.589644015,74,1.095450044,16,0.037037,107.26,38.41,0.26636,109.7000015,8.416668129,286.5408051,381.731604,155609603.2,22.71348,22.71348,16.91620045,44.07744064,135.1908005,690.7172119,8.240107918,3.2,8.149540043,36496.60156,20615.5,0,176.2981995,2,1253,84,203,138
B2814,0.1675,180,17,1286,2001-2005,0,4.744850159,55,28,0.464549989,67,0.894427001,-1,0.123457,108.83,41.5,0.26302,110.5599991,6.318334007,242.2616028,281.0261993,150435600,19.69596024,19.69596024,15.19097996,23.71636009,84.53408051,484.4156006,6.584745884,15.2,6.179199982,24738.59961,83168.5,1.2,4372.583984,2,1191,83,188,140
B2815,0.1687,284.0360107,4,1024,2001-2005,0,3.875570059,73,23,0.63845098,159,1.341639996,16,0,86.1,46.69,0.17506,68.78000031,4.976667976,205.454599,376.203009,133335800,14.88136005,14.88136005,13.43698025,33.15213966,152.2541992,605.8755981,6.503515911,5.4,4.61725204,34539.80078,1000,0.2,0,2,1971,81,188,140
B2816,0.1741,58.6269989,27,1464,2001-2005,1,0.846171021,43,30,11.01650047,47,15.05319977,4,-0.074074097,84.03,43.3,0.84874,476.2599976,4.963332081,415.7588074,398.5298035,122041800,11.1464201,11.1464201,14.66473999,102.920639,63.29031982,1183.397974,9.857172012,1,28.21155968,134807,4472.140137,3.2,212.8853973,2,3367,76,187,130
B2817,0.1742,129.2890015,17,1463,2001-2005,0,0.048002101,62,21,2.199800014,140,7.169380188,16,-0.049382702,80.98,45.01,0.21316,151.0999969,5.296665955,343.8881958,325.1364075,109196800,15.31777992,15.31777992,8.815090084,15.48359985,68.4709404,361.1320007,3.930021858,2.4,4.305009985,81608.79688,57939.60156,292.2,222.3522003,2,3191,74,251,134
B2818,0.1783,135,13,1301,2001-2005,45,2.819420099,70,17,1.313740015,67,1.549190044,1,-0.049382702,108.76,41.51,0.23434,102.3,6.243331909,241.1349991,281.0261993,152715398.4,19.83268013,19.83268013,15.19097996,23.71636009,84.53408051,484.4156006,6.584745884,14.6,6.666250038,19924.90039,81743.5,7.6,4372.583984,2,1461,82,187,142
B2819,0.1862,116.5650024,17,1194,2001-2005,19,2.390140057,55,28,0.346258998,119,1.843909979,2,-0.024691399,108.49,41.39,0.21562,93.16000061,6.966665936,218.2952042,263.7643951,155354601.6,19.10132027,19.10132027,16.33785992,40.2034996,89.55699921,611.1455933,7.706875992,4.4,7.614204216,0,61000,0.2,6698.029883,2,1176,82,178,143
B2820,0.1909,210.0690002,17,1522,2001-2005,174,3.631510019,55,28,1.699370027,67,2.049390078,-2,-0.259258986,108.54,41.82,0.1885,97.8,4.625,237.2177979,247.0796021,145898595.2,16.55678024,16.55678024,86.27323914,581.7508118,344.75,6583.432031,47.46857986,3.4,5.55973196,16124.5,113217,0.2,101.4831604,2,1384,81,201,140
B2821,0.1914,101.3099976,17,2023,2001-2005,0,2.087579966,62,21,0.78955102,56,2.236069918,16,-0.024691399,92.3,43.69,0.15558,141.0513977,2.928331995,274.2033966,255.8702026,157529200,20.96507988,20.96507988,4.019756031,7.577727985,23.72590065,171.6963989,1.828664017,3.8,0.715112197,65764.70313,5000,0.2,7790.767871,2,1686,74,231,136
B2822,0.2173,32.00540161,17,1147,2001-2005,0,4.001080036,55,28,1.460569978,67,2.236069918,1,0.024691399,84.22,45.58,0.26284,78.95999908,6.789998055,305.5243958,395.3303955,149945804.8,17.71255951,17.71255951,5.001183987,12.7475399,37.74514084,220.1802032,2.57796402,1.4,2.756562018,46173.60156,39319.19922,0.2,8053.608203,2,2070,79,246,139
B2823,0.2202,357.8789978,29,1327,2001-2005,155,0.614098012,42,29,8.309080124,127,8.694829941,-1,-0.024691399,83.72,43.4,0.84964,539.5600098,5.319999981,443.3625977,454.5453979,114149800,13.64737988,13.64737988,77.12112122,111.5462006,365.2109985,3034.683984,33.6274601,0.4,17.74207935,125591,3000,0,13088.96016,2,3200,77,181,130
B2824,0.2224,145.0659943,21,3176,2001-2005,20,4.47434E-06,47,32,18.16080093,193,19.67230034,16,0.024691399,84.42,43.45,0.70494,313.5199951,-4.006665993,575.3516052,330.0401978,115019200,2.933581972,2.933581972,14.66473999,102.920639,63.29031982,1183.397974,9.857172012,0,16.11004028,110860,24207.40039,0,12783.02598,2,4233,71,257,109
B2825,0.2242,171.2539978,17,1398,2001-2005,0,2.452440023,62,21,2.035919905,56,2.323790073,16,-0.024691399,81.25,44.86,0.2564,174.2600006,6.139999962,354.9539978,403.6631958,126487200,15.25046024,15.25046024,36.3770195,70.8057785,280.692804,1538.573999,16.47720032,6.4,8.326467896,61073.69922,32984.80078,0.8,953.967981,2,2601,74,218,134
B2826,0.2361,111.038002,7,1228,2001-2005,42,5.837979794,80,13,1.078299999,101,1.673320055,16,-0.259258986,107.62,38.91,0.22292,99.44000092,9.014999962,261.7493988,345.310202,154836998.4,23.17653999,23.17653999,8.251283932,31.83733978,24.49045982,359.4107971,6.118175793,1.4,24.3288599,35000,17464.30078,0.6,165.612999,2,898,84,184,143
B2827,0.2362,334.6539917,18,1454,2001-2005,75,1.907559991,51,31,6.483399868,55,7.810249805,16,-0.098765403,84.83,44.14,0.44098,245.4200012,5.593334007,380.4141968,464.6446045,136454998.4,14.22616005,14.22616005,17.75071983,192.7882019,42.8584404,1955.932007,20.38073997,1.4,71.20660114,23194.80078,31400.59961,1.8,15206.35977,2,2482,76,224,127
B2828,0.249,41.30860138,17,2223,2001-2005,0,0.570896029,62,21,3.397510052,56,3.633179903,16,0.172839999,94.01,43.42,0.22218,98.45999908,0.074999994,259.2065979,282.5862,151623798.4,13.89213982,13.89213982,0.54117099,0.351507801,3.916542101,18.08465996,0.225022998,7.2,3.142118001,55217.80078,1000,0.2,1175.712,2,2150,76,215,130
B2829,0.2494,343.8559875,18,1056,2001-2005,48,1.483590007,51,31,6.102829933,55,5.403699875,1,0.172839999,83.5,43.41,0.80976,525.680011,8.254999924,428.3976013,520.6628052,128589400,15.48935986,15.48935986,142.1575989,507.1106018,606.273999,7417.093945,69.13061981,9.6,26.91339989,123434,9848.860352,0,11265.3918,2,3524,77,231,131
B2830,0.2623,41.63349915,18,1457,2001-2005,0,0.584717989,51,31,11.04909992,55,15.3817997,16,-0.135802001,90.3,43.76,0.29264,194.9599976,4.630001974,288.7911987,369.1544006,145743196.8,15.15332012,15.15332012,23.6160202,46.3857605,269.2587982,974.6492065,10.51078014,259.6,4.553327894,76902.5,14764.7998,0.8,1144.437988,2,2388,77,227,131
B2831,0.2669,338.4989929,17,2114,2001-2005,40,0.000187568,53,30,8.182499886,36,8.740710258,16,-0.135802001,87.17,43.47,0.7494,485.0199951,2.146664047,430.0895996,508.5444031,139779598.4,10.39555378,10.39555378,23.96329994,209.0471985,150.606604,2195.671973,18.50509987,1.6,80.98555756,39698.89844,33837.80078,0,6341.521973,2,5061,71,240,119
B2832,0.2841,37.875,18,1707,2001-2005,0,0.572202027,51,31,3.526740074,55,3.741660118,-1,-0.135802001,81.61,44.6,0.24962,152.4599991,4.638332081,418.4390015,477.747406,128049400,15.32521992,15.32521992,15.22744007,86.66620178,56.91462021,1072.793018,9.396981812,0,49.77042084,50606.30078,1000,0.4,2800.113965,2,2042,73,173,131
B2833,0.3071,162.3320007,18,1439,2001-2005,15,0.000193675,51,31,10.83889961,55,11.32250023,2,0.111111,86.49,43.81,0.4083,273.0399994,5.693334007,386.8416016,595.0723999,138298604.8,15.10300026,15.10300026,22.7290802,146.1269989,206.7052002,1708.834009,14.95576019,10.4,21.17419987,44102.19922,46572.5,0.8,11020.61016,2,2744,76,218,130
B2834,0.3195,351.8699951,14,896,2001-2005,0,0.959809005,49,37,1.642019987,73,2.898279905,0,0.111111,82.24,43.39,0.6222,317.5200012,9.631651878,416.0953979,623.9885864,131939200,17.09608002,17.09608002,120.5748001,284.0047974,631.1406128,5384.317969,54.359021,11,21.65844002,65802.70313,26683.30078,1,10044.47002,2,1589,81,197,135
B2835,0.3244,75.96379852,18,1114,2001-2005,145,2.857199907,51,31,2.552220106,55,3.872980118,16,0.111111,85.77,43.96,0.46794,210.3399994,6.778334141,331.8451965,500.8405945,129382400,15.83217983,15.83217983,33.95328026,341.7882019,300.5927979,3456.727979,28.18492012,3,34.17805977,38483.80078,37000,3,12379.78203,2,2052,79,231,132
B2836,0.3254,143.4550018,17,2454,2001-2005,0,7.17126E-10,44,39,8.136730194,197,8.497059822,1,-0.135802001,84.4,43.66,0.83472,391.0799927,-2.648333931,519.6157959,228.8332001,110879600,8.171214008,8.171214008,0.367486203,0.2030536,2.392869997,12.23978004,0.145876399,0.6,4.057214022,87658.39844,44294.5,0,8658.052148,2,4888,72,280,118
B2837,0.3356,175.6009979,17,1123,2001-2005,0,3.279089928,55,28,1.009420037,67,0.894427001,-2,0.135802001,86.29,46.81,0.22002,91.49999847,4.334997988,217.3359985,470.5502075,121964000,14.83555984,14.83555984,13.43698025,33.15213966,152.2541992,605.8755981,6.503515911,3.4,4.689846039,35355.30078,1000,0,82.48269958,2,1816,81,204,139
B2838,0.3371,45,13,954,2001-2005,0,7.988210201,70,17,0.547473013,69,0.632456005,16,0,113.07,43.33,0.17414,60.64000015,5.489997959,176.9657425,221.1645966,137716998.4,18.30731964,18.30731964,3.430986071,33.7111393,11.96639996,279.547406,2.978563976,1.2,2.586236024,13453.59961,70228.20313,0,700.9093872,2,1780,81,185,143
B2839,0.3497,196.1130066,18,2100,2001-2005,196,0.58287698,51,31,3.621850014,55,5.25357008,-2,-0.024691399,81.28,44.66,0.5309,293.4000031,1.153333411,449.7414063,437.8717957,139079196.8,11.57220993,11.57220993,15.22744007,86.66620178,56.91462021,1072.793018,9.396981812,1.2,27.35965996,65146,10295.59961,0,3623.616064,2,3024,72,198,126
B2840,0.3503,152.3540039,18,1317,2001-2005,0,0.70521301,51,31,3.66602993,55,4.074309826,0,0.061728399,81.69,43.16,0.7914,368.1,8.188333988,464.2768005,566.1921997,122933400,13.89193993,13.89193993,188.7467987,457.7242004,888.0460083,8701.394043,86.98963928,28.2,4.272855854,88056.79688,65802.70313,0,4041.741992,2,2312,77,220,136
B2841,0.3556,319.3989868,17,2098,2001-2005,0,2.701519966,62,21,1.427379966,56,2.683279991,16,0.061728399,93.85,43.44,0.29478,182.7800018,0.086666405,247.4700012,303.7858032,150757801.6,10.92482777,10.92482777,22.30433998,18.35465965,135.8719986,770.3244019,9.099847984,5.8,3.034172034,58600.30078,0,0.2,695.1713989,2,2297,75,223,133
B2842,0.3609,11.30990028,18,2108,2001-2005,0,3.322410107,51,31,3.155210018,55,3.94968009,16,-0.111111,81.46,44.61,0.3038,212.0600006,1.273333389,468.0283997,448.8959961,122983600,13.08509998,13.08509998,15.22744007,86.66620178,56.91462021,1072.793018,9.396981812,7.6,39.19843979,57306.19922,0,0.2,2800.113965,2,2409,72,209,128
B2843,0.3657,189.3950043,18,2077,2001-2005,0,0.293940991,51,31,10.77960014,47,13.33419991,1,0.111111,81.15,44.49,0.67704,392.3799988,1.60166738,470.5421936,447.7528015,130347000,8.517055798,8.517055798,30.61283951,110.3697998,98.02180023,1708.864014,16.04315987,25.4,30.54312019,50911.69922,1000,82.2,234.4067993,2,3616,69,243,122
B2844,0.3762,343.4429932,18,1317,2001-2005,0,0.541441023,51,31,2.986010075,55,4.31276989,0,0.0123457,89.92,43.69,0.55484,258.4200043,4.760001993,278.0451965,520.9588074,146573001.6,14.46926003,14.46926003,27.86295967,76.68625946,335.5728027,1340.527979,13.58902016,10.4,14.48437996,73539.10156,25961.5,0,1520.253979,2,2209,79,211,133
B2845,0.378,343.1419983,19,1779,2001-2005,130,1.982089996,58,23,5.324260235,56,5.176869869,0,0,90.61,43.65,0.39104,146.4200012,3.348334026,314.2671997,332.7431946,157518998.4,14.62791996,14.62791996,3.708058023,21.71917992,40.07899933,263.091806,2.297143984,6.4,5.288955975,58077.5,17464.30078,0,315.971402,2,2507,78,195,130
B2846,0.379,182.4900055,18,2117,2001-2005,0,1.812780023,51,31,1.781919956,55,2.966480017,16,-0.382716,81.38,44.62,0.25602,169.1799988,1.616664588,463.7494019,437.1661987,132495601.6,12.8530201,12.8530201,15.22744007,86.66620178,56.91462021,1072.793018,9.396981812,8,48.39712067,61741.39844,3000,0,7351.005859,2,2946,74,204,132
B2847,0.3941,258.6900024,18,2107,2001-2005,160,1.566030025,51,31,1.578799963,55,2.049390078,16,0,93.72,43.38,0.28928,160.4399994,0.848332575,250.3524017,375.2790039,154798000,14.85958004,14.85958004,24.62369995,56.90628052,141.0358032,1126.977979,11.72642002,6,3.031981993,61351.39844,8062.259766,0.2,8248.944043,2,1797,73,231,135
B2848,0.4202,74.05460358,18,1145,2001-2005,155,5.39114E-06,51,31,17.47480011,55,20.75569916,-2,-0.086419798,83.16,43.38,0.63038,349.8600037,8.169999886,474.1300049,548.3452026,130672400,15.63008003,15.63008003,94.86855927,209.5356018,445.6794006,4100.883984,43.07254028,2.2,20.01679993,105646,19416.5,3.6,11013.00977,2,3419,78,226,131
B2849,0.4568,108.0339966,27,1583,2001-2005,0,1.98573E-05,43,30,13.7361002,47,16.69729996,16,0,81.87,43.38,0.60144,309.1599976,6.858334064,489.4644043,652.98479,128932198.4,15.13109989,15.13109989,6.955533981,3.82437005,36.63270035,231.5161987,2.737593985,13,13.46117992,60299.30078,35609,0,2733.374023,2,3033,74,209,131
B2850,0.4603,299.3580017,18,1688,2001-2005,0,0.460817993,51,31,8.466039658,55,9.549869537,0,-0.0123457,87.18,43.54,0.41558,286.2399963,4.861668015,383.4895996,508.5444031,139437196.8,13.82177963,13.82177963,23.96329994,209.0471985,150.606604,2195.671973,18.50509987,2.8,102.7845581,33615.5,28792.40039,1.4,4425.785986,2,3175,75,271,129
B2851,0.466,337.3059998,17,2129,2001-2005,0,1.55546999,44,39,4.605879784,197,5.157519817,16,-0.037037,81.22,44.5,0.64132,372.5199951,0.499999195,478.1968018,447.7528015,125660600,8.831747913,8.831747913,30.61283951,110.3697998,98.02180023,1708.864014,16.04315987,27.6,38.92592049,55172.5,1000,0.8,234.4067993,2,3171,71,243,122
B2852,0.4685,90,17,1056,2001-2005,48,0.507089019,62,21,3.094059944,56,3.464099884,1,-0.259258986,82.15,43.9,0.6037,337.4599976,8.408331966,427.4642029,490.8708069,135081400,16.94300003,16.94300003,12.11817989,6.658932018,68.31345978,403.6722046,4.811021996,20.2,13.89885979,8544,24041.59961,0,814.0914063,2,2154,77,202,137
B2853,0.478,9.648039818,18,1265,2001-2005,136,0.00242917,51,31,15.33090019,55,20.62520027,16,-0.259258986,85.78,43.94,0.45124,290.1400024,6.558333969,349.4903931,573.058606,133443001.6,13.84854012,13.84854012,33.95328026,341.7882019,300.5927979,3456.727979,28.18492012,1.2,34.25383987,40853.39844,39560.10156,0,12379.78203,2,2708,77,208,129
B2854,0.4838,350.5379944,17,1672,2001-2005,98,1.980730057,62,21,5.633399963,56,6.913750172,0,-0.0123457,91.41,43.7,0.14646,145.003801,3.58499999,252.0059998,174.063797,156945600,15.29270039,15.29270039,2.155807972,33.42229996,6.392621994,307.5222046,2.244591951,1.2,4.102049971,64195,0,0,834.2542114,2,1607,80,216,138
B2855,0.5518,225,17,2081,2001-2005,187,1.29176E-05,44,39,16.39959908,197,18.25379944,-1,0.098765403,81.13,43.21,0.80646,470.4000061,3.378332043,539.9151917,555.9650024,125839400,13.57047997,13.57047997,26.83040009,102.4899811,176.5049988,1516.219995,14.18744011,1.8,6.086680031,91444,87046,117.4,4774.77793,2,3641,68,198,123
B2856,0.5644,63.33319855,19,1255,2001-2005,0,7.09318E-08,58,23,18.79059982,54,23.00429916,-3,0.061728399,80.97,44.35,0.52148,426.1799988,7.879999924,392.6269958,504.9096008,124750000,15.95774002,15.95774002,30.61283951,110.3697998,98.02180023,1708.864014,16.04315987,9,20.09403973,29000,0,1,20814.74023,2,4005,73,239,129
B2857,0.5902,174.8059998,27,1703,2001-2005,31,4.882589817,43,30,1.709900022,47,2.40831995,1,-0.0123457,81.36,43.14,0.72946,530.5399963,4.143331861,491.0297974,529.4066101,129306000,11.57181396,11.57181396,27.51329994,43.4877594,188.6805969,1102.494031,11.99771996,9.4,6.206105995,96747.10156,82328.60156,0.8,7153.393945,2,2644,76,275,134
B2858,0.2824,188.272995,17,2678,2001-2005,213,8.38744E-09,44,39,24.71159935,197,28.37960052,-2,-0.074074097,84.37,43.15,0.78788,353.7000061,-3.113331985,467.5745972,406.1773987,125227600,3.457082033,3.457082033,6.604562092,87.85943909,35.59424057,836.210791,6.130912113,1.4,3.552857924,141510,24596.69922,0,197.3662018,2,3765,74,235,117
B2859,0.3114,148.5169983,17,2818,2001-2005,0,0.0115989,44,39,11.55300045,197,12.47399998,16,0.049382702,84.37,43.16,0.80832,313.0999939,-2.91666398,514.6887939,430.4457947,126967000,3.403276014,3.403276014,6.604562092,87.85943909,35.59424057,836.210791,6.130912113,1,3.040749979,143503,22825.40039,0,197.3662018,2,4205,73,232,117
B2860,0.3551,344.3580017,18,2232,2001-2005,203,2.10552001,51,31,6.008220196,39,6.899280071,-2,0.123457,93.77,43.32,0.5175,266.4199982,-0.575000006,263.6205994,253.3440002,160053801.6,9.959424019,9.959424019,24.62369995,56.90628052,141.0358032,1126.977979,11.72642002,9.2,13.59338017,55036.39844,11704.7002,0,8248.944043,2,2788,73,220,128
B2861,0.3617,207.5249939,13,2388,2001-2005,60,9.39657E-10,68,19,28.4116993,205,31.90920067,1,-0.074074097,81.31,41.94,0.59042,260.5399994,2.448335981,446.9560059,541.262793,146250400,9.634234238,9.634234238,14.82334003,55.70699997,59.30211945,837.9858032,7.903822041,1.8,5.680449963,66000,66708.29688,0.2,218.1920013,2,4391,73,245,114
B2862,0.5348,67.46060181,19,2519,2001-2005,0,2.10081E-10,45,36,20.31290054,39,20.48410034,16,0.024691399,80.65,41.8,0.5932,311.7599976,2.034997964,399.7446045,365.7382019,122061000,9.170090008,9.170090008,0.329252005,0.204280597,1.427501988,10.96371994,0.131298798,1,7.011721992,61204.60156,47676,0,207.1830017,2,4256,72,262,114
B2863,0.6635,11.88869953,19,2155,2001-2005,0,0.724110007,45,36,3.003950119,55,3.033149958,16,-0.086419798,93.67,43.35,0.60616,326.9199951,-0.420000002,257.5715973,375.2790039,153618998.4,8.555276012,8.555276012,24.62369995,56.90628052,141.0358032,1126.977979,11.72642002,5.8,1.994619966,56320.5,4000,0.2,10612.5999,2,3247,71,220,126
B2864,0.7095,87.70939636,21,2399,2001-2005,0,0.832808971,47,32,1.936480045,205,2.236069918,16,-0.086419798,83.28,42.45,0.45604,230.4200043,1.243333429,460.6893982,355.6052002,129066600,10.41174183,10.41174183,3.000476027,3.006493998,13.63479996,109.6682007,1.276194,0.8,11.69352398,36235.30078,82219.20313,0.2,311.8490051,2,3849,76,204,114
B2865,0.0233,210.9640045,28,4309,2001-2005,0,3.942800045,41,31,0.451462001,129,0.894427001,16,-0.086419798,80.25,32.53,0.14944,40.28359909,0.436666597,191.8477982,187.4482025,196138598.4,21.38885994,21.38885994,0.7405586,7.043573952,25.34160004,41.25361938,0.467456597,6.6,0.497090998,526031,525635,0.6,4975.24209,2,1262,81,183,130
B2866,0.0783,152.3930054,17,3512,2001-2005,0,0.00214646,55,28,9.437520027,72,9.889389992,16,-0.086419798,98.38,37.28,0.34826,139.3000031,-2.131667948,331.7759888,383.1312012,163081401.6,15.71589947,15.71589947,2.601043987,3.592114019,41.60418015,90.1243988,1.058055973,4.6,1.128011191,35846.89844,35846.89844,0.2,397.0283997,2,2748,76,202,119
B2867,0.3434,330.6799927,2,3684,2001-2005,213,2.51559E-08,94,4,24.35020065,205,26.7208004,16,0.061728399,98.93,36.95,0.46806,169.0600006,-2.038331985,349.6186035,369.8093994,167802003.2,15.00510006,15.00510006,4.451888084,11.8053359,165.596405,233.8884003,2.054405999,0,0.851693201,2000,2236.070068,0,8028.62002,2,2266,80,155,126
B2868,0.0771,284.0360107,21,5164,2001-2005,0,2.689239979,47,32,0.63845098,193,1.095450044,16,-0.037037,85.77,29.81,0.25784,37.24000015,-3.480000019,557.9506042,347.2966003,171760198.4,11.44405994,11.44405994,1.115486002,6.676853943,16.21422005,43.60754013,0.521938002,4.8,0.303237396,288406,297889,0,4768.893994,2,1545,79,244,121
B2869,0.0891,14.80840015,21,3555,2001-2005,0,0.743412018,47,32,6.933499813,193,8.40237999,16,0,100.77,35.08,0.82798,374.3000061,0.003333265,498.9204041,552.5006104,162473798.4,16.30839996,16.30839996,2.918682003,7.240928078,51.2823204,143.2359985,1.316612029,9.4,2.616830015,183521,87818,0.6,4630.847949,2,4567,77,261,112
B2870,0.0906,315,18,3197,2001-2005,0,2.742530107,51,31,0.547473013,55,1.095450044,16,0,100.23,35.76,0.44762,201.1600006,2.73166399,393.4536011,487.5093994,172067398.4,22.15021973,22.15021973,9.105183792,33.52905998,162.7534027,563.1813965,4.558086109,7.4,2.206446028,139014,23706.5,0.4,14496.64004,2,2427,78,173,127
B2871,0.108,26.56509972,29,4588,2001-2005,257,2.952519894,42,29,0.346258998,127,1,-1,-0.209876999,86.73,29.41,0.67546,126.7400009,1.598332024,476.6486023,411.1755981,214376204.8,21.83367958,21.83367958,2.782708073,22.37132034,33.94519958,137.1040009,1.567631984,12.4,0.391157407,193763,203578,0,357.9471985,2,2291,79,223,128
B2872,0.1422,168.6900024,18,3259,2001-2005,0,2.839780092,51,31,3.155210018,55,5,-1,-0.160494,100.78,35.59,0.5912,242.2400024,2.229997969,437.4902039,545.1277954,169488598.4,21.04041977,21.04041977,18.51417961,28.96345978,330.0377991,686.2411865,7.659053993,9.6,4.781748056,127475,66219.29688,1,351.1839966,2,2638,75,173,125
B2873,0.1563,135,27,3369,2001-2005,221,4.968920231,40,33,0.328489989,49,0.774596989,-1,-0.037037,100.93,35.35,0.61826,240.8600006,1.525002027,470.4466003,536.5909912,164520998.4,21.20644035,21.20644035,6.185963917,16.90180016,118.0453995,338.3237915,2.842382002,32.8,2.255157995,148489,96208.10156,0.6,10292.71191,2,3458,73,225,121
B2874,0.1809,208.8430023,13,4058,2001-2005,0,4.02223E-05,63,24,12.01869965,194,12.9538002,16,0,99.39,35.43,0.46086,123.2000015,-4.358333969,433.0794006,378.8538025,136024600,15.06940022,15.06940022,3.615501976,3.382881975,61.34034042,119.6876007,1.411026001,3,1.195379984,159248,1000,0,56.87969971,2,3428,77,208,114
B2875,0.1811,264.4719849,13,4061,2001-2005,220,0.629701018,63,24,4.811540127,194,4.878520012,16,0.061728399,99.48,35.44,0.52926,126.5799988,-5.306667995,446.2940002,399.6465942,140927596.8,16.77199974,16.77199974,6.492778015,15.31234016,108.0236008,321.355603,2.90532403,10.6,1.393119812,159831,0,0.2,3800.287939,2,3529,79,213,115
B2876,0.1815,345.0690002,19,3224,2001-2005,139,1.105209947,58,23,2.402559996,54,3,0,0.074074097,100.07,35.47,0.43142,163.8200012,2.943331957,394.283197,525.0143982,171053203.2,21.24529991,21.24529991,10.34533596,50.84108047,148.3708008,546.1382019,5.491451836,2.8,3.001424026,172186,41231.10156,0,5551.216113,2,2640,81,178,122
B2877,0.1962,247.2489929,18,3122,2001-2005,0,4.762050152,51,31,2.600950003,55,2.75680995,16,0.074074097,100.92,36.98,0.59364,337.1200012,0.763333404,483.9920044,510.0993958,169325001.6,18.39730034,18.39730034,49.16552048,1291.907983,669.8431885,3885.629932,24.66671982,6.2,17.45372009,4000,46690.5,924.4,35260.51953,2,2599,80,174,127
B2878,0.2106,326.3099976,29,3234,2001-2005,0,3.826859951,42,29,0.558314025,127,1.483240008,-1,-0.086419798,99.58,37.14,0.51454,260.4199982,0.013333405,352.2057983,495.0743958,172720803.2,17.48016014,17.48016014,11.44498005,48.49123993,200.5368011,724.1535889,5.946534061,6.8,2.657356,0,56859.5,0.2,866.6741943,2,2033,82,154,134
B2879,0.2134,36.46920013,18,3008,2001-2005,0,1.657259941,51,31,2.213360071,55,2.720289946,-3,-0.086419798,101.02,36.87,0.50144,214.6400024,1.216667962,475.4734009,527.0236023,169455200,17.10465965,17.10465965,49.16552048,1291.907983,669.8431885,3885.629932,24.66671982,10.6,12.37209797,1000,31112.69922,0.8,36446.60039,2,2503,81,150,123
B2880,0.238,82.01989746,21,3719,2001-2005,0,1.73634E-05,47,32,16.27869987,193,16.35849953,16,0.049382702,100.82,34.86,0.82824,340.4,-0.789999998,538.2378052,529.4067993,162791001.6,16.0999794,16.0999794,2.918682003,7.240928078,51.2823204,143.2359985,1.316612029,2.4,3.976331997,208147,65000,0,10869.26016,2,4340,73,218,117
B2881,0.2525,149.0359955,17,2995,2001-2005,0,4.6259799,62,21,0.902867973,56,1.341639996,-1,-0.086419798,100.39,36.09,0.23316,103.7400009,3.565001965,377.0227966,352.9787903,167339398.4,21.40606003,21.40606003,5.629710102,10.22248192,85.25706024,235.0931946,2.448518038,7.6,3.631466007,96566,0,1,666.807605,2,2030,81,185,130
B2882,0.2705,312.8789978,28,4261,2001-2005,211,1.926650047,41,31,2.955849886,201,3.286339998,0,0.049382702,91.06,30.45,0.58944,212.1200012,2.313331985,616.577002,404.0561951,177293398.4,17.02112007,17.02112007,4.984957886,42.59052048,189.4519989,269.3399963,2.928416014,3.2,1.497907996,1000,0,28,3807.126025,2,3405,71,180,125
B2883,0.2984,29.74489975,20,3297,2001-2005,0,0.672510028,54,26,4.981289864,206,6.244999886,-2,-0.135802001,100.89,36.32,0.52776,246.7399963,1.018333197,462.9080017,538.1598145,170550400,19.18559952,19.18559952,3.949818039,44.54384003,47.57826004,598.2024048,3.217853975,7.8,9.826521873,52478.60156,5385.169922,0.4,0.700782609,2,3132,80,189,118
B2884,0.3173,29.05459976,18,3081,2001-2005,169,3.98864007,51,31,0.797106028,55,1.483240008,16,-0.061728399,100.22,36,0.31904,140.6399994,3.001665974,373.4946045,413.733197,168899798.4,21.9552597,21.9552597,5.629710102,10.22248192,85.25706024,235.0931946,2.448518038,7.4,6.500146008,112361,0,0,2088.053955,2,2471,79,164,129
B2885,0.3174,96.7661972,18,3306,2001-2005,198,0.877213001,51,31,4.590370178,55,6.308720112,-1,0.037037,100.49,35.57,0.71122,323.4599976,1.545000029,437.5998047,542.817395,174399596.8,19.42480049,19.42480049,12.80821972,28.18966026,224.8283997,571.1703979,5.628376007,1.6,3.141506004,142836,54203.30078,0,1087.159595,2,3217,75,196,117
B2886,0.3433,270,18,3238,2001-2005,186,1.018929958,51,31,0.464549989,55,1.264909983,16,0.024691399,100.07,35.93,0.46334,198.3599976,2.240000057,382.9503967,476.4067993,171708201.6,22.13085976,22.13085976,10.23826809,20.79048042,154.445401,465.3233948,4.516666031,13.4,2.443540049,125300,0,0,907.5905884,2,2590,77,178,130
B2887,0.6816,47.12110138,18,3271,2001-2005,0,1.652860045,51,31,2.955849886,55,4.123109818,0,0.0123457,100.79,36.49,0.54596,271.2,0.726666796,467.8182007,542.8937988,173620201.6,17.3414402,17.3414402,10.03428822,58.50891953,112.0321991,741.6671997,5.825801945,17.4,9.004980087,43000,14422.2002,0.4,0.0465848,2,2692,81,169,123
B2888,0.8257,180,14,3174,2001-2005,186,1.88120997,59,27,0.619390011,70,2.049390078,0,-0.061728399,99.31,36.7,0.1678,77.79999847,1.703333998,294.753598,314.1380005,160309395.2,17.90383987,17.90383987,1.332593989,1.567619991,17.36230011,46.35946045,0.550244403,31.2,5.945780087,18248.30078,1000,0.8,66.5991806,2,1320,82,167,132
B2889,0.8566,298.071991,20,3122,2001-2005,0,1.842880011,54,26,2.630660057,206,4.098780155,16,-0.074074097,101.24,37.61,0.83156,325.9999939,-1.094999194,521.4779968,416.0562012,142238598.4,16.52698021,16.52698021,38.90577927,79.29441986,247.6090027,1706.797998,16.99416008,64.4,8.787677956,12041.59961,9899.5,0,77.26446075,2,3302,78,189,125
B2890,0.9463,249.1869965,18,3209,2001-2005,0,5.21793E-07,51,31,13.88580036,55,14.81890011,-2,-0.074074097,101.03,37.02,0.77744,380.3400024,0.089999861,508.4296021,521.2857849,166207798.4,17.31451988,17.31451988,49.16552048,1291.907983,669.8431885,3885.629932,24.66671982,0.6,10.41935997,12041.59961,45276.89844,1.4,189.7561981,2,3407,79,179,123
B2891,1.2532,172.875,20,3189,2001-2005,0,3.820280075,54,26,1.248270035,151,1.949360013,1,-0.160494,101.31,37.61,0.84822,343.7,-1.561667991,534.9033997,421.4390015,139259600,15.93032017,15.93032017,38.90577927,79.29441986,247.6090027,1706.797998,16.99416008,38.6,7.6919981,7810.25,6324.560059,0.2,77.26446075,2,4042,76,197,118
B2892,0.0201,63.43489838,10,4637,2001-2005,1,4.523779869,72,18,0.692492008,203,1,5,0.074074097,93.1,35.25,0.18002,32.15999985,-4.594999981,343.106604,366.4584045,162929398.4,9.694617939,9.694617939,0.388067603,1.670322013,6.676416016,28.70995979,0.202932397,2.4,0.306119603,4123.109863,181320,0.2,616.2294006,2,2056,78,194,121
B2893,0.0225,197.0630035,10,4184,2001-2005,0,8.23201E-08,72,18,15.93620014,203,18.85740089,16,0.049382702,94.3,35.75,0.1787,46.01999969,-1.718334007,271.5450043,349.0518005,155263804.8,18.6903801,18.6903801,0.02018148,0.032040441,0.176354799,1.311288023,0.01370416,0,2.743198037,2236.070068,80808.39844,462,229.3528015,2,2307,78,171,113
B2894,0.0233,180,15,4497,2001-2005,0,3.990720034,66,19,0.309704006,169,0.774596989,-2,0.135802001,87.21,31.87,0.11168,50.63999939,1.848334002,335.0687988,395.3475952,195859603.2,17.56515999,17.56515999,0.609996796,9.357938194,18.29061966,53.10454025,0.549441606,0,0.086598121,349143,353391,0.2,4657.130078,2,1496,84,210,132
B2895,0.0238,84.80560303,15,4536,2001-2005,0,1.980430007,66,19,0.855143011,201,2.144759893,16,-0.049382702,83.47,32.37,0.15348,49.94000092,0.164999919,250.7954041,400.6846008,204838400,19.00303993,19.00303993,0.3070472,13.31419964,8.013648033,68.20751953,0.673153007,1.4,0.108425099,548848,546060,0,3269.997949,2,992,86,173,124
B2896,0.0295,325.0079956,15,4615,2001-2005,0,4.893859863,66,19,1.889539957,201,2.720289946,8,-0.037037,92.36,33.95,0.19844,49.76000061,-3.546666002,416.2921997,369.4569946,171216396.8,14.13082008,14.13082008,1.312694001,46.24561996,4.56013813,585.805603,2.462681961,1,0.262947196,2000,302076,0.4,167.8656006,2,2032,82,158,131
B2897,0.031,293.9620056,15,4542,2001-2005,0,3.807650089,66,19,1.524770021,201,2.28034997,16,-0.049382702,87.25,31.79,0.15138,60.81999969,1.679997993,343.3813965,427.3916016,192097596.8,17.82554016,17.82554016,0.609996796,9.357938194,18.29061966,53.10454025,0.549441606,3.6,0.093386879,338733,343001,8.4,4563.27002,2,1425,83,200,131
B2898,0.0362,23.33399963,15,4455,2001-2005,38,0.32437101,66,19,8.537240028,201,9.455160141,1,-0.086419798,83.97,32.3,0.0975,33.33999939,1.035000598,277.2503998,314.8795959,184853600,20.83484039,20.83484039,0.472160602,14.71668034,20.67108002,76.94539948,0.769254994,0,0.08638338,565980,563152,0,1559.21001,2,889,85,165,131
B2899,0.0373,325.0079956,15,4615,2001-2005,0,4.893859863,66,19,1.889539957,201,2.720289946,8,-0.086419798,92.36,33.95,0.19844,49.76000061,-3.546666002,416.2921997,369.4569946,171216396.8,14.13082008,14.13082008,1.312694001,46.24561996,4.56013813,585.805603,2.462681961,1,0.262947196,2000,302076,0.4,167.8656006,2,2032,82,158,131
B2900,0.0383,90,15,4693,2001-2005,0,0.147067994,66,19,0.154853001,201,0.774596989,16,-0.086419798,84.2,32.8,0.14392,43.38000031,-1.030000007,283.6289978,312.068396,193407398.4,20.33903961,20.33903961,0.154488197,0.06298564,13.65445995,2.11236794,0.03222178,0,0.09113342,513674,511478,0,313.6429993,2,885,85,143,131
B2901,0.0404,232.125,15,4408,2001-2005,0,4.974830151,66,19,0.88273102,130,2,1,-0.086419798,82.85,32.52,0.15526,43.36645966,1.085000002,209.9247986,277.8511963,199717993.6,21.4993,21.4993,0.222972,7.44797411,5.149622059,39.42540054,0.388079202,0.8,0.03140218,522000,519047,0.2,1169.092786,2,1004,86,163,128
B2902,0.0409,333.4349976,15,4526,2001-2005,222,3.959510088,66,19,0.346258998,201,0.774596989,16,-0.086419798,81.18,32.35,0.08858,41.18180008,-0.348333551,202.8941986,222.9187988,201149596.8,24.29991989,24.29991989,1.555199981,11.1131361,69.97097931,73.08017883,0.811058402,1,0.0882601,537573,535762,0.2,1697.47998,2,1000,85,178,130
B2903,0.0436,26.56509972,15,4580,2001-2005,0,2.740570068,66,19,1.384780049,201,1.949360013,16,-0.086419798,89.31,31.97,0.16804,70.2,1.035001183,391.4842041,454.085199,182959596.8,17.50440025,17.50440025,1.618912005,30.65272064,60.0773201,170.1425995,1.729853988,1.4,0.088599759,192375,227192,0.2,1559.471973,2,1571,79,161,126
B2904,0.0446,280.6199951,15,4668,2001-2005,0,0.365565985,66,19,5.028709888,201,4.516640186,16,0.148148,82.42,32.32,0.18752,45.07999954,-1.076668596,237.6368011,302.5617981,210441401.6,22.28454018,22.28454018,0.1884204,2.949987984,7.140744019,16.78287964,0.172707599,0,0.075135619,541777,538491,0,4475.643994,2,1333,82,144,125
B2905,0.0451,171.8699951,15,4590,2001-2005,0,2.869649887,66,19,2.735369921,201,2.932579994,2,0.061728399,88.33,32.09,0.16122,131.7999985,0.931666386,361.3544006,425.3513977,191139200,14.80438004,14.80438004,0.280634004,9.611142063,4.9491539,50.51899948,0.498534197,0,0.094922338,278842,300375,0,4447.848047,2,2221,81,149,125
B2906,0.0487,263.6600037,15,4569,2001-2005,238,4.943039894,66,19,0.701093972,171,1,-1,-0.098765403,88.69,32.16,0.18806,80.45999908,0.896666801,363.1694092,425.4975952,185483600,14.90897999,14.90897999,0.336764598,10.62924004,6.529666138,56.17742004,0.556364,0,0.07182784,247929,285953,0,4992.750049,2,1538,82,135,131
B2907,0.05,50.19440079,10,4536,2001-2005,0,4.973100185,72,18,1.209259987,203,1.843909979,16,0.049382702,92.45,34.21,0.1909,43.2,-3.248334026,384.699408,512.5758057,173222598.4,11.09237995,11.09237995,0.2102456,6.184297943,1.477683997,78.57401962,0.334079605,2.4,2.055925643,2236.070068,315902,136.8,14041.56016,2,1792,81,173,134
B2908,0.0535,168.6900024,15,4645,2001-2005,269,5.904520035,66,19,0.394793987,201,0.632456005,16,0.049382702,84.25,32.65,0.15082,46.12000046,-0.773333395,285.0052002,448.3590027,191734000,19.22917976,19.22917976,0.216659799,0.08833342,19.14954033,2.962464046,0.04518908,1,0.096706481,531738,529515,0.2,0,2,1042,85,196,131
B2909,0.0553,150.9450073,15,4681,2001-2005,2,3.413019896,66,19,0.797106028,201,1.414209962,4,-0.111111,85.15,31.03,0.176,55.65999985,0.5233334,383.1015991,411.6399963,210449596.8,20.59248009,20.59248009,0.566126609,9.26465416,14.06399994,51.89828033,0.536175793,1,0.17044324,397045,405000,0.2,5745.641992,2,1371,84,195,130
B2910,0.0554,6.8427701,15,4659,2001-2005,0,3.790119886,66,19,1.948799968,201,2.190890074,4,-0.172839999,86.57,31.93,0.17392,57.82000046,0.548333406,341.9355957,427.0295959,198722796.8,20.08514023,20.08514023,0.639570212,8.87393589,19.78987961,51.06877975,0.532647389,2.8,0.066133539,382941,388126,0.2,3736.259961,2,1143,85,207,126
B2911,0.0555,15.94540024,15,4493,2001-2005,109,0.745958984,66,19,1.127200007,201,1.095450044,1,-0.0123457,84.57,32.2,0.13052,46.08000031,0.798332798,295.1093994,377.6205994,194541001.6,21.55575981,21.55575981,0.415314794,14.38691998,16.09138012,74.67996063,0.743238807,0,0.111374421,521725,528554,0,148.2442017,2,785,86,188,129
B2912,0.06,345.5480042,21,5003,2001-2005,282,0.555553973,47,32,15.14850044,193,18.75099945,16,-0.148148,89.99,31.12,0.48152,86.97999878,-1.833333969,542.7497986,416.3697998,181975798.4,14.7700201,14.7700201,1.047549796,0.426739806,45.07744064,14.34461994,0.218780202,0,0.176689661,119407,118512,0.2,78.30211945,2,2846,71,191,109
B2913,0.062,286.3900146,15,4484,2001-2005,0,0.131484002,66,19,2.741919994,201,3.033149958,0,-0.123457,84.12,32.28,0.13924,39.1,0.898333406,272.0230011,313.9441956,188917001.6,20.91144028,20.91144028,0.078186101,0.0318769,6.910484028,1.069062805,0.01630736,0,0.108933602,557961,564982,0,3586.62002,2,866,85,165,133
B2914,0.0643,3.012789965,15,4373,2001-2005,0,3.029589891,66,19,1.472820044,201,2.489979982,16,0.049382702,82.55,32.53,0.10654,42.84149933,1.038332593,199.0692001,307.7832031,202589798.4,22.8822197,22.8822197,0.247621995,10.48822975,3.869848061,54.74480057,0.533896399,1,0.088732902,518189,515062,0,3499.069971,2,1046,83,137,129
B2915,0.0646,290.2250061,15,4719,2001-2005,63,0.135906994,66,19,3.132420063,201,3.193739891,1,-0.037037,84.05,32.95,0.10898,45.51594009,-1.63499999,279.027597,344.6003967,188256601.6,19.14953995,19.14953995,0.154488197,0.06298564,13.65445995,2.11236794,0.03222178,0,0.08598442,492051,489719,0.2,48.22753983,2,841,84,169,124
B2916,0.069,59.03620148,15,4435,2001-2005,0,5.003520012,66,19,0.451462001,201,0.447214007,16,-0.0123457,84.1,32.33,0.1367,46.6685997,0.985000801,263.2333984,313.9441956,188995398.4,21.88451996,21.88451996,4.07721796,16.92224026,280.5612061,118.6427994,1.508784008,1,0.107117199,562971,562921,0.2,3586.62002,2,967,86,168,136
B2917,0.0693,253.3009949,15,4489,2001-2005,64,1.713160038,66,19,1.616289973,201,2.569050074,16,0.061728399,83.3,32.42,0.19312,45.12000046,0.500000006,238.7914063,385.2779968,208548598.4,23.53387985,23.53387985,0.3070472,13.31419964,8.013648033,68.20751953,0.673153007,0,0.091865901,539891,537372,0,4019.57998,2,944,85,155,126
B2918,0.07,98.13009644,15,4662,2001-2005,0,3.420020103,66,19,1.094849944,201,1.183220029,16,-0.024691399,85.99,32.08,0.18236,52.79561996,0.096666662,331.734198,368.6846008,186293200,17.36559982,17.36559982,0.399268603,10.16778812,9.331529999,54.63552094,0.546877003,1,0.107183881,426663,432395,0.2,41.06213989,2,1014,87,200,126
B2919,0.0701,255.9640045,10,4538,2001-2005,271,5.647930145,72,18,0.63845098,203,1.095450044,-3,-0.271605015,93.32,35.33,0.15628,35.26000023,-3.819999981,327.4787964,438.7684021,165180201.6,10.92857189,10.92857189,1.169018006,3.757170057,20.76199989,71.82556076,0.560215807,2.8,0.367702603,1000,162610,40.6,62.84418106,2,2157,78,212,121
B2920,0.0747,227.6029968,10,4593,2001-2005,0,1.966580033,72,18,2.410020113,203,2.720289946,16,0.074074097,93.87,35.51,0.13856,75.3116394,-4.358332062,331.8360046,437.9819946,157840198.4,16.02140026,16.02140026,1.434644008,4.10276804,25.01996002,82.33283844,0.666753817,2,0.05968758,0,120304,0.2,115.3665985,2,1754,77,211,119
B2921,0.0759,225,15,4430,2001-2005,68,5.697000027,66,19,0.437983006,201,0.774596989,1,0.074074097,85.03,32.17,0.13878,49.81790009,1.230000019,290.7823975,320.0130005,187987798.4,20.96632004,20.96632004,0.649505603,22.14565964,25.6782402,115.0735992,1.145997,0,0.07278972,490267,496790,0.4,638.7166016,2,922,87,196,135
B2922,0.0765,288.4349976,10,4522,2001-2005,0,5.816349983,72,18,0.489677995,203,1.549190044,-1,0.074074097,93.37,35.36,0.1888,37.05999985,-3.675,325.4293945,421.407605,163753996.8,12.17455997,12.17455997,1.169018006,3.757170057,20.76199989,71.82556076,0.560215807,2.2,0.006244834,1000,157801,1.2,62.84418106,2,1852,78,194,122
B2923,0.0791,19.85519981,15,4688,2001-2005,165,0.727015972,66,19,5.906060219,201,6,0,0.074074097,81.35,32.18,0.09864,41.94810028,-1.428333998,229.8162018,221.5857971,205982803.2,15.69057999,15.69057999,0.2161612,8.825971889,3.653175974,46.1592804,0.4507586,0,0.09177042,558142,555462,0,4476.236035,2,1648,81,184,128
B2924,0.0841,189.1620026,45,4362,2001-2005,265,2.970940113,14,41,2.42979002,201,4.516640186,-2,0.037037,83.72,32.35,0.01418,45.24320068,1.576668,240.4807953,363.7873962,202264601.6,16.80775948,16.80775948,0.472160602,14.71668034,20.67108002,76.94539948,0.769254994,0,0.0684926,555906,552743,0,3961.07002,2,866,86,151,131
B2925,0.0845,161.5650024,15,4742,2001-2005,0,2.435029984,66,19,2.202519894,201,1.949360013,-1,-0.111111,90.01,31.43,0.2747,73.07999878,-0.516666806,474.6388062,388.1127991,177934601.6,14.52481995,14.52481995,2.790835953,43.68720016,89.9537796,248.1802032,2.556532001,0.2,0.12876212,141760,147828,62.2,18.6217598,2,2618,74,174,116
B2926,0.0855,66.80139923,15,4538,2001-2005,271,3.533370018,66,19,0.589644015,201,1.341639996,-3,-0.024691399,87.87,31.88,0.18214,67.14000092,1.610001993,350.8743896,397.6244019,195852403.2,19.43540001,19.43540001,0.592680192,5.789691925,23.99951973,35.3690197,0.380974406,2.8,0.100963159,314341,313670,0.2,1212.016992,2,1484,81,169,131
B2927,0.0931,227.6029968,10,4593,2001-2005,0,1.966580033,72,18,2.410020113,203,2.720289946,16,-0.123457,93.87,35.51,0.13856,75.3116394,-4.358332062,331.8360046,437.9819946,157840198.4,16.02140026,16.02140026,1.434644008,4.10276804,25.01996002,82.33283844,0.666753817,2,0.05968758,0,120304,0.2,115.3665985,2,1754,77,211,119
B2928,0.0977,220.3329926,15,4640,2001-2005,20,0.628906012,66,19,5.367489815,201,5.234499931,16,-0.024691399,84.27,32.55,0.19794,46.55999985,-0.375000003,285.7809967,367.4744019,199580400,20.89854012,20.89854012,4.07721796,16.92224026,280.5612061,118.6427994,1.508784008,0,0.091808581,543545,541282,0.2,0,2,846,86,150,131
B2929,0.0978,202.2489929,15,4605,2001-2005,0,1.128540039,66,19,3.675770044,201,4.33589983,16,-0.469136,91.07,31.5,0.30358,91.88000183,-0.243333139,543.0007813,439.1093994,170376998.4,17.70130005,17.70130005,0.547230589,0.222824395,30.81195984,7.499722099,0.114374001,1,0.224964195,53254.10156,63245.60156,0,382.045813,2,1958,74,160,120
B2930,0.0999,208.3009949,15,4145,2001-2005,0,2.960429907,66,19,1.143039942,201,1.732049942,-1,-0.160494,99.18,35.36,0.27498,60.11999817,-4.349997902,432.8720032,353.9541992,132327396.8,15.64224033,15.64224033,5.022138023,16.35505981,81.95847931,292.8625977,2.422403955,2.2,0.216231599,165680,0,0,28.94818039,2,2748,80,229,120
B2931,0.1024,241.6990051,10,4511,2001-2005,0,2.489989996,72,18,1.143039942,203,2.40831995,16,0.061728399,93.65,35.49,0.16232,32.54000053,-3.673333979,321.9312012,408.4552002,158697401.6,14.61089993,14.61089993,0.01950638,0.01415722,0.346836799,0.641119802,0.007381024,1.6,0.134813317,1000,130924,54.6,113.6758209,2,1557,79,205,127
B2932,0.114,155.5559998,15,4490,2001-2005,0,3.961879969,66,19,0.935468018,201,2.144759893,0,-0.0123457,84.17,32.4,0.10518,40.34000092,0.711666805,269.7026031,338.7282043,193016403.2,21.46926041,21.46926041,4.07721796,16.92224026,280.5612061,118.6427994,1.508784008,0,0.1041097,558659,556174,0,116.5806,2,799,86,168,133
B2933,0.1223,155.5559998,15,4490,2001-2005,0,3.961879969,66,19,0.935468018,201,2.144759893,0,-0.098765403,84.17,32.4,0.10518,40.34000092,0.711666805,269.7026031,338.7282043,193016403.2,21.46926041,21.46926041,4.07721796,16.92224026,280.5612061,118.6427994,1.508784008,0,0.1041097,558659,556174,0,116.5806,2,799,86,168,133
B2934,0.1243,178.4519958,21,4676,2001-2005,262,0.631951988,32,47,2.86345005,202,3.224900007,-1,-0.098765403,92.76,34.6,0.2502,51.75999985,-4.246666002,379.8670044,322.4093994,166636796.8,14.17344017,14.17344017,0.5378528,5.845938015,7.852217865,79.75687943,0.422904998,0.8,0.133282783,0,261840,39,31.21559944,2,2979,78,166,117
B2935,0.1299,52.85329819,21,4761,2001-2005,0,0.472065002,32,47,9.527709961,202,11.85750008,-2,-0.049382702,90.11,31.4,0.35228,136.3599976,-1.521668005,487.7632019,393.7891968,178877398.4,14.14928017,14.14928017,2.790835953,43.68720016,89.9537796,248.1802032,2.556532001,0,0.153827838,135351,140064,0,4247.614063,2,3664,74,194,107
B2936,0.1309,296.5650024,21,4235,2001-2005,19,5.776410103,32,47,0.346258998,202,0.632456005,2,0,98.07,35.01,0.22796,46.78000031,-3.929998016,376.5664001,366.7084045,143371596.8,14.29454002,14.29454002,0.214806199,0.699945188,4.155512047,13.22671986,0.10274746,1,0.090058137,224611,17000,0.6,25.22547989,2,2623,80,304,128
B2937,0.1326,161.5650024,15,4300,2001-2005,181,3.71449995,66,19,0.244843006,201,1.095450044,16,-0.037037,98.58,34.99,0.27832,61.41999893,-4.893333912,416.3767944,340.8416077,128630998.4,14.28104,14.28104,0.468104601,2.354282022,8.75844593,38.36346016,0.257333004,2,0.19272886,214709,0,0,81.71761932,2,2833,77,258,123
B2938,0.1391,322.5490112,15,4572,2001-2005,0,0.190208003,66,19,9.090740204,201,11.18929958,0,-0.0123457,85.3,32.19,0.22178,54.72000122,0.566666585,313.7802002,321.766803,190812998.4,18.71483994,18.71483994,0.665739393,17.7781601,24.48153992,94.53291931,0.948532569,0,0.103196859,476009,482296,1,282.6800018,2,912,86,193,134
B2939,0.1434,216.8699951,21,4222,2001-2005,0,3.842910051,32,47,0.77421999,202,1.183220029,16,-0.0123457,98.14,34.93,0.24382,49.07999954,-3.276668024,383.203595,428.2208008,141962996.8,16.34055958,16.34055958,4.26077404,6.185845947,84.33175964,168.4551971,1.73062799,3,0.2304928,230868,6082.759766,0.6,15166.72012,2,2404,79,245,128
B2940,0.1541,180,27,4652,2001-2005,154,3.768539906,45,28,1.083840013,126,2.049390078,16,-0.037037,90.42,31.41,0.28258,76.31999969,0.403333393,499.5375916,414.4590027,179107200,15.79398022,15.79398022,1.828478003,27.20935974,59.93654022,155.627002,1.609416008,2,0.185143505,108849,113508,0.2,0,2,2194,76,168,123
B2941,0.165,212.0619965,21,4277,2001-2005,0,0.0212697,32,47,8.256290436,202,9.476289749,-1,0,98.21,34.9,0.33292,83.45999985,-3.188333988,390.5002014,388.2044006,135245600,16.40774021,16.40774021,4.26077404,6.185845947,84.33175964,168.4551971,1.73062799,0.2,0.121413679,232964,1000,155.2,1591.471997,2,2539,79,242,126
B2942,0.1829,229.7640076,21,4230,2001-2005,259,2.759599924,32,47,1.318300009,202,1.897369981,-2,0.049382702,98.25,34.88,0.28078,72.33999939,-3.119999981,393.0607971,375.4219971,135245600,15.15602016,15.15602016,4.26077404,6.185845947,84.33175964,168.4551971,1.73062799,1.4,0.122891997,234088,1000,0.2,1591.471997,2,2664,78,249,125
B2943,0.1873,120.2559967,22,4804,2001-2005,0,1.101639986,29,49,2.150279999,150,2.44949007,1,0.037037,92.09,33.75,0.34254,69.16000061,-4.298334026,452.8437988,421.7651978,174143798.4,14.84491997,14.84491997,0.492042398,8.434992123,3.101945972,118.716362,0.606449008,1,3.51944747,3162.280029,276653,0,2.45639596,2,3191,78,232,115
B2944,0.1966,215.5379944,21,4222,2001-2005,0,5.817100048,32,47,0.666019976,202,0.894427001,16,0.024691399,98.45,34.85,0.3368,73.15999756,-4.026667976,406.5843994,382.5794006,135827001.6,14.57179985,14.57179985,0.309455198,0.9415802,6.010478115,18.28631992,0.145328,0.4,0.062408121,233189,0,0.4,0.01605663,2,2958,78,255,123
B2945,0.2215,9.688790321,15,4787,2001-2005,0,2.57536006,66,19,3.217050076,201,3.872980118,16,0.049382702,83.98,32.17,0.16888,46.38134003,-1.383332014,315.3240051,302.548407,188545196.8,20.23804016,20.23804016,0.076302081,0.0311088,6.7439641,1.043304193,0.01591444,0,0.113228538,559397,566626,0,0,2,1352,84,148,126
B2946,0.222,348.6900024,10,4604,2001-2005,0,2.869719982,72,18,0.394793987,201,0.447214007,-6,-0.0123457,92.4,34.17,0.27324,66.44000015,-3.644999981,394.2473938,510.5449951,173621798.4,12.91910019,12.91910019,1.312694001,46.24561996,4.56013813,585.805603,2.462681961,2.4,7.511958122,0,322008,2.6,1.0932284,2,2331,79,176,118
B2947,0.2268,101.3099976,10,4547,2001-2005,0,5.941880226,72,18,0.394793987,203,0.774596989,-1,-0.160494,92.95,34.94,0.15012,30.37999992,-3.446666002,348.0557983,490.7888062,164200000,10.7356041,10.7356041,0.932566392,6.218229961,15.14223995,93.73170013,0.575983381,2.4,0.01673508,0,219401,39,333.1860046,2,1772,80,169,130
B2948,0.2648,130.0299988,15,4629,2001-2005,0,0.898589015,66,19,2.526319981,201,3.316620111,-2,0.086419798,92.62,34.38,0.31658,51.75999985,-3.623335981,396.9397949,360.0526062,172059798.4,14.63330002,14.63330002,0.456449795,0.331279203,8.115979862,15.00221996,0.172715801,1,0.2443132,0,291496,0.2,43.96035995,2,2413,79,196,118
B2949,0.2971,66.03749847,13,5000,2001-2005,0,2.781980038,63,24,1.524770021,201,2.236069918,16,0,85.32,30.38,0.30406,55.58000031,-1.328332019,483.1787964,411.1475952,215998601.6,19.79076004,19.79076004,0.240739802,8.015237999,3.729338026,41.98980026,0.416627198,0.2,0.12247778,347651,356484,0,0,2,1610,79,272,121
B2950,0.6708,112.6200027,15,4696,2001-2005,151,0.917055011,66,19,2.012269974,201,2.28034997,16,0.086419798,92.9,34.79,0.53514,94.44000092,-4.588333988,377.0565979,414.6033997,160641196.8,11.20506802,11.20506802,0.932566392,6.218229961,15.14223995,93.73170013,0.575983381,1.2,0.13170264,0,236922,0,307.1951996,2,3273,77,175,119
B2951,0.0571,333.4349976,21,4622,2001-2005,0,2.976900101,47,32,1.730790019,194,1.414209962,0,-0.024691399,91.67,31.5,0.65216,183,-0.998332608,593.487207,474.3395996,164808998.4,16.87953968,16.87953968,4.309101963,44.07465973,125.0275986,273.9944,2.876769972,5.6,0.956815803,14212.7002,26248.80078,0.6,0,2,3259,74,228,117
B2952,0.079,206.5650024,9,4219,2001-2005,24,3.552109957,75,16,0.346258998,198,0.632456005,16,-0.086419798,95.8,34.14,0.43034,118.0400009,-1.083335185,429.816394,418.0954041,143561600,19.11501961,19.11501961,0.491458195,5.472273922,7.21801405,74.3635788,0.391750604,1,0.64010759,228561,118903,0.4,18728.58027,2,3498,77,224,119
B2953,0.14,94.3986969,21,3688,2001-2005,0,0.959823012,47,32,1.009420037,193,3.405879974,16,0.024691399,100.22,34.53,0.77226,231.6799988,-0.295,527.8349976,459.0619995,145761596.8,16.24749985,16.24749985,15.03300018,99.21345978,192.028598,945.502417,8.991234207,4.8,5.748848009,262414,7280.109863,1.6,420.1253967,2,4715,73,259,111
B2954,0.1579,10.88549995,22,4007,2001-2005,0,0.0123273,47,31,15.97280025,195,17.37240028,-2,-0.049382702,97.1,32.81,0.84318,300.3799988,1.763333964,559.1614075,406.1309937,131564200,14.14029999,14.14029999,28.07479973,109.2982391,260.2765961,1378.513989,13.80623989,5.4,1.602956009,422030,23086.80078,0.4,1687.717993,2,4681,70,292,111
B2955,0.1664,45,22,3979,2001-2005,252,1.767420053,47,31,2.407540083,195,3.820990086,16,0.0123457,97.16,32.81,0.80368,291.3999939,2.186665964,573.3812012,406.6866089,132417401.6,15.93200016,15.93200016,28.07479973,109.2982391,260.2765961,1378.513989,13.80623989,12,1.570740008,424457,22090.69922,0.2,1266.430798,2,4800,70,281,115
B2956,0.2187,162.1210022,17,3774,2001-2005,0,0.325594991,44,39,9.985730171,197,11.00909996,0,-0.024691399,96.4,32.2,0.71664,261.0400024,4.180002022,608.2643982,481.4116028,155354400,19.71840057,19.71840057,23.86975975,67.9484993,209.0802002,1100.246606,11.04850006,2.8,1.268960798,361536,114909,0,10861.71602,2,3805,72,226,116
B2957,0.2265,58.92100143,9,4128,2001-2005,0,1.18763E-07,75,16,24.73690033,198,28.92749977,16,0,96.91,33.02,0.71276,244.7199982,0.170000002,577.9532043,437.0592041,136922998.4,16.05732021,16.05732021,12.19664021,38.76203957,140.9230011,736.2521973,5.824374008,1,1.324568009,391945,17029.40039,11,20235.88008,2,4309,72,249,115
B2958,0.2296,315,21,4732,2001-2005,170,0.988858998,47,32,2.95381999,193,4.098780155,0,-0.061728399,91.69,31.01,0.44326,128.7600006,-1.653333998,671.5546143,413.4425964,147963398.4,13.65629997,13.65629997,5.358883953,30.70271988,158.6951996,218.3718018,2.453176069,3.2,0.987115598,1000,1000,0,3938.651953,2,3525,73,237,110
B2959,0.2341,349.2160034,22,4426,2001-2005,104,5.960350037,46,32,3.306710005,152,4.919350147,16,-0.037037,97.14,33.82,0.59164,170.8799988,-4.156663942,494.3758057,370.4767944,123563801.6,14.3313961,14.3313961,9.78097229,41.03237991,81.17570038,474.7416016,4.933106136,7.2,1.051874197,321123,0,0,3.121774054,2,4052,73,299,117
B2960,0.2362,33.69010162,21,4729,2001-2005,0,2.35165,47,32,1.116520047,193,1.673320055,0,-0.061728399,91.69,31.09,0.63914,158.9,-1.745000005,656.9475952,449.5572021,152651804.8,15.32129974,15.32129974,5.358883953,30.70271988,158.6951996,218.3718018,2.453176069,8.4,0.792809993,2000,2000,0,5853.708008,2,3142,73,236,117
B2961,0.2455,264.5599976,21,4324,2001-2005,0,0.972636998,47,32,3.263099909,193,10.1882,-1,0.086419798,92.89,31.83,0.78166,217.5,0.728333378,631.025,375.3992004,127763401.6,17.08335972,17.08335972,10.1064518,37.02848015,304.6628052,292.6951965,3.640479946,160.6,1.103161216,88588.89844,93941.5,0.2,12.58469181,2,4569,70,277,111
B2962,0.2575,274.7640076,21,4309,2001-2005,0,3.939879894,47,32,1.86401999,193,6.196770191,16,-0.061728399,92.87,31.83,0.74862,229.2999969,1.269999981,628.3235962,375.3992004,127763401.6,18.56989975,18.56989975,10.1064518,37.02848015,304.6628052,292.6951965,3.640479946,42,1.102086592,86833.20313,92179.20313,0.2,12.58469181,2,4182,72,260,117
B2963,0.265,241.3899994,21,4737,2001-2005,0,0.000682123,47,32,9.610389709,193,9.685040474,16,-0.024691399,91.69,31.07,0.47986,121.1399994,-1.928334022,658.2313965,449.5572021,152651804.8,15.26152,15.26152,5.358883953,30.70271988,158.6951996,218.3718018,2.453176069,5.2,0.79277041,1000,1000,0,5853.708008,2,2859,73,241,116
B2964,0.2821,57.52880096,22,4254,2001-2005,50,1.975929976,47,31,2.018209934,195,2.792850018,1,-0.0123457,96.74,32.89,0.7384,227.9999969,-0.984999216,593.0442017,418.9049988,130460598.4,17.39374027,17.39374027,6.342953968,18.91190014,74.37756042,368.0833984,2.978454018,25.4,1.420828199,389710,35341.19922,0.6,5.463111973,2,4963,72,315,108
B2965,0.2906,270,9,4110,2001-2005,168,2.924540043,75,16,0.619390011,198,0.632456005,0,0.086419798,93.95,31.93,0.74828,211.3799988,1.518333983,669.5161987,370.5878052,120438000,19.48935966,19.48935966,15.09009991,115.8559204,312.3468018,723.5335938,8.229251957,13.2,0.80072999,178732,184098,0,15.57225952,2,4687,68,284,115
B2966,0.2938,55.30479813,17,3870,2001-2005,0,2.228830099,44,39,4.885029793,197,5.813779831,16,0.074074097,96.56,32.6,0.73524,251.8600006,2.573333979,589.9298035,457.4950012,144793998.4,19.21314011,19.21314011,2.117910004,13.70100002,23.23877945,209.3379974,1.292810011,3,1.575659978,391695,68622.20313,0.2,6425.940039,2,4535,73,259,115
B2967,0.2962,327.0950012,21,4372,2001-2005,0,0.936129987,47,32,7.79049015,193,7.22495985,16,0.0123457,92.9,31.83,0.78102,236.1799988,0.393333209,632.0028076,375.3992004,127763401.6,16.4404398,16.4404398,10.1064518,37.02848015,304.6628052,292.6951965,3.640479946,24,1.001012409,89470.70313,94826.20313,0.2,12.58469181,2,4569,70,277,111
B2968,0.3028,342.473999,13,3992,2001-2005,199,1.132189989,63,24,9.177009583,194,9.6124897,16,-0.086419798,96.4,32.52,0.76318,271.6599976,2.773336029,597.1945984,473.9036011,149694400,19.88436012,19.88436012,3.63118,15.26362019,40.89787903,262.5311981,1.884148002,12.2,1.2384238,383859,84852.79688,0.4,7.599064159,2,4610,73,251,114
B2969,0.3336,238.6269989,29,4172,2001-2005,0,0.00032779,42,29,11.01650047,127,12.98460007,16,-0.037037,96.37,33.97,0.75234,161.3799988,-2.066666007,457.0196045,355.6832031,122437200,16.0512001,16.0512001,0.256616601,1.540188003,4.21655798,23.97612,0.1518336,0,0.582811993,269941,66219.29688,0.2,3403.553906,2,4440,74,270,111
B2970,0.3414,167.3070068,21,4344,2001-2005,178,5.06244E-11,47,32,24.76259995,193,31.25379944,16,0.086419798,96.73,33.81,0.66348,179.7399994,-1.698334002,473.4265991,382.5458008,126338801.6,16.42387981,16.42387981,0.527373803,12.69244003,3.257738018,161.1124008,0.697009611,0.4,0.803116804,301763,33000,0.8,4254.183984,2,4496,74,283,113
B2971,0.35,274.7640076,21,4309,2001-2005,0,3.939879894,47,32,1.86401999,193,6.196770191,16,-0.037037,92.87,31.83,0.74862,229.2999969,1.269999981,628.3235962,375.3992004,127763401.6,18.56989975,18.56989975,10.1064518,37.02848015,304.6628052,292.6951965,3.640479946,42,1.102086592,86833.20313,92179.20313,0.2,12.58469181,2,4182,72,260,117
B2972,0.3849,6.568759918,20,4400,2001-2005,261,0.949679017,53,27,12.65019989,127,13.9211998,16,0.024691399,96.2,34.1,0.63106,139.9200027,-3.726668024,480.5950012,347.7064026,122874001.6,13.00539989,13.00539989,0.256616601,1.540188003,4.21655798,23.97612,0.1518336,0,0.662499011,248566,85615.39844,0.2,340.9347961,2,4284,75,257,109
B2973,0.4018,354.6679993,21,4286,2001-2005,186,2.634429932,47,32,5.812220097,193,7.085199833,0,-0.061728399,92.9,31.84,0.7665,237.6600006,0.986665404,630.057605,375.3992004,127557598.4,17.33736,17.33736,10.1064518,37.02848015,304.6628052,292.6951965,3.640479946,29.2,1.101016581,89944.39844,95294.29688,0.4,12.58469181,2,4453,71,284,111
B2974,0.4271,274.7640076,21,4309,2001-2005,0,3.939879894,47,32,1.86401999,193,6.196770191,16,-0.086419798,92.87,31.83,0.74862,229.2999969,1.269999981,628.3235962,375.3992004,127763401.6,18.56989975,18.56989975,10.1064518,37.02848015,304.6628052,292.6951965,3.640479946,42,1.102086592,86833.20313,92179.20313,0.2,12.58469181,2,4182,72,260,117
B2975,0.4275,75.96379852,21,4608,2001-2005,158,0.046606299,47,32,6.988389969,193,8.40237999,16,0.024691399,97.02,33.76,0.58936,166.8799988,-5.553332043,535.3434021,363.5339966,120578400,11.54727192,11.54727192,9.78097229,41.03237991,81.17570038,474.7416016,4.933106136,3.2,0.821423215,320601,10295.59961,0.4,4198.391992,2,4943,71,308,113
B2976,0.4497,246.3029938,13,4252,2001-2005,0,1.04834E-06,63,24,18.06369972,194,19.68759918,-2,-0.0123457,95.87,33.73,0.6765,157.0200012,-1.710000014,511.2733948,397.1095947,140917198.4,17.32723999,17.32723999,0.445951599,3.048016024,7.101366043,45.65779953,0.278321999,0.8,0.109564839,271017,107466,0,135.3134003,2,4267,72,249,114
B2977,0.5217,24.52770042,29,4146,2001-2005,0,0.131982997,42,29,8.698539734,127,12.04990005,16,0,95.7,33.95,0.43846,155.9199982,-1.16000061,442.6375916,416.4639954,150718803.2,15.89524002,15.89524002,9.496055984,36.3888401,144.6008026,466.3344055,4.808667946,0.2,0.330185407,241913,121807,0,229.5470032,2,4431,74,257,117
B2978,0.9775,0,21,4628,2001-2005,0,2.956680059,47,32,0.464549989,193,0.774596989,1,0,91.68,32.19,0.37834,87,-2.326667976,543.7249817,404.7360046,154076396.8,12.43917999,12.43917999,1.582966018,42.78248062,53.38950043,226.6609985,2.278390002,6.2,0.178312397,5000,92649.89844,202.8,16.27032232,2,3122,76,196,110
B2979,0.1681,15.25510025,8,139,2011,42,8.786100388,85,7,0.88273102,102,2.828429937,0,0,123.5167,44.55,0.5958,165.5,6.316669941,374.3510132,504.3789978,136508000,13.10809994,13.10809994,84.49700165,261.5549927,408.321991,2870.070068,33.01079941,2,180.326004,13038.40039,26248.80078,0,4350.490234,2,2597,80,247,133
B2986,0.7941,334.9830017,27,3359,2004,0,0.248091996,43,30,1.281430006,47,1.897369981,0,-0.123457,100.244,37.3172,0.4988,218.3000031,-0.116667002,439.0280151,474.4639893,167672992,20.66740036,20.66740036,19.14929962,71.46289825,444.4179993,874.4359741,9.332969666,2,5.205420017,8000,92455.39844,0,752.9829712,2,3181,79,174,128
B2987,0.9768,171.0269928,22,3243,2004,168,3.190619946,48,30,1.488999963,57,1.341639996,0,-0.123457,100.2362,37.278,0.762,299.3999939,0.283333004,427.4049988,474.4639893,165348992,16.35610008,16.35610008,19.14929962,71.46289825,444.4179993,874.4359741,9.332969666,106,5.059979916,3000,97005.20313,0,752.9829712,2,2786,79,146,131
B2988,0.0235,239.0359955,7,359,2002,68,6.57460022,80,13,0.451462001,101,1.897369981,0,-0.123457,120.6833,42.9,0.2378,113,8.033329964,316.0740051,348.4809875,140636992,19.16720009,19.16720009,76.38690186,167.1329956,295.6369934,2831.350098,32.15190125,11,22.72430038,1414.209961,13341.7002,195,358.506012,2,1998,80,205,144
B2994,0.1545,315,7,248,2008,9,7.529570103,80,13,0.875914991,101,1.341639996,16,0,122.35,42.9667,0.6261,302.7999878,8.341670036,474.1210022,498.605011,144566000,16.61499977,16.61499977,48.55730057,140.0200043,324.3049927,1866.52002,24.65579987,49,133.8430023,0,5000,4720,104797,2,1736,78,202,138
B3005,0.5464,135,27,829,2005-2006,0,6.872829914,45,28,0.656958997,126,1.095450044,16,-0.0123457,118.579,46.6612,0.66775,328,0.129166499,318.2689972,426.5874939,133794500,9.553615093,9.553615093,0.995757014,18.33129978,13.97359991,45.68954533,1.20043999,0,1.940817952,98813,241350,1,3565.244995,2,3116,76,240,131
B3008,0.2813,230.7109985,17,1050,2005-2006,86,7.902170181,55,28,1.100309968,67,1.549190044,0,-0.098765403,111.9635,44.0728,0.1565,68.64999771,4.025000095,129.6466484,119.7594986,143842000,16.04854965,16.04854965,0.759138495,14.02285004,7.00453496,35.37689745,0.92216453,1,2.570465088,46529.60156,158319,1.5,72.44519806,2,1787,80,174,142
B3010,0.3857,196.3899994,17,1051,2005-2006,149,7.913559914,55,28,1.371739984,67,1.673320055,16,0,111.9625,44.0738,0.1565,68.64999771,4.058335066,128.7139015,119.7594986,143842000,16.04854965,16.04854965,0.759138495,14.02285004,7.00453496,35.37689745,0.92216453,1,2.56765008,46529.60156,158319,1.5,72.44519806,2,1787,80,174,142
B3011,0.4179,75.96379852,17,1188,2005-2006,58,5.224589825,55,28,0.63845098,67,1.341639996,1,0,113.5448,44.7312,0.2493,100.0499992,2.137500048,163.1460037,186.7294998,143994000,14.61489964,14.61489964,1.369939983,13.61404991,23.10094929,42.7779606,1.160154998,1,2.608204961,84970.60156,212514,0,0,2,2348,80,187,143
B3013,0.1336,135,12,1327,2010,155,5.900129795,56,32,0.218995005,101,1.483240008,-1,0,107.5333,37.6667,0.2068,179.5,9.366669655,300.1520081,460.618988,154772000,23.14529991,23.14529991,381.0409851,3212.199951,1975.719971,26176.59961,260.0610046,45,176.8730011,7211.100098,2236.070068,648,1299.040039,2,908,84,174,141
B3014,0.1594,216.2539978,11,1318,2010,0,5.975329876,74,15,1.439919949,74,1.732049942,16,0.074074097,107.4833,37.7,0.283,177,9.358329773,292.8729858,460.618988,155567008,23.69490051,23.69490051,63.86610031,302.8989868,615.1240234,2925.129883,36.25659943,9,164.996994,5656.850098,2236.070068,263,72566.79688,2,946,83,177,141
B3015,0.237,239.0359955,11,1320,2010,68,6.362689972,70,19,0.451462001,157,0.632456005,1,0.074074097,107.55,37.7167,0.5075,191.5,9.350000381,294.9920044,460.618988,154743008,22.20350075,22.20350075,35.30089951,125.9229965,233.9100037,1453.290039,20.32690048,662,186.8379974,10816.7002,2236.070068,4,72566.79688,2,784,84,192,139
B3016,0.5558,278.1300049,7,1309,2010,136,6.844610214,80,13,1.094849944,101,1.732049942,16,0.074074097,107.5167,37.7667,0.3132,193.5,9.441670418,290.8099976,456.3619995,155652992,20.98959923,20.98959923,63.86610031,302.8989868,615.1240234,2925.129883,36.25659943,9,185.1840057,12041.59961,4242.640137,2,72566.79688,2,922,83,183,139
B3017,0.2836,168.6900024,21,292,2008,9,0.0044017,47,32,5.901050091,30,8.955450058,16,0.074074097,112.49,34.97,0.6212,280.2000122,14.91670036,518.2050171,633.8469849,161467008,22.06780052,22.06780052,797.6719971,6575.27002,2881.790039,56402.60156,623.6950073,112,1724.550049,4123.109863,4123.109863,566,1044600,2,1292,79,218,127
B3018,0.1588,171.6560059,16,623,2005,95,0.842510998,77,7,5.848730087,50,6,0,0,119.7114,49.5242,0.6658,313.2000122,-1.458330035,376.7739868,416.4030151,125605000,7.887639999,7.887639999,93.78800201,2431.629883,481.1610107,7913.129883,77.54029846,1,9.929940224,17464.30078,23194.80078,1,239.5859985,2,4304,73,336,120
B3019,0.4338,196.6990051,27,578,2005,0,1.277690053,43,30,1.616289973,47,1.673320055,16,0,119.4847,50.1931,0.7901,334.2000122,-1.816669941,448.4410095,395.67099,127697000,6.265140057,6.265140057,0.574726999,17.96800041,13.46560001,90.39080048,0.990638018,1,6.737659931,100846,103586,12,375.9419861,2,4764,71,354,117
B3020,0.6863,191.3099976,16,560,2005,76,4.725540161,77,7,0.394793987,50,1,0,0,119.2547,49.9067,0.8071,328.1000061,-1.25,413.2650146,413.243988,128050000,8.048469543,8.048469543,1.070739985,18.9423008,21.34679985,106.1389999,1.368360043,0,6.00082016,71063.39844,67977.89844,1,97.45159912,2,4657,73,321,119
B3021,0.8975,45,27,753,2005,0,0.038022898,43,30,0.109498002,47,1.183220029,16,0,120.3081,49.0736,0.7884,385.7999878,-1.508329988,377.8259888,493.5899963,124538000,6.705140114,6.705140114,15.85929966,251.8769989,72.07679749,1482.349976,19.17289925,1,12.92590046,9848.860352,12165.5,1,9925.540039,2,4251,72,298,113
B3022,0.2649,329.0360107,18,586,2005,119,3.561870098,66,16,0.451462001,55,0.632456005,16,0,116.5847,48.4903,0.3094,145.6000061,1.200000048,184.6560059,234.2740021,134774000,14.70359993,14.70359993,1.481969953,1.484490037,22.68149948,39.6391983,0.928701997,1,5.665160179,131575,141283,9,0,2,2479,79,217,135
B3023,0.3113,353.2900085,18,585,2005,64,1.416170001,51,31,2.648780107,55,2.932579994,0,0,116.7156,48.5794,0.2863,153.1999969,1.241670012,183.1580048,239.848999,134844000,14.20429993,14.20429993,2.073999882,13.4769001,28.5890007,107.822998,1.721169949,1,5.781770229,117004,127566,6,114.3030014,2,2664,78,216,137
B3024,0.3163,315,18,778,2005,0,3.267339945,51,31,0.437983006,55,0.632456005,16,0,118.8214,48.0947,0.7157,305.2999878,-0.774999976,326.2250061,386.4169922,127526000,9.664170265,9.664170265,0.511115015,2.474970102,10.69299984,22.97629929,0.334679991,3,3.927670002,45398.19922,145124,2,96.27719879,2,3260,74,269,129
B3025,0.3925,164.0549927,18,776,2005,0,4.526480198,51,31,1.127200007,60,1.095450044,4,0,119.6556,48.3333,0.671,299.2999878,-0.833333015,371.6130066,504.1040039,124637000,9.837920189,9.837920189,3.076800108,87.35980225,15.26099968,463.5,5.175739765,2,17.91160011,3000,107019,4,6786.310059,2,3435,73,261,126
B3026,0.4037,189.4620056,18,786,2005,64,4.339240074,51,31,0.941851974,60,1,0,-0.074074097,119.0794,47.785,0.6325,298.2000122,-0.400000006,351.3179932,455.6080017,126332000,9.385419846,9.385419846,0.603542984,7.637300014,10.70510006,48.72980118,0.580036998,0,9.001629829,24000,179869,3,10739.7998,2,3050,76,267,129
B3027,0.4963,0,18,597,2005,6,6.587820053,51,31,0.154853001,55,0.632456005,2,-0.111111,117.1547,48.4903,0.4366,209.5,0.891667008,202.7839966,276.9590149,133877000,12.89900017,12.89900017,0.956951976,5.654310226,13.34710026,47.16019821,0.773299992,1,4.183609962,112361,129468,2,81.62439728,2,2476,78,217,136
B3028,0.575,180,18,577,2005,0,7.981969833,51,31,0.309704006,55,0.632456005,16,-0.0123457,117.7747,48.3536,0.3854,198.3000031,0.608332992,229.8569946,235.2640076,132200000,13.65499973,13.65499973,4.973360062,27.05489922,101.1839981,238.7700043,3.381949902,3,6.636760235,111041,137931,0,8752.330078,2,3142,77,225,135
B3029,0.0168,59.03620148,17,408,2006-2011,0,3.688410044,52,31,1.805289984,126,1.612450004,16,0.049382702,125.81,51.28,0.876833333,414.6666616,-1.223611718,552.6031596,457.4521688,128500166.7,4.789426605,4.789426605,0.202394997,3.989851713,0.580360994,16.54588826,0.177189829,1,3.779015064,93621.60156,171511,1.166666667,37.28955015,3,7065,62,302,102
B3030,0.0864,218.6600037,19,603,2011,0,1.654889941,54,27,2.971970081,17,3.130500078,16,0.222222,125.24,51.63,0.8638,462.8999939,-1.633329988,524.3959961,477.0130005,129376000,5.32986021,5.32986021,0.291020006,0.936294019,1.300519943,9.269579887,0.108208999,0,3.051270008,49010.19922,227264,15,33.08769989,3,7242,57,260,103
B3031,0.2105,22.61989975,27,984,2011,0,0.00409315,41,32,7.999979973,1,8.449850082,0,-0.320987999,123.59,51.19,0.9027,517.2000122,-2.741669893,612.4860229,479.4049988,130879000,3.789170027,3.789170027,0.922421992,2.831039906,14.32830048,33.00770187,0.504463971,0,4.06400013,37121.39844,269236,0,54.16070175,3,7133,57,263,104
B3032,0.4859,234.4620056,22,6,2005,0,9.778860092,47,31,0.666019976,142,1.414209962,16,-0.074074097,119.89,32.45,0.76,347.3999939,15.64999962,1025.369995,938.1760254,153647008,21.29710007,21.29710007,1003.640015,10412.7998,4722.370117,103020,723.3449707,613,6592.649902,8544,9000,6041,369049,3,2251,73,164,128
B3033,0.3627,300.9639893,37,2,2005,11,9.838270187,24,39,0.451462001,181,1,16,-0.086419798,119.89,32.78,0.868,494.6000061,15.41670036,1072.199951,895.0430298,154395008,19.6093998,19.6093998,801.9450073,3345.060059,3587.300049,44558.19922,326.7359924,114,630.7390137,28792.40039,1414.209961,635,31387.19922,3,2601,75,208,121
B3034,0.3148,135,12,0,2005,0,10.26469994,56,32,0.218995005,146,0.447214007,0,0.037037,120.38,33.46,0.8086,608,14.5333004,1110.73999,854.257019,150800000,20.4769001,20.4769001,151.3699951,456.0320129,1492.5,6545.75,63.62979889,97,528.4349976,19799,10816.7002,474,34873.69922,3,2449,75,227,126
B3035,0.3559,218.6600037,22,3,2005,1,10.44400024,47,31,0.991446972,142,2.190890074,16,0.074074097,121.01,32.45,0.8174,662,15.38329983,949.5949707,885.7880249,154862000,20.08169937,20.08169937,567.4210205,1063.819946,3455.01001,19747.69922,209.1130066,495,1016.809998,5000,5830.950195,680,33063.69922,3,2173,76,207,122
B3036,0.2669,351.8699951,22,3,2005,1,10.4442997,47,31,0.547473013,142,1.843909979,16,0.037037,121.02,32.43,0.8109,629.7999878,15.36670017,948.53302,885.7880249,154839008,19.80240059,19.80240059,567.4210205,1063.819946,3455.01001,19747.69922,209.1130066,274,976.8790283,7000,4123.109863,585,26636.40039,3,2209,76,196,123
B3037,0.0522,225,29,1,2005,7,10.02099991,33,38,0.218995005,176,0,0,-0.345678985,120.01,33.99,0.8224,496.7000122,14.05000019,1204.170044,825.572998,152104000,19.44829941,19.44829941,854.4169922,6752.669922,6030.700195,37911.30078,320.4219971,231,382.3420105,8944.269531,7810.25,537,26593.80078,3,2385,78,224,127
B3038,0.0471,335.5559998,32,3,2005,1,10.41909981,28,40,0.935468018,166,1.612450004,16,-0.345678985,120.78,32.99,0.819,600.2999878,14.94999981,1005.820007,964.53302,153966000,20.39649963,20.39649963,396.8970032,854.0889893,3607.51001,14555.90039,152.6950073,13,396.0499878,37656.30078,31953.09961,61,6787.22998,3,2255,75,193,125
B3039,0.0548,315,33,-1,2005,0,10.24269962,30,37,0.218995005,166,1.095450044,0,-0.345678985,120.36,33.91,0.871,545.0999756,14.27499962,1167.329956,1078.76001,158015008,19.10810089,19.10810089,278.1279907,4391.759766,2433.629883,22914.80078,140.7230072,97,373.7210083,37107.89844,22000,14,47709.30078,3,2266,75,212,126
B3040,0.0607,225,37,1,2005,7,10.00160027,24,39,0.328489989,181,1.183220029,0,0.037037,120.01,33.45,0.8639,463,14.5916996,1157.089966,854.3330078,152454000,19.75760078,19.75760078,1104.900024,19119.40039,6746.089844,89074.60156,586.1309814,155,1364.170044,0,5000,774,64293.69922,3,2450,78,212,125
B3044,0.3251,75.96379852,29,3,2005,1,10.44009972,33,38,0.63845098,176,1.549190044,16,-0.024691399,121.04,32.35,0.8592,652.2000122,15.42500019,944.7730103,885.7880249,155612992,20.05249977,20.05249977,863.2869873,4496.620117,5077.169922,49800,360.072998,298,1091.98999,15297.09961,2236.070068,1013,44891.10156,3,2792,76,227,122
B3045,0.219,161.5650024,12,-1,2005,0,10.31630039,56,32,0.244843006,146,0.632456005,0,-0.098765403,120.47,33.49,0.8552,645.4000244,14.52499962,1106.040039,941.9019775,152210000,20.09309959,20.09309959,151.3699951,456.0320129,1492.5,6545.75,63.62979889,85,433.2749939,27586.19922,18601.09961,611,30913.5,3,2490,75,219,126
B3047,0.0055,180,22,-1,2008,0,8.965009689,47,31,0.309704006,97,1,0,0.0123457,118.89,37.87,0.6519,353.6000061,13.36670017,501.8559875,641.7059937,161464000,18.79789925,18.79789925,534.4290161,6551.209961,1368.609985,57950.19922,530.3189697,27,1187.439941,10816.7002,10770.2998,585,14652.7998,3,1371,78,205,135
B3049,0.122,225,32,1,2008,7,8.977629662,28,40,0.328489989,165,0.632456005,0,-0.0123457,118.95,37.69,0.032,389.7999878,13.5916996,517.1010132,704.3369751,162916992,17.27939987,17.27939987,1.188860059,40.26910019,3.046119928,285.4370117,1.794759989,1,874.2509766,30610.5,24041.59961,0,5348.649902,3,1365,76,225,135
B3050,0.162,251.5650024,16,5,2008,0,8.936940193,56,28,1.224040031,97,1.732049942,16,-0.0123457,118.71,37.92,0.8231,402.2999878,13.30000019,493.5180054,615.0130005,162756000,19.83580017,19.83580017,534.4290161,6551.209961,1368.609985,57950.19922,530.3189697,3,1579.430054,2828.429932,5000,603,39682,3,1095,79,182,135
B3054,0.0105,348.6900024,32,-1,2008,0,8.956740379,28,40,0.394793987,165,1.732049942,0,0.024691399,118.89,37.92,0.8045,385,13.5,498.7349854,641.7059937,162611008,19.41790009,19.41790009,534.4290161,6551.209961,1368.609985,57950.19922,530.3189697,25,2043.099976,6324.560059,5830.950195,797,2240.830078,3,1319,79,218,136
B3055,0.3974,90,20,56,2008,0,9.614899635,44,36,0.464549989,149,1,16,0.061728399,133.52,47.58,0.8426,366.6000061,3.408329964,521.9680176,598.2390137,130719000,8.46889019,8.46889019,12.67099953,42.39770126,80.76390076,411.3299866,4.863440037,278,170.0950012,0,2828.429932,963,750.6619873,3,5842,63,261,111
B3057,0.3201,116.5650024,20,56,2008,0,9.612270355,44,36,0.692492008,25,0.894427001,16,0.0123457,133.5167,47.5833,0.7117,371.7999878,3.408329964,521.9680176,598.2390137,130719000,8.46889019,8.46889019,12.67099953,42.39770126,80.76390076,411.3299866,4.863440037,55,135.1340027,1000,3162.280029,963,750.6619873,3,5853,63,242,112
B3072,0.8612,8.530759811,18,2964,2002-2003,0,0.027109301,51,31,9.312279701,55,8.944270134,-2,-0.037037,101.345,35.925,0.45795,202.5499954,4.016664863,403.4790039,443.7969971,171126504,21.99745083,21.99745083,40.62590027,95.16904831,177.5069962,2086.555054,18.03955078,1.5,9.103495121,71700.79688,52801.5,0,3425.435059,3,3214,81,172,119
B3077,0.425,213.6900024,29,3,2008-2012,1,10.42389965,33,38,0.558314025,176,1.897369981,16,0.037037,121.77,31.16,0.67508,550.28479,16.49002037,1199.89679,1128.705981,154450198.4,23.60014038,23.60014038,361.4388,5888.858008,1846.047974,42915.17969,351.9882019,2706.2,20091.2998,2000,1000,5777.4,1100234,3,2678,72,175,123
B3100,0.5075,173.1569977,35,85,2011,0,6.791999817,24,41,1.948799968,23,2.489979982,2,-0.197531,132.3333,45.3653,0.737,329.2999878,4.108329773,544.4949951,610.3770142,125746000,6.949440002,6.949440002,60.27830124,218.4949951,251.9129944,2136.840088,23.15769958,18,202.9929962,38078.89844,1000,281,3618.889893,3,3833,67,216,110
B3102,0.7673,43.06940079,18,3059,2012,0,2.21669E-05,51,31,9.658320427,199,15.88080025,16,-0.296296,99.38,38.99,0.6412,339.7999878,-2.816669941,366.6740112,436.5679932,140516992,12.52420044,12.52420044,3.10909009,11.54189968,54.09009933,133.9600067,1.772269964,1,9.467309952,38209.89844,33541,2,66.04370117,3,3663,77,234,115
B3103,0.7673,185.1940002,4,1439,2012,15,2.604449987,93,3,0.855143011,83,1.183220029,2,-0.135802001,100.21,39.46,0.081,192.9700012,7.208330154,159.9459991,138.2689972,154192992,26.96579933,26.96579933,15.41860008,45.33029938,126.1920013,634.4000244,6.928030014,0,78.03150177,36400.60156,36687.89844,3,0,3,838,82,193,146
B3104,0.5396,24.44400024,18,1833,2012,0,0.415964007,47,35,1.870440006,190,2.792850018,-2,-0.555555999,99.45,39.21,0.1583,179.5429993,6.474999905,202.4129944,273.4649963,154632992,20.43470001,20.43470001,91.93299866,328.5660095,739.7550049,3890.209961,42.40000153,16,63.0848999,11000,6324.560059,4,5263.990234,3,1531,82,202,128
B3105,0.4914,39.72610092,5,1853,2012,0,0.018705999,70,25,14.0092001,73,15.66520023,16,0.135802001,99.91,39.14,0.2,89.40000153,5.75,227.5310059,195.0500031,163535008,15.7784996,15.7784996,10.31040001,131.6450043,89.18070221,759.3839722,6.565609932,2,7.460879803,7071.069824,7071.069824,0,1051.189941,3,2022,79,204,124
B3106,0.5364,206.5650024,18,2689,2012,142,0.011857,51,31,4.147890091,55,7.97495985,0,-0.209876999,99.78,39.11,0.3049,147.3999939,0.608332992,334.4960022,232.1230011,161268992,19.10330009,19.10330009,10.31040001,131.6450043,89.18070221,759.3839722,6.565609932,4,13.19439983,15000,15620.5,4,156.25,3,2992,75,220,123
B3107,2.4105,18.43490028,18,1071,2005,29,5.722169876,51,31,0.244843006,60,1.549190044,16,0.111111,114.36,42.89,0.2093,90.40000153,4.883329868,144.4799957,209.1880035,141847008,18.06970024,18.06970024,1.740640044,1.861289978,16.58239937,49.52799988,0.952706993,0,3.884089947,88391.20313,87658.39844,2,111.8919983,3,1927,82,176,136
B3108,0.3502,243.4349976,20,3456,2009,39,1.851770043,53,27,2.076669931,151,2.569050074,1,0.024691399,102.6641,33.5075,0.8962,386.2999878,2.266669989,692.7940063,620.2420044,148300992,16.36039925,16.36039925,11.34679985,17.10129929,98.03099823,355.4490051,3.532999992,4,2.219049931,156285,102591,4,1837.160034,3,4093,67,305,111
B3109,0.4066,243.4349976,20,3456,2009,39,1.851770043,53,27,2.076669931,151,2.569050074,1,-0.049382702,102.6639,33.5075,0.8962,348.3999939,2.266669989,692.7940063,620.2420044,148300992,16.36039925,16.36039925,11.34679985,17.10129929,98.03099823,355.4490051,3.532999992,4,2.219049931,156285,102591,4,1837.160034,3,4093,67,305,111
B3110,0.2648,243.4349976,20,3456,2009,39,1.851770043,53,27,2.076669931,151,2.569050074,1,0.518518984,102.6642,33.5075,0.8962,386.2999878,2.266669989,692.7940063,620.2420044,148300992,16.36039925,16.36039925,11.34679985,17.10129929,98.03099823,355.4490051,3.532999992,4,2.219049931,156285,102591,4,1837.160034,3,4093,67,305,111
B3111,0.1799,243.4349976,20,3456,2009,39,1.851770043,53,27,2.076669931,151,2.569050074,1,-0.024691399,102.6641,33.5075,0.8962,386.2999878,2.266669989,692.7940063,620.2420044,148300992,16.36039925,16.36039925,11.34679985,17.10129929,98.03099823,355.4490051,3.532999992,4,2.219049931,156285,102591,4,1837.160034,3,4093,67,305,111
B3112,1.752,120.0690002,13,4758,2008,276,1.440919995,63,24,3.395750046,194,4.195240021,16,0,92.8928,34.7286,0.4189,69.40000153,-5.316669941,438.2799988,356.8699951,153611008,8.081390381,8.081390381,1.194900036,9.427949905,19.27709961,87.47489929,0.760122001,1,0.54025501,0,243249,28,128.1950073,3,3309,76,192,112
B3115,5.8,120.0690002,13,4758,2008,276,1.440919995,63,24,3.395750046,194,4.195240021,16,-0.172839999,92.8928,34.7289,0.4189,69.40000153,-5.316669941,438.2799988,356.8699951,153611008,8.081390381,8.081390381,1.194900036,9.427949905,19.27709961,87.47489929,0.760122001,1,0.54025501,0,243249,28,128.1950073,3,3309,76,192,112
B3116,0.6,332.7160034,13,4788,2008,37,0.160510004,63,24,8.219479561,194,9.899499893,2,0,92.8959,34.7266,0.5081,84.90000153,-5.366670132,438.2799988,356.8699951,153611008,8.081390381,8.081390381,1.194900036,9.427949905,19.27709961,87.47489929,0.760122001,1,0.54025501,1000,242687,28,128.1950073,3,3048,78,166,111
B3117,2.8463,308.5710144,17,3174,2003,186,0.227443993,44,39,7.775459766,197,7.496669769,0,0.049382702,101.26,37.55,0.8375,325.2000122,-1.258329988,587.0579834,401.0960083,135967008,15.5916996,15.5916996,82.42990112,228.6790009,508.631012,4222.430176,37.98270035,4,8.171569824,14317.7998,13453.59961,0,389.1870117,3,4102,77,199,112
B3119,1.389,71.56500244,29,26,2010,24,6.889070034,33,38,0.979283988,176,1.095450044,0,0.024691399,113.85,29.93,0.7089,460.2999878,17.64999962,1966.709961,1025.430054,143540992,20.85790062,20.85790062,895.3720093,5760.149902,2935.860107,44379.39844,443.9410095,216,396.5840149,21213.19922,8544,562,49395.89844,3,1959,62,193,121
B3120,3.592,150.2550049,15,4676,2009,262,1.349370003,66,19,2.495359898,201,2.645750046,-1,0.0123457,92.9167,34.8333,0.2467,33.40000153,-3.525000095,506.6080017,417.9419861,153252000,9.053469658,9.053469658,1.205410004,9.024100304,18.61899948,85.15570068,0.722485006,1,0.0250849,1000,230868,2,463.5580139,3,2520,78,165,115
B3121,1.3379,70.70999908,15,4671,2009,117,0.415812999,66,19,3.277709961,201,4.494440079,16,-0.024691399,92.9333,34.85,0.5131,84.59999847,-3.450000048,506.8169861,417.9419861,153252000,8.492219925,8.492219925,1.205410004,9.024100304,18.61899948,85.15570068,0.722485006,1,0.531516016,1000,228659,2,463.5580139,3,2920,78,171,115
B3122,1.9768,104.0360031,10,4548,2009,0,3.797090054,72,18,0.63845098,201,1.897369981,16,0,92.95,34.8667,0.4075,37.79999924,-2.875,494.7349854,491.4360046,153928000,9.09444046,9.09444046,1.205410004,9.024100304,18.61899948,85.15570068,0.722485006,0,0.085962102,1414.209961,225869,2,463.5580139,3,2134,79,163,125
B3124,0.722,45,29,4,2010-2012,0,10.36670017,33,38,0.218995005,176,1.095450044,0,0.037037,121.72,31.12,0.9678,548.2666829,16.16390038,1155.721334,867.2283529,150496341.3,22.28426679,22.28426679,356.8583374,6008.786621,1797.359985,41998.96615,342.491333,236,17771.5931,5099.02002,2828.429932,4918,1157440,3,2901,74,184,123
B3125,2.5985,206.5650024,20,3429,2011,0,4.979000092,53,27,0.692492008,151,0.774596989,-3,-0.049382702,102.8144,33.9161,0.0217,374.2000122,2.066669941,711.2789917,567.7050171,147191008,16.50690079,16.50690079,15.04069996,40.49219894,133.701004,561.2160034,4.982860088,8,7.423590183,118701,120221,1,11390,3,4179,69,287,112
B3126,3.9402,206.5650024,20,3429,2011,0,4.979000092,53,27,0.692492008,151,0.774596989,-3,0.037037,102.8142,33.9161,0.0217,374.2000122,2.066669941,711.2789917,567.7050171,147191008,16.50690079,16.50690079,15.04069996,40.49219894,133.701004,561.2160034,4.982860088,8,7.423590183,118701,120221,1,11390,3,4179,69,287,112
B3127,4.0733,198.4349976,20,3428,2011,0,4.979000092,53,27,0.244843006,151,0.447214007,1,-0.037037,102.8144,33.9158,0.0217,402.6119995,2.066669941,711.2789917,567.7050171,147191008,16.50690079,16.50690079,15.04069996,40.49219894,133.701004,561.2160034,4.982860088,8,7.423590183,118701,120221,0,11390,3,4179,69,287,112
B3129,0.4483,119.2679977,25,805,2011,83,0.091178402,45,30,8.024040222,224,9.273619652,0,-0.024691399,103.6592,31.0644,0.7903,521.0999756,15.89169979,914.1040039,597.6810303,111400000,21.94330025,21.94330025,485.447998,2038.22998,2279.5,22624.40039,204.5789948,14,1498.390015,2000,5830.950195,1197,65255,3,3356,69,261,126
B3130,0.2891,95.64050293,25,822,2011,0,0.091178402,45,30,12.40649986,224,14.00710011,16,0.0123457,103.6589,31.0644,0.9633,521.0999756,15.89169979,914.1040039,597.6810303,111400000,21.94330025,21.94330025,485.447998,2038.22998,2279.5,22624.40039,204.5789948,14,1498.390015,2000,5830.950195,1197,65255,3,3356,69,261,126
B3132,5.0918,315,17,3429,2011-2012,0,4.378290176,44,39,0.109498002,197,0.447214007,-3,-0.086419798,102.65,33.95,0.88285,368,2.104164958,716.0675049,522.8049927,138062500,17.52194977,17.52194977,14.39254999,8085.108061,148.4469986,533.1750031,4.751480103,7,8.076809883,129692,119403,0.5,17370.2002,3,3655,71,256,114
B3133,2.8264,198.4349976,20,3430,2011-2012,0,6.853419781,50,30,0.244843006,154,0.632456005,16,-0.0123457,102.77,33.87,0.65955,275.7000046,2.004164994,724.4919739,543.3840027,139256500,14.50370026,14.50370026,14.39254999,8126.536909,148.4469986,533.1750031,4.751480103,3.5,8.664469957,124342,123665,2,277.2274933,3,4238,70,304,108
B3134,1.9138,321.3399963,29,3427,2011-2012,67,4.808430195,42,29,0.991446972,127,2.569050074,1,0.037037,102.52,33.96,0.75655,334.1000061,2.029170036,713.5175171,523.7774963,140802000,19.88849926,19.88849926,13.19955015,8114.24571,146.1344986,325.4120026,3.866449952,8,5.520404816,139617,110752,1.5,13247.5,3,3732,71,275,115
B3135,3.9299,116.5650024,27,3434,2011-2012,0,6.960810184,45,28,0.346258998,151,1,1,0.111111,102.67,33.69,0.85535,417,1.974999964,738.7639771,545.2610168,143152000,14.65000057,14.65000057,8.205169916,8400.071382,85.89649963,234.0264969,2.44470489,2,3.619930148,142611,107703,2.5,699.5035095,3,4135,69,297,116
B3136,1.1103,39.27270126,21,4296,2011-2012,0,5.63062E-07,47,32,33.06869888,193,58.26660156,-2,-0.024691399,103.79,33.06,0.5547,111.2000008,-3.641669989,1036.309998,466.1654968,112639000,6.251039982,6.251039982,15.01924992,20757.12943,73.21310043,527.1144714,5.238409996,6,22.33169937,86023.29688,39217.30078,2,177.2039948,3,5431,62,260,105
B3137,1.2843,270.5849915,17,4181,2011-2012,91,9.54415E-09,44,39,14.83570004,197,16.59519958,16,-0.0123457,103.96,33.15,0.2053,77.25,-3.125,986.3160095,538.1425171,125492996,5.996670008,5.996670008,13.17164993,20802.87848,54.20809937,523.2599792,4.860655069,3.5,23.65334988,74518.5,23021.69922,2,273.3325043,3,5264,63,242,104
B3138,0.4988,70.31289673,19,3626,2011-2012,118,1.32091E-07,54,27,17.37409973,17,25.01600075,0,0.049382702,103.85,33.25,0.8914,560.7000122,1.458334982,876.7409973,521.4169922,128122000,6.99861002,6.99861002,11.66859961,20760.00321,49.39015007,553.3775024,4.627660036,5.5,21.24359989,74652.5,35171,210.5,4232.239868,3,5539,55,239,101
B3139,0.7325,51.97700119,17,3843,2011-2012,0,5.33544E-11,44,39,28.83950043,197,33.67789841,0,-0.024691399,104.02,33.08,0.8514,129.1500015,-0.491666511,1033.72998,522.2600098,124268000,7.795069933,7.795069933,13.17164993,20925.60061,54.20809937,523.2599792,4.860655069,16.5,25.05739975,77103.79688,19235.40039,14.5,418.6204987,3,5452,60,250,107
B3140,1.1253,332.928009,17,3800,2011-2012,0,0.0272716,44,39,18.85330009,197,24.02079964,16,0,104.05,33.23,0.78825,397.0500031,-0.941668481,953.4979858,538.1425171,131550500,9.053814888,9.053814888,17.82254982,20988.68461,71.00790024,753.7265015,6.782094955,14.5,21.99804974,61619.80078,18357.59961,0,6053.045166,3,5310,60,260,105
B3141,0.4512,280.5159912,17,4109,2011-2012,0,1.29704E-07,44,39,12.92720032,197,25.89979935,16,-0.358025014,103.82,33.13,0.416,160.1499939,-2.570829988,949.5545044,466.1654968,115276000,5.47784996,5.47784996,15.01924992,23832.865,73.21310043,527.1144714,5.238409996,3.5,22.3546505,84852.79688,35227.80078,0.5,198.8984985,3,5155,63,243,104
B3142,0.433,109.2949982,19,2582,2011-2012,0,4.58964E-11,54,27,36.50989914,17,41.31340027,16,-0.0123457,103.58,31.17,0.84675,655.0499878,7.974999905,1017.834503,587.2900085,105445000,9.935919762,9.935919762,43.0679512,26615.50637,98.52985001,1879.195007,21.07894993,3,998.5970154,16124.5,8000,3.5,9.970025063,3,5128,55,292,115
B3143,0.2074,93.15920258,28,3628,2011-2012,104,1.50324E-12,43,29,39.81790161,2,49.49750137,16,-0.086419798,103.71,31.31,0.5024,342.1499939,2.9375,1134.684998,600.072998,106646500,9.511384964,9.511384964,28.92784977,26781.69288,125.7054977,2662.699951,17.8376503,2.5,1037.684479,27000,18681.5,2.5,663.8099976,3,5839,59,359,114
B3144,0.2101,67.10949707,22,2147,2011-2012,0,7.96146E-07,49,29,18.26519966,13,19.78380013,-1,0.654321015,103.69,31.21,0.8888,671.1999817,10.75,988.7795105,583.7350159,108305000,14.55984974,14.55984974,28.92784977,26737.32738,125.7054977,2662.699951,17.8376503,4.5,925.3825073,19849.40039,17117.19922,0.5,6123.615234,3,5212,56,302,119
B3145,0.0264,61.69919968,16,727,2009,0,4.362889767,77,7,1.143039942,50,1.673320055,-1,0.111111,119.4492,48.6533,0.6887,315.7000122,-1.416669965,386.6199951,408.5069885,128433000,6.891940117,6.891940117,4.285570145,1069.310059,57.69229889,438.3999939,4.36823988,13,36.19739914,17720,73334.89844,2,1005.469971,3,3368,73,280,122
B3146,0.0182,161.5650024,16,696,2009,0,3.560389996,77,7,0.489677995,50,1,16,0.0123457,119.125,48.5492,0.7164,319.3999939,-1.583330035,360.0809937,386.7869873,125871000,6.531529903,6.531529903,4.2323699,8.361390114,57.6617012,102.8590012,3.053610086,3,34.46419907,38600.5,86977,0,409.5939941,3,3606,72,304,129
B3147,0.0129,261.8699951,20,683,2009,0,0.697463989,44,36,2.18888998,149,2.645750046,-1,0.111111,118.8886,48.6117,0.6386,318.6000061,-1.266669989,339.946991,383.3840027,129328000,6.102220058,6.102220058,4.2323699,8.361390114,57.6617012,102.8590012,3.053610086,1,22.13890076,56302.80078,82024.39844,3,2.106580019,3,3215,74,250,126
B3161,0.1938,116.5650024,32,8,2009,21,6.889870167,28,40,0.346258998,165,1.732049942,16,-0.061728399,121.157,30.29,0.6562,599.2000122,16.875,1405.25,1082.859985,154422000,22.55719948,22.55719948,874.9580078,20665.90039,4719.080078,110174,813.0900269,15,6162.879883,17804.5,2828.429932,1258,22361.09961,3,2598,67,177,119
B3168,2.7229,333.4349976,20,3192,2001-2004,19,1.585369945,54,26,2.076669931,151,3.286339998,2,-0.024691399,101.3,37.617,0.841525,337.5500031,-1.435415,530.1829987,422.1705017,140550000,17.2430501,17.2430501,39.37567425,78.24814987,247.652504,1763.899994,17.06664991,48.5,8.30913496,7810.25,6324.560059,0,78.68217659,3,3853,76,203,119
B3180,0.1841,315,22,2,2010,11,8.906259537,47,31,0.766439974,142,1.264909983,16,-0.123457,118.74,38.03,0.7268,347,12.9666996,640.4400024,696.3410034,159350000,19.07139969,19.07139969,475.0559998,6343.410156,1261.310059,49775.39844,466.0660095,26,1464.380005,11180.2998,11180.2998,587,4642.299805,3,1136,79,200,131
B3181,0.1643,15.94540024,16,2,2010,11,8.970580101,56,28,1.127200007,231,1.78884995,16,0.024691399,118.85,37.77,0.4365,260,13.08329964,644.1550293,678.4810181,156028000,18.28210068,18.28210068,332.4660034,4590.5,1596.060059,33965.60156,278.7030029,6,1066.319946,18439.09961,12369.2998,896,15837,3,1151,78,220,131
B3182,0.1044,-1,32,0,2010,0,8.978409767,28,40,0,165,0,0,-0.061728399,118.92,37.62,0.0817,343.8210144,13.45829964,644.8809814,711.822998,158852992,14.76780033,14.76780033,1.354359984,65.66590118,2.927870035,407.6719971,2.185090065,0,1741.51001,34885.5,25298.19922,532,4561.990234,3,1265,77,178,129
B3185,0.1454,21.80139923,22,6,2010,0,8.970359802,47,31,0.833853006,142,2.323790073,16,-0.098765403,118.72,37.65,0.597,218.1999969,13.31669998,641.9699707,662.4439697,157143008,18.12540054,18.12540054,332.4660034,4590.5,1596.060059,33965.60156,278.7030029,98,1753.890015,21931.69922,10816.7002,666,23121.19922,3,1196,79,199,135
B3191,1.0082,63.43489838,36,54,2005,0,9.60474968,22,42,0.346258998,25,1.673320055,0,-0.123457,133.4958,47.575,0.903,375,2.174999952,525.2479858,593.4710083,121772000,7.060279846,7.060279846,11.80970001,46.93970108,61.12319946,430.0610046,4.756090164,3,35.4516983,1414.209961,2236.070068,810,690.3510132,3,5634,63,230,111
B3196,1.6319,45,21,16,2011,0,7.989290237,47,32,0.328489989,230,0.632456005,1,0,116.2828,28.9153,0.7462,604.9260254,17.83329964,1278.939941,1244.900024,166208992,20.57939911,20.57939911,250.6629944,633.53302,1469.73999,10363.7998,133.4380035,29,1006.719971,28160.30078,24839.5,5,19169.5,3,1900,55,191,124
B3197,1.6319,81.86990356,21,15,2011,16,7.989339828,47,32,0.547473013,145,0.774596989,16,0.185185,116.2906,28.9184,0.7512,604.8699951,17.82500076,1281.099976,1244.900024,166208992,20.52029991,20.52029991,250.6629944,633.53302,1469.73999,10363.7998,133.4380035,29,1012.98999,28160.30078,24839.5,0,19169.5,3,1795,55,198,124
B3218,1.422,348.6900024,22,2,2012,11,10.56110001,47,31,0.394793987,142,0.632456005,16,0.061728399,121.73,31.83,0.7479,700,15.4083004,1125.920044,910.4279785,143354000,20.71940041,20.71940041,132.7779999,2895.669922,1459.02002,13606.2998,104.8820038,4292,3670.649902,5099.02002,1000,908,98530.39844,3,2479,76,208,122
B3223,0.1389,284.0360107,22,244,2008-2009,0,0.279550999,51,27,1.914720058,112,3.847079992,16,-0.296296,108.1833,30.4333,0.74655,553.7999878,18.32084942,1142.255005,822.4654846,126967500,22.70800018,22.70800018,616.8535156,2246.88501,1761.059998,26093.9502,268.5765076,119.5,404.5144958,32526.90039,5830.950195,519,30492.84961,3,2906,63,208,131
B3226,0.8894,116.5650024,20,56,2002-2004,0,9.612270355,44,36,0.692492008,25,0.894427001,16,-0.296296,133.5167,47.5833,0.662766667,388.9000041,2.830556711,569.098348,598.7573446,123287000,7.637776693,7.637776693,18.13493347,43.31799952,60.32576625,574.1553345,6.125396729,28.33333333,28.65773328,1000,3162.280029,865,798.0799967,3,5853,63,242,112
B3230,0.6676,116.5650024,20,56,2003,0,9.612270355,44,36,0.692492008,25,0.894427001,16,-0.296296,133.5167,47.5833,0.6928,368.6000061,2.883330107,523.0910034,580.7520142,130245000,7.823329926,7.823329926,18.4769001,42.74349976,58.58869934,587.6500244,6.181250095,18,28.65769958,1000,3162.280029,895,763.4580078,3,5853,63,242,112
B3235,0.4983,208.3009949,20,51,2003,27,9.641639709,44,36,1.143039942,149,1.095450044,0,0,133.5167,47.9167,0.8196,369.2999878,2.474999905,535.8540039,529.7659912,132682000,9.116109848,9.116109848,17.82489967,43.73690033,60.57730103,578,6.052070141,8,7.462860107,37589.89844,38000,0,1111.050049,3,6178,63,261,110
B3242,0.2055,258.6900024,16,2,2010,11,8.974820137,56,28,0.394793987,97,1.095450044,16,-0.0123457,118.932,37.756,0.831,322,12.94169998,646.7979736,629.9869995,157090000,17.28499985,17.28499985,332.4660034,4590.5,1596.060059,33965.60156,278.7030029,7,1624.900024,23323.80078,18248.30078,204,15837,3,1149,79,227,136
B3244,0.246,143.7460022,16,3,2010,1,8.967709541,56,28,1.439919949,97,3.521359921,16,0.061728399,118.96,37.8851,0.3373,195.8000031,13.2833004,647.4320068,654.242981,161182000,17.80080032,17.80080032,475.0559998,6343.410156,1261.310059,49775.39844,466.0660095,7,1793.689941,13892.40039,13416.40039,801,16595.19922,3,1428,79,270,136
B3246,0.012,101.3099976,16,6,2010,0,8.956119537,56,28,0.394793987,97,1.483240008,16,-0.024691399,118.839,37.9138,0.7831,436.6000061,13.2833004,644.0440063,612.132019,158355008,18.44149971,18.44149971,475.0559998,6343.410156,1261.310059,49775.39844,466.0660095,400,3069.820068,3605.550049,3605.550049,2952,158129,3,1122,79,188,134
B3247,0.1275,351.8699951,16,9,2010,7,8.966629982,56,28,0.547473013,97,2.366430044,16,-0.024691399,118.727,37.7184,0.8536,334.1000061,13.10000038,641.2910156,662.4439697,155540000,18.97990036,18.97990036,332.4660034,4590.5,1596.060059,33965.60156,278.7030029,14,1987.790039,15264.2998,7071.069824,649,23121.19922,3,939,80,218,136
B3248,0.1984,191.529007,22,2433,2011,207,2.30993E-07,49,29,15.49419975,13,24.4090004,-2,-0.246913999,102.21,29.58,0.8868,962.4000244,11.60830021,1109.01001,524.9240112,129406000,16.20459938,16.20459938,111.6750031,154.2830048,434.6820068,3330.439941,36.87099838,12,43.32619858,72615.39844,39319.19922,2,264.1830139,4,5124,58,235,111
B3249,0.0119,348.6900024,12,567,2010,118,5.847459793,56,32,0.394793987,146,1.897369981,-3,0.037037,88.9333,44.2833,0.34,122.0999985,6.708330154,248.2669983,124.237999,144394000,15.74629974,15.74629974,20.99769974,43.50109863,325.0589905,710.8980103,10.31939983,10,78.9213028,11180.2998,12041.59961,0,165.6959991,4,1339,84,162,139
B3250,0.3482,33.85400009,43,375,2007,0,0.00703082,24,33,27.65309906,104,33.96760178,-1,0.037037,108.3198,24.7358,0.7956,893.2999878,19.67499924,1476.089966,996.5510254,138196000,25.23279953,25.23279953,247.2879944,478.9779968,913.2529907,10076.90039,82.09870148,13,47.2507019,4000,6000,605,32234.30078,4,2215,58,193,123
B3251,0.8556,75.02850342,43,353,2007,86,3.59105E-08,24,33,31.9015007,104,37.66960144,-1,-0.530864,108.3289,24.7388,0.7674,943.5,19.79170036,1476.089966,996.5510254,138196000,25.78809929,25.78809929,247.2879944,478.9779968,913.2529907,10076.90039,82.09870148,15,46.29980087,5000,7000,615,32234.30078,4,2215,58,193,124
B3252,1.1395,136.1929932,43,364,2007,0,8.99725E-13,24,33,32.71139908,104,39.69380188,16,1.271600008,108.3245,24.7422,0.7674,981.2000122,19.77499962,1472.280029,996.5510254,138196000,25.40139961,25.40139961,247.2879944,478.9779968,913.2529907,10076.90039,82.09870148,15,46.29980087,5000,7000,430,32234.30078,4,2412,58,182,124
B3253,0.0743,337.1659851,14,1144,2009,54,0.00136535,54,32,15.56719971,92,16.97649956,1,0.209876999,109.5391,36.5337,0.7026,346.2999878,10.47500038,556.7969971,540.8389893,163400000,18.85140038,18.85140038,187.3200073,909.2960205,391.7520142,9600.429688,111.9369965,10,385.2189941,5830.950195,6082.759766,1624,3035.629883,4,1778,82,208,128
B3254,0.0945,47.40599823,29,1235,2009,0,0.069322303,33,38,12.82330036,92,21.16130066,1,0.074074097,109.5383,36.4823,0.6615,390.7999878,10.18330002,569.9279785,540.8389893,164662000,18.69420052,18.69420052,144.2189941,463.7529907,356.3800049,5816.5,77.38079834,17,275.8389893,7000,6403.120117,583,3035.629883,4,2029,80,198,128
B3255,0.4676,51.77959824,14,1286,2009,0,0.092225499,54,32,15.38749981,92,19.48329926,-1,-0.037037,109.5427,36.4628,0.7172,368.6000061,9.858329773,576.5449829,540.8389893,164662000,18.32209969,18.32209969,144.2189941,463.7529907,356.3800049,5816.5,77.38079834,63,264.1300049,7000,5000,233,57366.19922,4,2165,80,203,127
B3256,0.7686,243.8430023,14,1270,2009,105,0.000291055,54,32,14.27509975,92,19.45759964,0,-0.024691399,109.5188,36.47,0.7476,388.3999939,10.05830002,567.6380005,540.8389893,164662000,18.34810066,18.34810066,144.2189941,463.7529907,356.3800049,5816.5,77.38079834,107,264.9890137,5000,4242.640137,405,57366.19922,4,2349,78,194,127
B3257,0.2363,278.0050049,14,1249,2009,0,0.033865798,54,32,9.908169746,92,12.04160023,16,0.0123457,109.5364,36.4361,0.7876,461.5,9.816670418,581.507019,556.6199951,165920000,16.06780052,16.06780052,144.2189941,463.7529907,356.3800049,5816.5,77.38079834,75,229.2460022,7000,3605.550049,0,57366.19922,4,2812,71,186,125
B3258,0.4685,218.1569977,7,1409,2009,170,0.0195274,80,13,5.497240067,101,7.443120003,-5,-0.037037,116.85,42.45,0.5489,297.8999939,1.883329988,314.5889893,412.8529968,149844992,13.07740021,13.07740021,30.07530022,39.98289871,99.01889801,1007.159973,15.14939976,4,69.90170288,34176,71112.60156,3,328.6239929,4,3168,77,219,132
B3259,0.0784,284.5100098,17,3937,2012,0,9.19265E-13,44,39,33.98809814,197,38.15230179,0,-0.0123457,99.98,31.55,0.873,331.1000061,0.100000001,939.7399902,489.9729919,147368000,11.99139977,11.99139977,8.056440353,21.58139992,51.56909943,270.0910034,2.526420116,1,7.042850018,326120,204463,2,27505.19922,4,4398,67,261,115
B3260,0.0784,351.696991,19,3754,2012,31,0.860917985,54,27,14.1789999,17,15.63969994,16,0.098765403,100.72,31.72,0.8367,342.2000122,2.766669989,1016.419983,523.6140137,152580000,12.25930023,12.25930023,11.1821003,33.47249985,74.19000244,391.1730042,3.559649944,7,6.257359982,262246,137873,5,22.80730057,4,5011,67,249,116
B3261,0.0957,27.49550056,22,4574,2012,0,1.23461E-11,47,31,38.00830078,195,44.38470078,16,-0.061728399,99.03,31.88,0.8694,203.8999939,-3.799999952,896.5819702,332.1279907,107335000,0.669166982,0.669166982,10.41619968,37.00360107,43.31740189,378.8919983,3.825520039,9,2.978369951,408502,182800,2,9212.540039,4,4018,66,224,106
B3262,0.0957,59.03620148,8,4537,2012,114,3.783669949,80,12,0.902867973,213,1.095450044,1,0.0123457,99.85,31.22,0.5942,185.1999969,-3.299999952,994.1790161,448.9989929,133809000,10.23900032,10.23900032,14.74310017,24.43040085,93.47930145,425.8460083,4.908510208,48,7.117809772,318693,223258,3,63.53269958,4,4423,62,287,109
B3263,0.0957,330.2019958,19,4224,2012,260,0.000814485,54,27,10.32590008,17,10.64890003,16,-0.0123457,99.92,31.38,0.7459,256.2000122,-0.716666996,991.1890259,426.1889954,123085000,14.84500027,14.84500027,8.056440353,21.58139992,51.56909943,270.0910034,2.526420116,15,3.454109907,322002,215390,2,11.50720024,4,5037,64,252,114
B3264,0.0957,192.529007,8,4626,2012,273,1.28618E-08,80,12,8.503089905,193,20.04000092,16,-0.037037,99.95,31.4,0.5706,226,-3.383330107,1024.52002,426.1889954,121966000,11.81939983,11.81939983,8.056440353,21.58139992,51.56909943,270.0910034,2.526420116,2,4.446320057,320206,211896,3,11.50720024,4,4788,63,264,105
B3265,0.0957,311.5409851,8,4592,2012,0,9.86641E-05,80,12,19.21109962,213,20.10969925,16,-0.061728399,99.97,31.42,0.3987,209.8999939,-4.858329773,1045.949951,426.5379944,122396000,6.585279942,6.585279942,8.056440353,21.58139992,51.56909943,270.0910034,2.526420116,0,4.02737999,320677,209976,2,2205.580078,4,4616,64,256,105
B3266,0.0957,334.2520142,8,4551,2012,243,3.05089E-13,80,12,38.85739899,193,45.43569946,16,-0.074074097,99.97,31.45,0.6224,170.1999969,-4.716670036,1049.859985,426.5379944,128780000,6.26541996,6.26541996,8.056440353,21.58139992,51.56909943,270.0910034,2.526420116,12,8.455820084,322531,208734,5,2205.580078,4,4582,64,259,108
B3267,0.0957,17.6317997,19,4122,2012,38,2.8972E-07,54,27,20.09429932,13,22.3159008,1,-0.197531,101.58,30.53,0.7653,334.2999878,2.283329964,1156.199951,559.6149902,167540992,13.96640015,13.96640015,14.95030022,29.77179909,97.09279633,456.3150024,5.34953022,13,6.123680115,144558,65946.89844,0,19913.5,4,6328,65,271,107
B3268,0.0957,157.8910065,19,4120,2012,0,0.000193245,54,27,20.47579956,17,22.55220032,-2,-0.061728399,101.58,30.55,0.8204,406.3999939,3.158329964,1108.469971,559.6149902,166660000,17.21759987,17.21759987,21.40449905,64.73429871,131.3630066,731.2600098,7.52132988,1,6.10807991,145602,68249.5,5,19913.5,4,6817,63,267,107
B3269,0.0957,269.6099854,21,4292,2012,122,0.023886601,47,32,11.23569965,193,12.23110008,0,0.0123457,101.8,30.08,0.6333,172.8999939,-0.75,1268.290039,501.4930115,152443008,15.22420025,15.22420025,21.84110069,48.93159866,130.7680054,705.7269897,8.578689575,28,38.15299988,112040,19026.30078,2,40.06439972,4,6383,63,266,107
B3270,0.3017,334.2520142,8,4551,2012,243,3.05089E-13,80,12,38.85739899,193,45.43569946,16,0.0123457,99.97,31.45,0.6224,170.1999969,-4.716670036,1049.859985,426.5379944,128780000,6.26541996,6.26541996,8.056440353,21.58139992,51.56909943,270.0910034,2.526420116,12,8.455820084,322531,208734,5,2205.580078,4,4582,64,259,108
B3271,0.3017,5.617579937,17,3949,2012,0,0.191148996,44,39,9.406220436,197,12.16549969,4,0.061728399,100.23,31.62,0.8774,382.1000061,3.041670084,971.9749756,519.1690063,152744992,15.62870026,15.62870026,21.77490044,46.16889954,214.5970001,637.348999,6.762269974,9,5.979040146,306139,181915,3,15336.59961,4,4610,67,297,107
B3272,0.3017,78.82009888,17,3876,2012,0,5.98129E-08,53,30,25.03109932,36,27.62610054,16,-0.061728399,100.73,31.85,0.8224,345.6000061,2.833329916,1003.469971,519.6480103,152767008,13.57260036,13.57260036,4.479869843,17.49430084,26.5883007,180.3179932,1.504780054,4,4.392029762,259856,135532,5,1731.319946,4,4847,66,252,115
B3273,0.0539,341.5650024,29,477,2009,0,5.872819901,42,29,0.489677995,158,0.774596989,16,-0.024691399,87.9333,44.2833,0.5518,178.6000061,7.333330154,272.8210144,181.8200073,153936992,16.47249985,16.47249985,30.73250008,88.30660248,317.2749939,1056.160034,21.42510033,12,162.3450012,16000,18000,1172,8596.519531,4,1581,84,170,138
B3276,0.1854,164.9170074,25,1406,2007,0,8.88611E-08,44,31,21.53809929,29,22.64949989,16,0.061728399,111.78,37.57,0.8413,426.7999878,7.991670132,699.0040283,671.9719849,172110000,13.71959972,13.71959972,287.5580139,656.0430298,224.1199951,21498.5,209.0619965,2,180.8990021,24351.59961,22472.19922,16,1748.98999,4,3505,69,173,116
B3277,0.339,194.6210022,14,1280,2009,0,0.00149477,54,32,17.8076992,92,21.29319954,-2,-0.086419798,109.35,36.87,0.628,297.8999939,10.25,545.6079712,501.7730103,162036000,19.60029984,19.60029984,116.5339966,405.2659912,299.3710022,4995.060059,68.01270294,20,195.1750031,9848.860352,2236.070068,862,1415.949951,4,1517,84,190,125
B3279,0.0484,285.2550049,7,347,2007,96,6.61522007,80,13,0.88273102,101,2.323790073,-2,-0.111111,120.7167,42.9667,0.7805,204.1999969,8.75,344.5130005,334.4840088,142660000,19.36899948,19.36899948,81.1207962,188.9190063,691.7559814,3002.830078,39.27560043,5,76.28559875,0,15132.7002,5,188.4700012,4,2327,79,212,139
B3282,0.4038,6.340189934,4,1431,2009-2010,0,2.879689932,93,3,1.401980042,83,1.949360013,16,-0.111111,99.5723,39.3323,0.11635,189.1044998,8.658329964,191.4889984,231.8499985,154079504,25.47489929,25.47489929,97.90955353,275.2210083,521.2944946,3978.200073,42.79790115,0,43.0598011,3162.280029,7280.109863,7,55028.44922,4,856,83,169,145
B3287,0.0778,283.9649963,17,3055,2010,225,7.56069E-06,44,39,14.74499989,197,20.20400047,-2,-0.111111,100.2941,38.5415,0.6985,524.0999756,-2.200000048,419.2799988,486.7749939,154890000,7.151810169,7.151810169,0.559475005,0.519864976,9.489859581,19.51079941,0.264640987,0,6.353539944,34409.30078,32202.5,3,188.2870026,4,3497,74,212,113
B3288,0.088,318.4419861,17,2922,2010,50,0.000146214,44,39,14.28590012,197,21.45689964,1,-0.111111,100.2847,38.5418,0.6926,525.4000244,-1.950000048,415.3619995,486.7749939,154890000,8.861249924,8.861249924,0.559475005,0.519864976,9.489859581,19.51079941,0.264640987,0,6.353539944,35227.80078,33105.89844,3,188.2870026,4,3243,74,198,113
B3289,0.1404,32.22340012,17,2709,2010,168,1.5409E-07,44,39,27.79540062,55,32.05619812,0,-0.111111,100.2835,38.5666,0.4542,293,0.841666996,387.7539978,466.1799927,156902000,13.87759972,13.87759972,0.559475005,0.519864976,9.489859581,19.51079941,0.264640987,2,11.53059959,33615.5,31400.59961,1,188.2870026,4,3185,75,198,115
B3290,0.1793,355.0360107,17,3192,2010,19,1.35564E-07,44,39,28.66300011,197,35.56679916,2,-0.111111,100.2972,38.5383,0.6985,529,-1.983330011,480.394989,486.7749939,154890000,7.151810169,7.151810169,0.559475005,0.519864976,9.489859581,19.51079941,0.264640987,0,6.365970135,34885.5,32573,4,188.2870026,4,3497,74,212,112
B3291,0.2368,350.2869873,17,3038,2010,0,0.000106244,44,39,24.53879929,197,28.52370071,3,-0.111111,100.2912,38.5408,0.6985,522.7999878,-2.200000048,480.394989,486.7749939,154890000,7.151810169,7.151810169,0.559475005,0.519864976,9.489859581,19.51079941,0.264640987,0,6.353539944,34885.5,32573,3,188.2870026,4,3243,74,198,113
B3292,0.357,337.7000122,17,2974,2010,123,0.00262243,44,39,17.58589935,197,20.69779968,16,-0.320987999,100.2905,38.5449,0.6985,518.2000122,-0.675000012,415.3619995,486.7749939,154890000,7.151810169,7.151810169,0.559475005,0.519864976,9.489859581,19.51079941,0.264640987,5,6.353539944,35227.80078,33105.89844,3,188.2870026,4,3243,74,198,113
B3293,0.3789,265.6010132,18,2877,2010,0,5.62281E-06,51,31,11.93840027,197,13.84200001,16,-0.061728399,100.2985,38.5474,0.6985,397.7999878,-0.875,419.2799988,486.7749939,154890000,7.151810169,7.151810169,0.559475005,0.519864976,9.489859581,19.51079941,0.264640987,1,6.365970135,34409.30078,32202.5,5,188.2870026,4,3388,74,209,113
B3294,0.45,3.34032011,17,3070,2010,0,0.00941193,44,39,19.18219948,197,22.94339943,0,0.061728399,100.2992,38.5405,0.731,529,-1.983330011,480.394989,486.7749939,154890000,7.151810169,7.151810169,0.559475005,0.519864976,9.489859581,19.51079941,0.264640987,0,6.365970135,34885.5,32573,4,188.2870026,4,3497,74,212,113
B3295,0.4889,355.9769897,17,3028,2010,0,4.38809E-05,44,39,23.89259911,197,25.22699928,16,0.604937971,100.2902,38.5405,0.6985,522.7999878,-2.200000048,480.394989,486.7749939,154890000,7.151810169,7.151810169,0.559475005,0.519864976,9.489859581,19.51079941,0.264640987,0,6.353539944,35777.10156,33526.10156,3,188.2870026,4,3243,74,198,113
B3296,0.6259,270.5400085,17,3409,2010,0,6.03158E-09,44,39,15.98700047,197,26.56690025,1,0.407406986,100.2878,38.5335,0.7531,455.2000122,-4.008329868,480.394989,486.7749939,154890000,8.214440346,8.214440346,0.559475005,0.519864976,9.489859581,19.51079941,0.264640987,0,5.311289787,35777.10156,33526.10156,6,188.2870026,4,3459,75,196,112
B3297,0.041,234.4620056,7,1280,2004,0,3.704730034,80,13,1.331859946,101,1.843909979,-2,-0.271605015,110.1533,39.4849,0.2402,123.3000031,7.416669846,459.8099976,448.7279968,159460000,20.28689957,20.28689957,63.83250046,316.7189941,143.4470062,3055.22998,48.14709854,12,114.3389969,5000,21189.59961,154,11337.59961,4,1263,82,218,139
B3298,0.067,281.3099976,7,1306,2004,0,3.147660017,80,13,1.578799963,101,2.569050074,16,-0.185185,110.1974,39.4958,0.462,165.8000031,7.308330059,462.2789917,448.7279968,159460000,19.4435997,19.4435997,63.83250046,316.7189941,143.4470062,3055.22998,48.14709854,6,152.2230072,8485.280273,20880.59961,258,11337.59961,4,1439,82,209,139
B3299,0.0236,101.3099976,7,480,2008,59,4.443290234,80,13,0.394793987,101,1.78884995,16,0.061728399,119.65,43.0333,0.6491,227.3999939,8.083330154,317.2999878,376.447998,129026000,18.2220993,18.2220993,53.31719971,140.4649963,230.5209961,2058.830078,26.13940048,10,53.74440002,1414.209961,50159.69922,0,267.5029907,4,2151,78,210,138
B3303,0.119,93.0447998,14,1541,2012,176,0.000132289,64,22,14.27400017,45,15.49190044,16,-0.086419798,116.78,41.89,0.7443,443.7999878,1.883329988,493.3439941,512.9290161,148304992,10.72560024,10.72560024,19.89850044,86.91100311,108.5940018,796.3200073,11.21490002,2,70.45010376,18248.30078,51623.60156,3,1110.290039,4,3892,74,237,114
B3304,0.2564,4.658249855,22,1008,2012,50,0.00235165,47,31,10.37240028,142,14.67650032,16,-0.086419798,116.92,41.36,0.8729,466.1000061,6.150000095,482.2799988,540.1799927,153884000,13.57320023,13.57320023,58.78329849,212.3950043,320.4670105,2145.300049,31.36289978,5,68.79530334,14866.09961,1000,4,2798.75,4,2183,75,167,118
B3305,0.502,73.32289886,36,275,2005,0,0.0022725,39,25,18.48649979,219,24.15369987,16,-0.086419798,120.03,29.89,0.7638,489.3999939,15.42500019,1260.939941,898.1539917,149080000,18.89179993,18.89179993,214.3930054,2789.550049,1163.300049,17503.19922,138.5189972,4,979.3200073,11000,5000,231,7653.959961,4,3326,55,192,110
B3306,1.247,266.4890137,25,379,2005,88,4.05676E-09,45,30,23.81520081,224,33.80830002,16,-0.086419798,119.92,29.78,0.8489,530.4000244,15.19999981,1268.48999,914.5759888,147787008,18.77890015,18.77890015,44.93870163,507.0750122,194.223999,5113.640137,34.3268013,4,917.6550293,11401.7998,12206.59961,0,2339.26001,4,3425,54,185,109
B3307,0.156,111.8010025,12,2173,2011,0,4.52371E-05,73,15,10.71420002,40,13.00769997,16,-0.086419798,106.13,35.46,0.7718,449.1000061,4.983329773,590.4609985,589.9630127,142283008,16.82859993,16.82859993,353.9379883,894.2709961,989.3250122,13609.09961,148.102005,47,114.0279999,29068.90039,14142.09961,243,3806.149902,4,2790,77,233,121
B3308,0.293,315,14,1988,2011,98,2.978800058,54,32,1.860810041,92,1.732049942,16,-0.086419798,106.05,35.49,0.5281,381.5,5.891670227,556.8010254,563.2730103,141940992,17.44219971,17.44219971,353.9379883,894.2709961,989.3250122,13609.09961,148.102005,82,130.1799927,30479.5,12530,0,17151.19922,4,2300,79,223,126
B3309,0.1968,199.2740021,14,2057,2011,119,0.0170164,54,32,13.13490009,92,14.52579975,16,-0.086419798,106.05,35.7333,0.5572,315.1000061,5.641670227,496.9289856,531.2860107,142596992,18.2560997,18.2560997,193.6190033,1379.540039,837.3150024,10720.2998,105.2590027,65,119.7549973,18973.69922,14317.7998,0,12102.09961,4,2902,80,227,124
B3310,0.24,41.53179932,14,1988,2011,98,0.403281003,54,32,3.615259886,92,3.435110092,16,-0.086419798,106.05,35.6833,0.544,293.3999939,5.658329964,517.0040283,531.2860107,141982000,18.60330009,18.60330009,193.6190033,1379.540039,837.3150024,10720.2998,105.2590027,64,140.3049927,18973.69922,8246.209961,0,24405.90039,4,2385,80,211,124
B3311,0.3178,298.9460144,14,1950,2011,145,6.761E-05,54,32,15.45199966,92,16.33399963,16,-0.086419798,105.9833,35.6,0.6427,350.3999939,6.099999905,500.6099854,545.4730225,141748992,17.96419907,17.96419907,309.1000061,1145.329956,1294.650024,13967,146.5720062,73,150.3159943,28301.90039,0,46,11240.7998,4,2296,80,208,123
B3312,0.213,175.0299988,19,385,2011-2012,99,1.015589952,58,23,3.570440054,54,3.633179903,16,0.135802001,120.76,44.65,0.73425,267.6000061,6.233335018,438.8950043,437.3430023,141428504,17.52089977,17.52089977,142.1074982,28050.76986,918.7254944,10086.3999,93.59260178,3,142.9785004,21840.30078,19697.69922,0,541.6489868,4,2586,79,178,138
B3313,0.24,293.1990051,27,1328,2011-2012,120,4.929289818,45,28,0.589644015,126,1.183220029,16,0.135802001,115.04,42.14,0.6231,280.6000061,3.183335066,350.6139984,407.1069946,147772496,14.56160021,14.56160021,105.2933998,27167.63239,281.1070099,4127.219971,52.1474514,2.5,58.09189987,8944.269531,23409.40039,1,1530.015015,4,2362,80,199,136
B3314,0.379,334.821991,22,118,2011-2012,0,0.219738007,49,29,9.909910202,13,11.94989967,16,0.135802001,119.12,39.94,0.8467,451.4000092,10.12084961,843.9639893,520.5190125,154051504,19.19330025,19.19330025,565.2724915,34058.85777,2851.795044,28828.2002,313.0279999,52.5,1685.88501,2828.429932,2828.429932,816.5,96616.64844,4,1275,72,211,134
B3315,0.0594,192.8040009,21,239,2008,13,1.34762001,50,29,3.489330053,29,4.33589983,1,0.135802001,114.2639,37.8789,0.8197,279,13.39999962,564.7849731,671.5800171,164696992,21.69099998,21.69099998,420.9060059,2641.610107,1015.330017,31127.40039,267.0950012,96,1036.75,14866.09961,2828.429932,612,19686.19922,4,1671,76,249,131
B3316,0.3768,30.59199905,17,4172,2004,0,3.17901E-12,44,39,35.53760147,197,42.26819992,16,0.135802001,103.1437,31.1893,0.7814,572.5999756,-0.291667014,1251.339966,414.7619934,102334000,7.025829792,7.025829792,20.54339981,56.77560043,29.83309937,1055.930054,11.19540024,4,40.74000168,46518.80078,25709.90039,0,225.1300049,4,5562,63,297,108
B3317,0.1,203.298996,25,1421,2011,136,9.19274E-08,45,30,21.95669937,224,25.04800034,0,0.135802001,105.58,26.36,0.787,767.2000122,15.44169998,886.1640015,796.809021,126079000,24.90880013,24.90880013,782.8480225,647.1669922,1302.650024,24660.5,310.0390015,7,312.6350098,8000,15033.2998,86,20024.19922,4,2928,60,203,121
B3318,0.18,30.68899918,43,1314,2011,109,0.033771001,24,33,21.13509941,104,29.89979935,0,0.061728399,105.93,26.18,0.9237,970.7999878,14.94169998,939.2470093,811.6669922,127770000,24.05200005,24.05200005,1649.040039,3706.159912,1949.27002,72324.39844,955.7709961,22,661.03302,4472.140137,1414.209961,705,78043.20313,4,3014,57,197,114
B3319,0.225,125.6650009,12,2437,2009,0,8.92851E-06,73,15,15.78909969,40,16.98819923,16,0.061728399,106.25,35.55,0.8557,538.2000122,4.466670036,494.8909912,610.5650024,146164000,11.8835001,11.8835001,181.9730072,815.2349854,821.2360229,8649.929688,92.3660965,5,60.0591011,14560.2002,3000,6,2620.23999,4,3562,75,230,121
B3320,0.345,159.4440002,29,79,2010,0,3.595900059,33,38,1.322829962,219,2.645750046,1,0.555555999,115.0667,26.7333,0.7623,363.1000061,18.64999962,1821.550049,928.6220093,142620992,23.8185997,23.8185997,307.677002,611.5380249,1517.579956,9905.389648,123.9339981,15,257.1109924,9000,4242.640137,2,12673.7998,4,1872,54,187,122
B3323,0.0914,288.4349976,29,166,2007,28,4.710159779,33,38,0.244843006,176,0,16,0.0123457,110.3215,24.9725,0.7387,622.7999878,19.81669998,1495.579956,984.4780273,144478000,25.10210037,25.10210037,461.2279968,724.7360229,1769.380005,12367.09961,148.076004,64,269.1409912,15620.5,2236.070068,0,53407.19922,4,1900,59,187,127
B3324,0.1139,236.3099976,29,165,2007,72,2.117850065,33,38,0.558314025,176,1.897369981,16,-0.086419798,110.33,24.97,0.7556,776.7999878,19.5916996,1495.359985,984.4780273,144478000,25.10210037,25.10210037,461.2279968,724.7360229,1769.380005,12367.09961,148.076004,92,257.7900085,15000,2828.429932,0,53407.19922,4,2082,58,193,125
B3325,0.1744,288.6099854,43,263,2007,0,2.4208E-07,24,33,15.61450005,219,22.77280045,16,-0.0123457,110.33,24.98,0.8392,867.4000244,19.61669922,1494.209961,984.4780273,144478000,24.7765007,24.7765007,461.2279968,724.7360229,1769.380005,12367.09961,148.076004,343,281.3989868,14212.7002,3605.550049,3,53407.19922,4,2426,57,190,125
B3326,0.2238,84.80560303,36,164,2007,37,4.950319767,39,25,0.855143011,219,1.183220029,0,-0.074074097,110.317,24.98,0.7904,643.5,19.79170036,1497.719971,984.4780273,144478000,25.20940018,25.20940018,461.2279968,724.7360229,1769.380005,12367.09961,148.076004,131,281.3120117,15556.2998,2236.070068,1,53407.19922,4,2082,59,191,129
B3327,0.3569,66.80139923,29,167,2007,0,4.975090027,33,38,0.589644015,176,0.632456005,1,-0.111111,110.32,24.97,0.7387,622.7999878,19.79170036,1496.449951,984.4780273,144478000,24.77860069,24.77860069,461.2279968,724.7360229,1769.380005,12367.09961,148.076004,64,269.1409912,15620.5,2236.070068,0,53407.19922,4,1900,59,187,128
B3328,0.1278,176.9869995,19,546,2006-2011,0,0.391777992,54,27,2.943700075,17,2.898279905,16,0.0123457,125.36,51.44,0.859483333,463.7333323,-1.522222206,559.1986593,460.2549998,127687166.7,4.800763369,4.800763369,0.039222234,0.102335531,0.587435842,1.152881607,0.019832083,0,2.151788334,64327.30078,205039,2.5,23.37239997,4,7194,59,301,102
B3329,0.3261,135,43,1013,2011,146,0.835865974,24,33,6.973229885,176,8.12403965,-2,-0.037037,106.82,26.65,0.6814,591.5,15.61670017,835.3619995,759.4240112,125644000,27.06649971,27.06649971,1743.069946,9495.660156,1266.48999,107276,1285.969971,148,2265.439941,0,4242.640137,2509,65927.10156,4,2719,61,185,120
B3330,0.2886,322.3340149,21,2346,2005,130,2.93775E-08,47,32,30.27809906,30,35.39770126,16,-0.172839999,103.2707,31.5223,0.8806,631.0999756,10.30000019,1001.789978,517.7379761,126035000,14.47119999,14.47119999,16.67880058,35.17789841,38.7942009,678.7020264,6.879920006,8,12.96370029,55973.19922,1000,2,11672.90039,4,5319,59,313,125
B3336,0.1287,347.4710083,43,463,2013,0,4.33131E-08,24,33,13.99180031,125,25.43230057,-1,0.0123457,108.34,24.12,0.7842,1012.400024,20.38330078,1473.050049,1033.069946,132903000,22.58939934,22.58939934,366.3840027,376.79599,1206.48999,7533.709961,90.02519989,9,84.62590027,27202.90039,13892.40039,65,15785.7002,4,2321,54,167,121
B3337,0.1794,127.9950027,43,409,2013,49,0.000549216,24,33,24.43759918,104,34.87409973,0,0.037037,108.34,23.97,0.8525,924.9000244,19.70000076,1519.030029,1028.800049,134228992,22.3404007,22.3404007,47.81529999,243.6380005,157.9199982,1700.780029,16.05310059,1,83.40670013,20124.59961,6403.120117,1,28272.90039,4,2719,55,172,120
B3338,0.2354,89.59929657,43,330,2013,0,3.109E-05,24,33,10.9375,125,20.36660004,2,0.037037,107.98,24.23,0.8501,968.0999756,19.99169922,1415.829956,1057.550049,133117000,23.76320076,23.76320076,286.5150146,253.1929932,926.8980103,5552.279785,68.87470245,9,83.33229828,5000,6708.200195,2,7181.97998,4,2337,56,169,120
B3339,0.0338,295.3460083,19,1379,2011,15,0.936065018,58,23,4.871640205,54,6.292850018,16,0.0123457,115.5,42.1167,0.3433,224.6000061,3.625,275.8559875,425.9500122,154940000,15.64680004,15.64680004,59.55739975,121.788002,178.1750031,2293.370117,30.03059959,6,79.33809662,27166.19922,1000,3,9300.740234,4,2489,82,215,134
B3345,0.3373,68.96250153,36,220,2010-2011,3,2.979559898,39,25,1.078299999,219,1.843909979,2,-0.024691399,108.83,25.04,0.6797,777.9499817,18.56669998,1314.535034,990.2504883,130921504,23.46580029,23.46580029,233.9059982,736.0829773,870.9094849,10156.5,85.18000031,144,124.1254997,31780.5,30000,1.5,4601.775146,4,1882,58,191,117
B3348,0.0648,319.2479858,15,1583,2008,0,5.41262E-05,51,34,33.85089874,8,41.17770004,16,0.098765403,104.23,32.55,0.8929,1026.5,10.13329983,709.1500244,534.6030273,127425000,16.06360054,16.06360054,13.46640015,16.14340019,51.12409973,396.8080139,4.328710079,19,24.32979965,51039.19922,22627.40039,3,79.97789764,4,4810,59,290,123
B3349,0.0648,357.4299927,22,2039,2008,0,8.73924E-08,49,29,36.9966011,13,49.37609863,2,0.0123457,104.61,32.91,0.8825,991.9000244,9.550000191,805.8460083,650.5319824,141200992,13.04780006,13.04780006,75.89510345,455.7799988,154.1799927,4117.540039,39.96640015,16,17.1128006,55461.69922,5656.850098,0,1005.440002,4,4581,59,240,118
B3350,0.0829,204.3820038,21,953,2008,0,4.78461E-08,47,32,22.41419983,30,41.48249817,-1,0.308642,104.96,32.85,0.7886,633.4000244,14.31669998,739.9550171,750.8770142,138843008,21.00970078,21.00970078,126.0950012,166.9149933,329.3299866,3974.879883,43.00049973,9,26.11230087,29681.59961,22135.90039,525,20289.5,4,3492,66,194,131
B3351,0.0858,194.7850037,14,2641,2008,185,1.97979E-10,44,42,36.94039917,17,44.50839996,16,0.049382702,104.67,32.65,0.8266,968.7000122,5.608329773,987.809021,716.1619873,137292992,11.13360023,11.13360023,19.12080002,16.09049988,61.89110184,536.6140137,6.112160206,2,23.72590065,63702.39844,14142.09961,55,69.07319641,4,4693,58,245,113
B3352,0.0858,228.529007,25,1375,2008,0,3.48554E-08,44,31,23.49189949,30,31.45149994,16,0.0123457,104.67,32.88,0.7356,645.4000244,12.44999981,689.8590088,651.0150146,140023008,21.18869972,21.18869972,19.12080002,16.09049988,61.89110184,536.6140137,6.112160206,6,22.09199905,51429.60156,6082.759766,1,1005.440002,4,3601,69,230,128
B3353,0.133,163.654007,26,886,2008,5,1.45793E-08,33,41,21.72929955,6,25.2784996,3,-0.074074097,105.28,32.76,0.8356,768.7999878,14.44999981,820.526001,741.9769897,137744992,20.38899994,20.38899994,139.7259979,160.0149994,371.6820068,4232.25,45.98339844,16,36.28910065,14422.2002,9848.860352,1049,20683,4,3608,64,202,130
B3354,0.0829,228.0529938,21,4103,2008,10,1.37166E-11,47,32,29.8621006,30,34.60350037,3,0.0123457,102.87,30.98,0.7176,403.3999939,-0.875,1365.73999,503.6080017,134351008,9.214170456,9.214170456,19.27000046,17.13380051,68.78710175,529.8880005,5.982110023,3,9.235280037,64280.60156,54405.89844,0,20867,4,5787,60,255,107
B3355,0.0829,187.1069946,14,3366,2008,0,2.89615E-09,44,42,28.15539932,17,31.8465004,-2,-0.0123457,103.95,32.78,0.8366,513,1.541669965,878.0529785,504.2120056,125871000,10.84920025,10.84920025,12.27900028,26.37770081,47.29349899,436.9129944,4.325950146,2,9.124380112,56044.60156,31000,2,927.3070068,4,5178,61,264,108
B3356,0.0858,162.6459961,21,4086,2008,239,1.47677E-11,47,32,28.53149986,30,34.85680008,16,-0.049382702,102.85,31.15,0.6074,334.5,-2.591670036,1418.75,496.9140015,138295008,7.322919846,7.322919846,19.27000046,17.13380051,68.78710175,529.8880005,5.982110023,7,8.478460312,68249.5,36769.60156,0,30.40690041,4,5729,61,257,107
B3357,0.0648,42.67620087,21,4004,2008,257,1.60849E-12,47,32,33.41970062,30,44.00230026,16,-0.049382702,103.13,31.08,0.7255,193.3999939,0.991666973,1373.76001,480.3670044,122237000,9.350689888,9.350689888,12.96189976,34.2602005,25.28140068,514.1149902,5.439939976,3,63.23279953,42579.30078,31780.5,1,6563.419922,4,5697,62,293,104
B3358,0.0648,184.0200043,19,1967,2008,50,9.24061E-12,54,27,26.62150002,8,30.34799957,1,-0.271605015,103.99,32.08,0.9303,971.7000122,9.550000191,911.4559937,598.3549805,127877000,15.69830036,15.69830036,12.17679977,10.3362999,39.7140007,333.0320129,3.693030119,2,29.85880089,22022.69922,55901.69922,2,92.52570343,4,5703,58,267,132
B3359,0.0829,111.1139984,19,2240,2008,0,0.00081074,54,27,16.31040001,17,17.58410072,3,0.037037,104.25,32.06,0.9355,820.9000244,8.949999809,965.8060303,658.4530029,120315000,13.75930023,13.75930023,30.92040062,15.90699959,100.7099991,779.617981,9.210920334,6,32.26869965,39560.10156,36496.60156,2,2250.629883,4,5023,56,247,124
B3360,0.0858,277.0010071,25,1666,2008,140,1.60751E-07,45,30,21.20770073,6,21.49419975,0,0,104.45,31.95,0.9499,870.4000244,12.41670036,902.0490112,660.4240112,116909000,15.36180019,15.36180019,531.4559937,1815.560059,1734.630005,20580.80078,192.1759949,38,38.67959976,28284.30078,17464.30078,0,623.2310181,4,4196,58,244,125
B3361,0.133,57.1271019,22,2466,2008,18,8.09983E-11,49,29,25.31609917,13,34.94279861,16,-0.0123457,103.21,31.15,0.8134,753.5999756,8.016670227,1179.800049,509.3320007,111717000,9.93819046,9.93819046,12.96189976,34.2602005,25.28140068,514.1149902,5.439939976,19,54.53030014,39395.39844,25000,1,234.2920074,4,5715,57,295,110
B3362,0.133,121.5159988,22,3360,2008,0,4.32987E-14,49,29,35.80120087,13,47.14450073,16,-0.037037,103.88,31.75,0.9088,769.4000244,7.150000095,1124.650024,633.5770264,123407000,13.40750027,13.40750027,25.15979958,27.35779953,76.0542984,728.0289917,7.933539867,1,28.99819946,0,39824.60156,1,4663.77002,4,5306,56,316,105
B3363,0.133,303.5629883,26,1597,2008,151,3.72591E-13,33,41,34.00510025,6,41.82820129,-1,0.345678985,104.55,32.45,0.9266,916,11,817.9719849,656.6079712,129869000,15.50279999,15.50279999,124.7360001,268.6659851,451.4500122,4721.580078,46.62670135,2,21.84119987,59405.39844,1414.209961,518,26343.5,4,4435,57,249,123
B3364,0.0355,190.3049927,4,1300,2004,0,0.066782601,93,3,1.730790019,100,4.516640186,16,0.395062,105.0333,37.5333,0.1141,186.3939972,9.791669846,134.8049927,235.1600037,160108000,30.56080055,30.56080055,85.00350189,474.7690125,360.321991,4951.470215,57.26739883,20,43.7344017,2236.070068,4123.109863,916,1014800,4,907,83,203,141
B3368,0.0715,133.6569977,21,1816,2007,17,8.08242E-13,47,32,26.07600021,30,31.41020012,2,-0.098765403,103.1814,31.4722,0.8747,657.9000244,11.25,830.2329712,543.6569824,136948992,15.83460045,15.83460045,15.81120014,63.12459946,39.70280075,793.3649902,7.471449852,16,18.14620018,65764.70313,0,149,3023.040039,4,5583,59,288,119
B3369,0.1165,315,21,1851,2007,0,0.059251599,47,32,29.90929985,30,36.70690155,0,-0.160494,103.1828,31.4703,0.8747,657.9000244,11.25,830.2329712,543.6569824,136948992,15.83460045,15.83460045,15.81120014,63.12459946,39.70280075,793.3649902,7.471449852,16,18.53389931,65764.70313,0,21,3023.040039,4,5583,59,288,119
B3370,0.0434,173.5829926,5,1590,2007,45,0.000490584,65,30,24.10359955,34,30.69199944,1,-0.160494,103.3325,31.5669,0.817,243,13.0333004,839.3480225,567.8029785,135808992,21.25139999,21.25139999,53.5904007,126.2919998,143.3880005,2061.540039,22.42679977,11,19.98500061,48166.39844,0,3,19289.69922,4,4803,62,298,130
B3371,0.0458,206.9660034,21,1570,2007,0,0.00052785,47,32,4.93941021,34,6.082759857,16,0.493826985,103.8467,31.7336,0.7476,670.2000122,11.02499962,943.3619995,620.0560303,121260000,16.32900047,16.32900047,28.28179932,44.20600128,91.38169861,907.257019,9.792200089,110,27.55500031,4123.109863,35609,478,16932.80078,4,5432,59,284,116
B3372,0.0538,80.55799866,21,1728,2007,12,5.15143E-14,47,32,51.38710022,30,76.99349976,2,0.246913999,103.8439,31.7342,0.7476,498.7999878,11.88329983,1025.290039,620.0560303,121260000,16.32900047,16.32900047,28.28179932,44.20600128,91.38169861,907.257019,9.792200089,110,27.55500031,4123.109863,35609,478,16932.80078,4,5432,59,284,116
B3373,0.0563,351.0270081,5,1656,2007,0,2.01853E-05,65,30,17.3239994,34,27.34589958,1,0.518518984,103.6939,31.8428,0.3841,235.3999939,12.4666996,910.7670288,607.3140259,123557000,23.09029961,23.09029961,22.21769905,83.99259949,65.51830292,1067.22998,9.470959663,35,21.16090012,2828.429932,37696.19922,18,9360.519531,4,4997,68,277,130
B3374,0.0599,302.3139954,5,1620,2007,0,0.00230578,65,30,24.34729958,34,27.8927002,16,-0.024691399,103.3192,31.5578,0.7164,531.5,12.70829964,819.0560303,567.8029785,135808992,20.73559952,20.73559952,15.81120014,63.12459946,39.70280075,793.3649902,7.471449852,29,19.64229965,50328.89844,1000,3,19289.69922,4,4669,67,289,131
B3375,0.0683,16.68950081,5,1846,2007,0,1.65363E-09,65,30,37.14720154,34,44.58250046,16,-0.037037,103.6953,31.8406,0.3841,367.7000122,11.73330021,907.0579834,607.3140259,123557000,20.92569923,20.92569923,22.21769905,83.99259949,65.51830292,1067.22998,9.470959663,35,23.66230011,2828.429932,37696.19922,22,9360.519531,4,4997,68,277,130
B3376,0.149,257.8760071,17,1102,2007,87,0.140561,62,21,10.56949997,56,11.6704998,16,0.024691399,110.3833,38.8167,0.4923,167.5,9.475000381,582.8790283,492.4500122,157296992,19.89830017,19.89830017,149.9400024,393.9519958,289.8540039,6016.549805,111.6740036,92,197.4730072,0,1000,891,1478.119995,4,1219,84,172,127
B3377,0.0257,27.89730072,22,294,2009,0,2.886840105,51,27,10.3125,104,11.54990005,16,0.098765403,111.2167,32.75,0.6736,510.3999939,16.33329964,921.3010254,801.7730103,149591008,21.34530067,21.34530067,232.2019958,349.5759888,935.9840088,7052.799805,92.26670074,285,130.1170044,30479.5,26925.80078,5,14027.5,4,1832,70,198,130
B3378,0.1335,79.21569824,16,501,2011,0,6.41664E-12,56,28,36.91030121,97,46.76959991,-2,-0.037037,112.6435,35.2168,0.8086,259.8999939,13.5916996,755.6489868,629.0479736,159728992,16.2140007,16.2140007,948.4069824,45888.10156,4342.899902,100174,842.0960083,17,1338.819946,0,6403.120117,545,64340.69922,4,2611,69,190,124
B3379,0.0806,222.3970032,15,1343,2006,0,0.866364002,61,24,4.811540127,61,5.385159969,-3,-0.074074097,114.03,40.75,0.4637,218.1999969,6.166669846,350.4530029,513.7399902,158247008,17.08810043,17.08810043,96.686203,193.7160034,444.4960022,96.686203,44.79489899,14,67.48829651,5000,3605.550049,2,24098,4,2024,79,198,121
B3380,0.0936,101.3099976,11,1290,2006,149,1.544860005,70,19,1.973219991,55,2.40831995,16,0.037037,113.78,40.96,0.5793,253.5,6.408329964,301.3840027,447.625,157044992,17.64990044,17.64990044,305.1610107,1098.060059,1301.579956,305.1610107,146.8200073,45,71.03679657,5000,2236.070068,4,14279.2002,4,1614,82,199,135
B3381,0.0259,131.6340027,22,304,2011,55,0.97190398,51,27,3.724109888,112,5.138090134,16,-0.0123457,111.22,32.77,0.7655,410.2000122,15.76669979,832.2769775,727.8410034,152750000,22.07710075,22.07710075,154.4329987,463.6289978,1132.530029,6202.819824,82.43589783,155,246.6690063,32015.59961,26248.80078,42,15394.5,4,1948,70,195,130
B3382,0.023,318.5759888,22,1482,2011,0,1.263030052,36,42,1.754840016,68,2.049390078,16,-0.037037,105.6737,38.6308,0.1819,72.30000305,8.449999809,186.8860016,256.9840088,153204000,23.67110062,23.67110062,10.76249981,60.64989853,20.25620079,403.6960144,9.099869728,0,35.22340012,33121,1000,53,12896.59961,4,1164,83,173,136
B3383,0.104,154.9830017,11,1472,2011,170,3.349590063,69,20,3.839169979,78,4.690420151,16,0,105.3134,40.4521,0.1281,120.526001,6.75,116.0070038,79.39050293,153496000,24.71649933,24.71649933,4.18569994,6.974370003,8.11013031,93.6187973,3.239520073,0,12.54920006,31000,0,0,0.0504792,4,1049,82,188,143
B3384,0.106,111.8010025,11,1540,2011,87,0.023235399,69,20,1.667350054,78,1.483240008,0,0,105.4006,40.4236,0.1074,119.8290024,6.458330154,127.8180008,97.74169922,154564992,22.47890091,22.47890091,4.18569994,6.974370003,8.11013031,93.6187973,3.239520073,0,13.71049976,24186.80078,4242.640137,0,0.0504792,4,1010,83,176,142
B3385,0.11,304.9920044,22,1484,2011,155,1.550500035,36,42,1.889539957,68,2.236069918,-1,0.0123457,105.6479,38.9321,0.174,87.19999695,8.475000381,154.3329926,186.901001,151672992,26.02820015,26.02820015,447.447998,9259.889648,596.8770142,59916.10156,402.1530151,4,48.16289902,39446.19922,9219.540039,4,56900.19922,4,873,83,185,143
B3386,0.188,111.8010025,11,1540,2011,87,0.023235399,69,20,1.667350054,78,1.483240008,0,-0.197531,105.4005,40.4235,0.1074,119.8290024,6.458330154,125.6930008,97.74169922,154564992,22.47890091,22.47890091,4.18569994,6.974370003,8.11013031,93.6187973,3.239520073,0,13.71049976,24186.80078,4242.640137,0,0.0504792,4,1010,83,176,142
B3387,0.227,154.9830017,11,1472,2011,170,3.349590063,69,20,3.839169979,78,4.690420151,16,0.518518984,105.3133,40.4524,0.1281,120.526001,6.75,116.0070038,79.39050293,153496000,24.71649933,24.71649933,4.18569994,6.974370003,8.11013031,93.6187973,3.239520073,0,12.51539993,31000,0,0,0.0504792,4,1049,82,188,143
B3388,0.3798,51.00899887,21,236,2008,0,1.872280002,47,32,4.176499844,30,4.60435009,1,-0.0123457,112.53,35.02,0.8156,388,14.89169979,513.1420288,633.8469849,162123008,21.28779984,21.28779984,797.6719971,6575.27002,2881.790039,56402.60156,623.6950073,79,1810.609985,3000,2236.070068,1204,1044600,4,1334,78,210,131
B3389,0.7756,39.80559921,14,317,2008,19,0.816805005,54,32,8.40528965,92,13.52040005,16,-0.765432,112.41,35.01,0.6865,335.3999939,14.67500019,520.5159912,682.7960205,162084000,21.99850082,21.99850082,210.2960052,1138.219971,956.6270142,12606.2002,175.7749939,64,1254.390015,9433.980469,0,288,29146.80078,4,1478,77,205,131
B3390,0.4239,7.193470001,19,451,2011,0,0.414923012,54,27,7.986100197,17,8.426150322,16,0.197531,125.56,51.58,0.8927,539.4000244,-0.800000012,491.4100037,497.6400146,129750000,5.643750191,5.643750191,0.291020006,0.936294019,1.300519943,9.269579887,0.108208999,0,4.041500092,58694.10156,209724,0,1.628499985,4,6514,56,259,103
B3391,0.29,197.3710022,14,1302,2010,161,0.00117344,54,32,15.4350996,92,20.15940094,-2,-0.246913999,109.2494,36.7222,0.7165,385.6000061,10.11670017,495.1019897,572.9320068,158612000,19.9571991,19.9571991,460.605011,2505.790039,903.4680176,24717.80078,286.2430115,28,228.2489929,25059.90039,5099.02002,4,3040.850098,4,1695,82,193,125
B3392,0.2895,168.6900024,27,794,2011,90,0.312959999,41,32,5.901050091,1,6.308720112,16,0.0123457,123.82,51.33,0.8991,535.4000244,-2.391669989,592.8920288,471.4119873,129770000,4.944439888,4.944439888,0.527225971,6.228489876,3.111819983,33.83110046,0.309700996,0,1.999109983,25000,274204,4,0,4,8220,59,256,105
B3393,0.0534,242.1990051,36,121,2009,63,0.00663383,39,25,9.539219856,219,12.20660019,16,0.172839999,114.7833,27.6,0.7834,687.5999756,18.20000076,1479.5,955.5560303,148683008,22.53070068,22.53070068,266.9509888,679.822998,1583.709961,10358.2998,116.0690002,174,323.6019897,11401.7998,0,48,5027.160156,5,1731,56,179,122
B3394,0.2754,306.3389893,25,1356,2007,0,1.78668E-06,44,31,16.27280045,29,22.82979965,16,0.172839999,111.91,37.52,0.8646,328.6000061,8.383330345,669.5889893,602.5319824,172098000,15.22360039,15.22360039,287.5580139,656.0430298,224.1199951,21498.5,209.0619965,1,174.9490051,15620.5,10770.2998,15,700.2310181,5,3347,70,182,119
B3395,0.0237,194.6210022,14,1280,2009,0,0.00149477,54,32,17.8076992,92,21.29319954,-2,0.493826985,109.35,36.87,0.628,297.8999939,10.25,545.6079712,501.7730103,162036000,19.60029984,19.60029984,116.5339966,405.2659912,299.3710022,4995.060059,68.01270294,20,195.1750031,9848.860352,2236.070068,862,1415.949951,5,1517,84,190,125
B3396,0.3467,341.5650024,29,477,2007,0,5.872819901,42,29,0.489677995,158,0.774596989,16,-0.271605015,87.9333,44.2833,0.753,117.8000031,8.258330345,331.6019897,242.1190033,152300992,15.60990047,15.60990047,23.68639946,94.8368988,250.7400055,1066.900024,16.10989952,12,130.3309937,16000,18000,696,8410.570313,5,1581,84,170,138
B3398,0.009,63.43489838,7,1278,2004,82,3.069859982,80,13,0.692492008,101,1.843909979,16,0.333332986,110.1518,39.487,0.2402,125.0999985,7.416669846,459.8099976,448.7279968,159460000,20.28689957,20.28689957,63.83250046,316.7189941,143.4470062,3055.22998,48.14709854,11,114.3389969,4472.140137,19924.90039,0,11337.59961,5,1263,82,218,139
B3399,0.112,243.4349976,7,360,2006,93,6.522409916,80,13,1.384780049,101,1.612450004,16,-0.333332986,120.7333,42.9167,0.3896,180.5,7.675000191,355.2099915,347.901001,144963008,18.38710022,18.38710022,88.37409973,201.5910034,396.769989,88.37409973,41.72819901,16,49.68310165,2236.070068,11180.2998,4,554.8530273,5,2057,79,206,141
B3403,0.015,270,33,197,2007,57,8.695590019,32,35,0.77421999,41,1.183220029,16,0.469136,126.6333,47.4333,0.8869,264.2000122,4.041669846,378.0409851,533.8339844,140059008,12.19330025,12.19330025,290.5740051,312.980011,846.4329834,7639,84.16519928,846,79.17420197,22203.59961,16552.90039,427,11064.5,5,3671,68,251,107
B3404,0.0015,78.69010162,7,358,2012,0,6.599760056,80,13,0.394793987,101,1.341639996,16,0.172839999,120.6989,42.9311,0.5568,277,6.783329964,510.7090149,423.8699951,132131000,16.01009941,16.01009941,126.2060013,340.7479858,542.3400269,5444.490234,66.3884964,6,121.427002,0,14317.7998,8,730.367981,5,2162,79,211,141
B3405,0.1193,0,7,360,2004,93,6.581039906,80,13,0.154853001,101,0.632456005,16,-0.209876999,120.7,42.9167,0.5546,220.6000061,8.358329773,362.7669983,371.1900024,143255008,18.76790047,18.76790047,95.38379669,212.9440002,356.3699951,3625.75,43.74819946,8,36.7120018,1000,13928.40039,0,507.0409851,5,1974,79,214,141
B3410,1.4994,198.4349976,29,5,2012,0,9.866200447,33,38,0.734493971,142,1.183220029,16,0.753085971,120.34,32.15,0.8459,549.4000244,15.38329983,1023.559998,925.7890015,144724000,19.56959915,19.56959915,876.5609741,12996.09961,4161.439941,83226.20313,618.0770264,155,3755.850098,2236.070068,2828.429932,892,152934,5,2604,74,208,121
B3411,0.1118,351.4549866,36,265,2010-2011,75,0.185324997,39,25,14.77470016,219,16.74510002,-1,-0.0123457,108.83,25.03,0.79685,863.9000244,18.15415001,1324.065002,990.2504883,130921504,22.74839973,22.74839973,233.9059982,736.0829773,870.9094849,10156.5,85.18000031,80,111.132,31575.30078,29410.90039,4.5,4601.775146,5,1900,58,186,115
B3414,0.0112,142.1929932,25,1332,2010,0,0.000445957,45,30,11.22200012,224,13.94270039,16,0.172839999,105.78,26.03,0.8432,574.2000122,15.94999981,1270.130005,777.3430176,127905000,23.48950005,23.48950005,1292.589966,18623.40039,1794.900024,55868.30078,653.7130127,6914,188.1730042,10770.2998,4472.140137,653,7413.649902,5,3005,63,202,116
B3415,1.7151,247.5570068,36,544,2013,0,4.75288E-09,39,25,21.97590065,219,23.74029922,1,0.172839999,111,28,0.9524,781.2000122,15.36670017,1386.530029,863.2269897,141183008,20.14599991,20.14599991,194.2799988,300.723999,676.1640015,6763.740234,77.33229828,7,393.1470032,7211.100098,4242.640137,0,21522.40039,5,4384,58,217,111
B3427,0.084,18.60009956,14,1046,2009,13,0.000972421,54,32,16.51889992,92,19.07349968,16,-0.518518984,107.1,34.6,0.8198,628.5999756,11.82499981,614.2310181,678.9500122,149864992,17.74489975,17.74489975,443.5610046,922.3109741,1484.560059,14568.90039,200.8880005,11,181.9329987,4472.140137,7000,27,11094.40039,5,2072,73,186,126
B3428,0.1755,352.5280151,24,640,2008,0,1.27496E-06,29,47,26.51140022,33,30.74740028,16,0.308642,108.5839,34.0198,0.7132,541,13.42500019,605.9550171,847.4439697,151576000,16.04500008,16.04500008,7.347909927,149.4759979,13.79310036,1031.030029,6.980100155,0,628.9279785,2236.070068,3605.550049,317,25646.19922,5,1359,74,190,131
B3429,0.1927,261.7590027,14,870,2008,19,0.00632507,54,32,11.19919968,92,12.60159969,16,0.740741014,107.12,34.61,0.7812,549,11.95829964,520.007019,683.4180298,157274000,17.72430038,17.72430038,388.5939941,910.5029907,1349.619995,12511.90039,158.9279938,40,218.9680023,2000,5000,319,10838,5,1613,77,185,125
B3430,0.212,73.61049652,14,1013,2008,146,0.00290922,54,32,5.471330166,92,7,-2,0.308642,108.092,34.704,0.6986,438,11.75,554.4840088,660.7059937,155859008,20.22529984,20.22529984,754.2490234,1463.420044,2119.51001,20103.59961,257.9169922,113,311.4490051,1414.209961,6000,345,52108.5,5,1619,78,222,127
B3431,0.1294,289.3980103,14,1052,2010,49,0.000349329,54,32,11.4993,92,16.06240082,16,0,107.0683,34.5844,0.7624,552.7999878,12.0333004,704.0479736,745.5999756,148323008,19.56570053,19.56570053,458.1870117,2809.120117,1450.170044,18264.69922,212.0540009,30,691.1090088,7211.100098,9055.379883,2,11671.90039,5,1660,74,181,126
B3432,0.054,314.4490051,14,1079,2011,0,0.005505,54,32,11.24180031,29,14.71730042,-2,-0.234568,106.99,34.65,0.69,569.4000244,11.66670036,825.2979736,676.9829712,148175008,18.74640083,18.74640083,472.3880005,5231.189941,1541.469971,22086.59961,225.852005,44,742.1140137,7615.77002,8062.259766,3,4888.689941,5,1749,77,187,127
B3433,0.15,71.56500244,14,780,2008,96,0.965421975,54,32,3.423749924,92,10.04990005,0,-0.629630029,107.1144,34.6206,0.7763,589.0999756,11.91670036,507.868988,683.4180298,157274000,18.12919998,18.12919998,388.5939941,910.5029907,1349.619995,12511.90039,158.9279938,31,273,1414.209961,4000,479,10838,5,1570,77,191,125
B3434,0.0352,73.61049652,14,1013,2008,146,1.59262E-06,54,32,5.471330166,92,7,-2,0.049382702,108.0925,34.7042,0.6986,438,11.75,554.4840088,660.7059937,155859008,20.22529984,20.22529984,754.2490234,1463.420044,2119.51001,20103.59961,257.9169922,113,311.4490051,1000,6000,345,52108.5,5,1619,78,222,127
B3435,0.0564,273.6010132,29,872,2013,0,0.604786992,33,38,10.95829964,92,13.2816,16,0.370370001,107.1206,34.6056,0.861,666.2000122,12.67500019,600.0880127,761.9530029,157651008,18.64719963,18.64719963,473.1019897,3166.959961,1460.219971,22402.40039,241.9290009,39,272.1069946,2828.429932,6000,310,15940.09961,5,1651,76,185,124
B3436,0.0734,278.1300049,7,363,2003,0,6.60187006,80,13,0.547473013,101,1.095450044,16,0.518518984,120.6833,42.9167,0.3753,118.5,7.983329773,357.4190063,338.1199951,139447008,18.41430092,18.41430092,81.08039856,180.8009949,320.980011,2887.810059,35.13330078,4,26.28520012,1414.209961,14866.09961,0,444.5559998,5,1928,80,202,143
B3440,0.0756,191.022995,14,258,2008,24,0.00734092,54,32,6.05133009,92,6.899280071,1,-0.086419798,112.52,34.98,0.7189,348.3999939,14.94999981,525.96698,633.8469849,161368992,21.43190002,21.43190002,797.6719971,6575.27002,2881.790039,56402.60156,623.6950073,24,1952.560059,3000,6324.560059,717,1044600,5,1432,78,210,131
B3441,0.0237,313.3559875,14,999,2010,0,7.26521E-05,54,32,21.78089905,92,26.16489983,16,-0.197531,110.7736,36.2683,0.7121,401.7999878,10.875,505.0270081,551.190979,165195008,19.01749992,19.01749992,180.9660034,763.8519897,184.3269958,10443.59961,107.8889999,36,75.73480225,33941.10156,20099.80078,9,63708.10156,5,1939,79,236,128
B3442,0.0567,341.8779907,14,1067,2010,0,0.936461985,54,32,8.889430046,92,10.0994997,16,-0.0123457,110.7272,36.2672,0.789,458.2000122,10.16670036,528.4000244,521.7540283,165331008,17.1942997,17.1942997,180.9660034,763.8519897,184.3269958,10443.59961,107.8889999,16,68.24340057,37483.30078,19026.30078,8,318.2139893,5,2416,71,187,124
B3443,0.0585,123.572998,16,1067,2003,0,0.530785978,56,28,10.38570023,97,11.62759972,16,0,109.3231,36.8583,0.2249,194.3999939,10.1583004,645.1430054,620.6929932,149780000,19.02820015,19.02820015,84.90339661,227.0780029,312.1300049,3684.679932,49.12850189,3973,96.19020081,12041.59961,0,895,1155.719971,6,1529,82,172,123
B3444,0.1714,123.572998,16,1067,2005,0,0.530785978,56,28,10.38570023,97,11.62759972,16,0,109.3231,36.8583,0.2323,225.6000061,10.36670017,484.7600098,574.3959961,167076000,19.63010025,19.63010025,71.42790222,205.0039978,295.3420105,2971.330078,39.70349884,3860,115.9260025,12041.59961,0,988,1293.160034,6,1529,82,172,123
B3445,0.0715,123.572998,16,1067,2006,0,0.530785978,56,28,10.38570023,97,11.62759972,16,0,109.3231,36.8583,0.2023,263.3999939,11.125,531.3560181,583.6199951,161480992,19.38710022,19.38710022,83.80840302,207.0720062,294.8580017,83.80840302,45.05530167,4800,182.2250061,12041.59961,0,874,1347.310059,6,1529,82,172,123
B3446,0.0402,123.572998,16,1067,2007,0,0.530785978,56,28,10.38570023,97,11.62759972,16,0.074074097,109.3231,36.8583,0.298,199.3999939,11.01669979,605.3099976,530.0570068,163544000,19.78890038,19.78890038,135.2339935,503.8160095,295.5700073,6145.029785,97.05529785,4962,220.6950073,12041.59961,0,855,1399.569946,6,1529,82,172,123
B3447,0.0495,123.572998,16,1067,2008,0,0.530785978,56,28,10.38570023,97,11.62759972,16,0.074074097,109.3231,36.8583,0.2202,252.3000031,10.39999962,431.493988,566.7639771,164900000,18.86170006,18.86170006,113.262001,539.2379761,283.7489929,6134.689941,69.95379639,5653,259.1650085,12041.59961,0,988,1348.920044,6,1529,82,172,123
B3448,0.0352,123.572998,16,1067,2009,0,0.530785978,56,28,10.38570023,97,11.62759972,16,-0.111111,109.3231,36.8583,0.2663,248.6000061,10.7166996,532.3829956,501.7730103,162160992,19.57999992,19.57999992,116.5339966,405.2659912,299.3710022,4995.060059,68.01270294,5690,297.6359863,12041.59961,0,2459,1415.949951,6,1529,82,172,123
B3449,0.0104,123.572998,16,1067,2004,0,0.530785978,56,28,10.38570023,97,11.62759972,16,-0.037037,109.3231,36.8583,0.2288,212.1999969,10.73330021,430.519989,590.3439941,162894000,20.83069992,20.83069992,74.22270203,246.3300018,307.4339905,3538.350098,43.7256012,3838,119.9720001,12041.59961,0,1076,1304.359985,6,1529,82,172,123
B3457,0.019,123.572998,16,1067,2010,0,0.530785978,56,28,10.38570023,97,11.62759972,16,-0.086419798,109.3231,36.8583,0.2024,264.6000061,10.55000019,463.3399963,574.5310059,160675008,19.73380089,19.73380089,121.4520035,498.098999,293.9450073,5654.470215,72.9571991,5653,336.1059875,12041.59961,0,1266,1520.550049,6,1529,82,172,123
B3458,0.0953,54.46229935,37,4,2003,0,9.788269997,24,39,0.666019976,181,1.095450044,0,-0.086419798,120.7,31.55,0.6975,329.2000122,15.9666996,991.5050049,983.276001,154362000,20.56349945,20.56349945,1192.310059,7650.290039,3774.26001,99072.20313,949.5310059,313,4473.529785,12649.09961,5830.950195,3203,145273,6,2312,70,170,120
B3459,0.1055,54.46229935,37,4,2004,0,9.788269997,24,39,0.666019976,181,1.095450044,0,-0.086419798,120.7,31.55,0.6431,356.6000061,16.50830078,1007.919983,1057.339966,167384992,21.14209938,21.14209938,1383.73999,10114.7002,3706.330078,120630,1079.47998,308,5284.910156,12649.09961,5830.950195,3244,178373,6,2312,70,170,120
B3460,0.0495,54.46229935,37,4,2005,0,9.788269997,24,39,0.666019976,181,1.095450044,0,-0.074074097,120.7,31.55,0.6728,351.7999878,15.98330021,965.1019897,1095.589966,163323008,21.14850044,21.14850044,1363.359985,11902,3580.209961,133533,1135.310059,310,5331.97998,12649.09961,5830.950195,3218,217777,6,2312,70,170,120
B3461,0.0269,54.46229935,37,4,2006,0,9.788269997,24,39,0.666019976,181,1.095450044,0,0,120.7,31.55,0.8494,365.3999939,16.57500076,1098.209961,1068.780029,159188992,20.68899918,20.68899918,1191.380005,14273.59961,3492.330078,1191.380005,1183.349976,279,6698.100098,12649.09961,5830.950195,3472,237327,6,2312,70,170,120
B3462,0.0698,54.46229935,37,4,2007,0,9.788269997,24,39,0.666019976,181,1.095450044,0,0.135802001,120.7,31.55,0.7317,383.2999878,16.8416996,1114.329956,1074.01001,158628000,21.80960083,21.80960083,1249.369995,15575.09961,3239.370117,139799,1214.849976,276,7299.910156,12649.09961,5830.950195,3643,245609,6,2312,70,170,120
B3463,0.0905,54.46229935,37,4,2008,0,9.788269997,24,39,0.666019976,181,1.095450044,0,0.074074097,120.7,31.55,0.657,359.3999939,16.00830078,1177.27002,1053.449951,159343008,20.92000008,20.92000008,1200.939941,14488.59961,3357.439941,126020,1103.880005,275,7901.720215,12649.09961,5830.950195,4082,283114,6,2312,70,170,120
B3464,0.069,54.46229935,37,4,2009,0,9.788269997,24,39,0.666019976,181,1.095450044,0,-0.037037,120.7,31.55,0.6026,360.3999939,16.20000076,1340.949951,1044.040039,158340000,21.42869949,21.42869949,1161.209961,14207.59961,3200.790039,119660,1042.030029,277,8503.530273,12649.09961,5830.950195,3055,291942,6,2312,70,170,120
B3465,0.0661,54.46229935,37,4,2010,0,9.788269997,24,39,0.666019976,181,1.095450044,0,0.061728399,120.7,31.55,0.6747,334,15.89169979,1184.930054,999.6950073,153666000,20.96319962,20.96319962,1143.76001,14106.7998,3076.209961,115768,1011.98999,271,9105.339844,12649.09961,5830.950195,2889,320615,6,2312,70,170,120
B3475,0.0752,17.90439987,14,980,2003,0,0.379548013,54,32,10.46000004,92,11.82369995,16,-0.037037,107.6667,35.2,0.5885,425.1000061,10.4666996,856.0250244,632.6450195,144035008,18.67690086,18.67690086,352.7770081,625.9879761,1063.560059,13073.7002,156.0200043,32,74.52210236,14866.09961,6324.560059,0,14522,6,1708,81,181,126
B3476,0.0314,17.90439987,14,980,2004,0,0.379548013,54,32,10.46000004,92,11.82369995,16,-0.098765403,107.6667,35.2,0.5279,425,10.89169979,487.8569946,678.9609985,156276992,19.53120041,19.53120041,323.572998,574.7449951,1061.339966,11399.40039,145.2129974,32,83.83190155,14866.09961,6324.560059,0,16855.40039,6,1708,81,181,126
B3477,0.0428,17.90439987,14,980,2007,0,0.379548013,54,32,10.46000004,92,11.82369995,16,0.024691399,107.6667,35.2,0.59,429,11.05830002,586.9019775,609.7999878,154843008,19.90539932,19.90539932,398.6940002,550.3319702,1166.069946,12977.7998,150.6340027,32,125.7409973,14866.09961,6324.560059,25,19844.69922,6,1708,81,181,126
B3478,0.0295,17.90439987,14,980,2010,0,0.379548013,54,32,10.46000004,92,11.82369995,16,-0.061728399,107.6667,35.2,0.5901,474.6000061,10.85000038,667.9840088,630.0059814,152360992,19.55719948,19.55719948,421.322998,702.1849976,1139.810059,14888.59961,165.8209991,33,174.6390076,14866.09961,6324.560059,14,21842.69922,6,1708,81,181,126
B3481,0.2077,17.90439987,14,980,2005,0,0.379548013,54,32,10.46000004,92,11.82369995,16,0.0123457,107.6667,35.2,0.6421,433.5,10.50829983,551.710022,616.3959961,152703008,18.83860016,18.83860016,334.3479919,659.1640015,1127.439941,11638.5,155.0850067,32,54.3927002,14866.09961,6324.560059,0,17785,6,1708,81,181,126
B3482,0.1773,17.90439987,14,980,2006,0,0.379548013,54,32,10.46000004,92,11.82369995,16,0.0123457,107.6667,35.2,0.5942,429.2999878,11.29170036,541.7750244,672.3640137,158196992,19.5510006,19.5510006,367.4609985,498.0780029,1130.26001,367.4609985,144.375,32,109.4410019,14866.09961,6324.560059,1,18899,6,1708,81,181,126
B3483,0.0502,17.90439987,14,980,2008,0,0.379548013,54,32,10.46000004,92,11.82369995,16,0,107.6667,35.2,0.6846,487.7999878,10.51669979,484.375,522.8959961,157708992,18.67130089,18.67130089,415.381012,619.6939697,1150.23999,13800.09961,157.5240021,33,142.0399933,14866.09961,6324.560059,10,20025,6,1708,81,181,126
B3484,0.0526,17.90439987,14,980,2009,0,0.379548013,54,32,10.46000004,92,11.82369995,16,-0.135802001,107.6667,35.2,0.6693,448.1000061,10.86670017,494.756012,521.065979,153083008,18.71080017,18.71080017,403.0849915,563.7340088,1139.920044,13372.09961,153.8249969,33,158.3399963,14866.09961,6324.560059,4,20332.5,6,1708,81,181,126
B3485,0.1086,306.8699951,29,475,2003,0,5.894470215,42,29,0.77421999,158,0.894427001,0,0,87.9306,44.2911,0.3158,101.1999969,6.608329773,293.5069885,184.4869995,145451008,14.86190033,14.86190033,28.5170002,73.10279846,186.9759979,1434.709961,16.7614994,12,76.78569794,16000,19000,1096,5945.740234,6,1290,84,158,138
B3486,0.0201,306.8699951,29,475,2004,0,5.894470215,42,29,0.77421999,158,0.894427001,0,-0.037037,87.9306,44.2911,0.37,101.4000015,7.816669941,281.2510071,215.6589966,150722000,16.89109993,16.89109993,27.60580063,85.55200195,197.0670013,1438.589966,16.84760094,9,89.08450317,16000,19000,1175,7109.330078,6,1290,84,158,138
B3487,0.0201,306.8699951,29,475,2005,0,5.894470215,42,29,0.77421999,158,0.894427001,0,0,87.9306,44.2911,0.3012,99.09999847,6.466670036,233.7369995,176.9190063,148228000,18.15850067,18.15850067,26.90839958,92.78900146,202.3769989,1347.839966,18.08749962,12,98.31659698,16000,19000,1025,7609.5,6,1290,84,158,138
B3488,0.0205,306.8699951,29,475,2006,0,5.894470215,42,29,0.77421999,158,0.894427001,0,0.037037,87.9306,44.2911,0.3584,86.59999847,8.041669846,207.1230011,144.9850006,153300992,17.40029907,17.40029907,21.99370003,95.55169678,206.8179932,21.99370003,14.72640038,10,131.5870056,16000,19000,897,8007,6,1290,84,158,138
B3489,0.0207,306.8699951,29,475,2007,0,5.894470215,42,29,0.77421999,158,0.894427001,0,-0.049382702,87.9306,44.2911,0.493,122.3000031,8.274999619,330.2720032,242.1190033,152300992,16.02169991,16.02169991,23.68639946,94.8368988,250.7400055,1066.900024,16.10989952,10,161.7910004,16000,19000,1162,8410.570313,6,1290,84,158,138
B3490,0.0208,306.8699951,29,475,2008,0,5.894470215,42,29,0.77421999,158,0.894427001,0,0.024691399,87.9306,44.2911,0.4242,81.90000153,7.741670132,178.4140015,137.1000061,154763008,17.97900009,17.97900009,26.70219994,103.1200027,327.6919861,1124.829956,18.33090019,10,191.9940033,16000,19000,1647,9047.389648,6,1290,84,158,138
B3491,0.0256,306.8699951,29,475,2009,0,5.894470215,42,29,0.77421999,158,0.894427001,0,-0.0123457,87.9306,44.2911,0.4109,138,7.358329773,271.756012,181.8200073,153936992,16.7064991,16.7064991,30.73250008,88.30660248,317.2749939,1056.160034,21.42510033,11,222.197998,16000,19000,1431,8596.519531,6,1290,84,158,138
B3492,0.0249,306.8699951,29,475,2010,0,5.894470215,42,29,0.77421999,158,0.894427001,0,0.123457,87.9306,44.2911,0.4462,135.8999939,6.858329773,266.644989,174.3690033,148110000,15.43169975,15.43169975,33.33570099,84.54000092,317.1860046,1006.099976,23.40189934,10,252.4019928,16000,19000,1020,8702.969727,6,1290,84,158,138
B3493,0.0517,225,22,73,2003,0,6.528619766,47,31,0.218995005,142,0.447214007,0,0.222222,114.4,35,0.8113,384.3999939,14.60000038,1009.47998,710.4780273,140650000,19.53210068,19.53210068,688.348999,1998.380005,4215.080078,26477.80078,331.3559875,200,359.3460083,19000,11045.40039,573,27995.09961,6,810,83,201,134
B3494,0.0554,225,22,73,2004,0,6.528619766,47,31,0.218995005,142,0.447214007,0,0.098765403,114.4,35,0.8576,457.7999878,15.42500019,759.5130005,778.9790039,154590000,20.58139992,20.58139992,596.53302,2170.810059,4369.640137,24535.90039,317.4299927,154,396.3389893,19000,11045.40039,692,32999.69922,6,810,83,201,134
B3495,0.0485,225,22,73,2005,0,6.528619766,47,31,0.218995005,142,0.447214007,0,0.098765403,114.4,35,0.8732,369.7999878,14.95829964,698.7999878,768.7860107,155350000,20.11529922,20.11529922,690.3900146,2307.51001,4386.600098,28507.5,379.071991,155,433.3320007,19000,11045.40039,649,40313.5,6,810,83,201,134
B3496,0.0553,225,22,73,2006,0,6.528619766,47,31,0.218995005,142,0.447214007,0,0.049382702,114.4,35,0.8712,355,15.68330002,608.2249756,730.5130005,160859008,20.66040039,20.66040039,751.7849731,2092.189941,4551.569824,751.7849731,361.2070007,160,451.6000061,19000,11045.40039,724,43469.69922,6,810,83,201,134
B3497,0.1026,225,22,73,2007,0,6.528619766,47,31,0.218995005,142,0.447214007,0,0.111111,114.4,35,0.9103,395,15.72500038,578.9119873,698.8640137,157759008,20.87330055,20.87330055,684.0510254,2135,4963.040039,27895.90039,341.0849915,161,469.8670044,19000,11045.40039,640,43868.19922,6,810,83,201,134
B3498,0.0857,225,22,73,2008,0,6.528619766,47,31,0.218995005,142,0.447214007,0,-0.123457,114.4,35,0.9388,431.3999939,15.00829983,593.1950073,668.585022,158750000,20.87380028,20.87380028,659.2230225,2063.060059,5132.419922,27260.19922,335.6749878,160,488.1340027,19000,11045.40039,597,48425.39844,6,810,83,201,134
B3499,0.081,225,22,73,2009,0,6.528619766,47,31,0.218995005,142,0.447214007,0,-0.123457,114.4,35,0.8478,367.2000122,15.20829964,644.6389771,672.632019,152720992,20.37439919,20.37439919,641.1119995,2071.379883,5128.939941,27125,332.8829956,161,506.4020081,19000,11045.40039,1059,50668.69922,6,810,83,201,134
B3500,0.0452,225,22,73,2010,0,6.528619766,47,31,0.218995005,142,0.447214007,0,-0.049382702,114.4,35,0.8378,410.6000061,14.94999981,693.6719971,615.8790283,156488000,21.01919937,21.01919937,597.5709839,2334.959961,5066.27002,25755.69922,316.8680115,160,524.6690063,19000,11045.40039,732,54679.10156,6,810,83,201,134
B3509,0.0486,215.5379944,33,234,2003,83,8.162910461,32,35,0.666019976,41,1.264909983,-3,-0.098765403,126.9167,47.45,0.8888,305.2999878,3.266669989,722.65802,547.8389893,129163000,10.72669983,10.72669983,328.5740051,344.1730042,543.4320068,8360.259766,90.37989807,353,68.20860291,3605.550049,2236.070068,1281,141629,6,5920,64,285,105
B3511,0.0487,215.5379944,33,234,2005,83,8.162910461,32,35,0.666019976,41,1.264909983,-3,0.037037,126.9167,47.45,0.8545,351.6000061,2.358330011,640.4730225,597.2360229,126985000,8.570420265,8.570420265,293.2479858,347.5809937,570.026001,7466.350098,83.06549835,223,52.97880173,3605.550049,2236.070068,1885,227999,6,5920,64,285,105
B3512,0.0336,215.5379944,33,234,2007,83,8.162910461,32,35,0.666019976,41,1.264909983,-3,-0.160494,126.9167,47.45,0.8774,288.7999878,3.941669941,397.572998,559.7659912,137944000,11.04969978,11.04969978,296.1570129,359.803009,860.5720215,7859.319824,86.34020233,232,154.7700043,3605.550049,2236.070068,2518,249736,6,5920,64,285,105
B3513,0.0315,215.5379944,33,234,2009,83,8.162910461,32,35,0.666019976,41,1.264909983,-3,-0.024691399,126.9167,47.45,0.8812,308.1000061,2.133330107,686.4459839,545.7230225,124802000,7.68625021,7.68625021,302.3049927,425.7160034,920.6290283,8402.889648,90.62259674,233,263.0759888,3605.550049,2236.070068,3689,244333,6,5920,64,285,105
B3515,0.1845,215.5379944,33,234,2004,83,8.162910461,32,35,0.666019976,41,1.264909983,-3,0.024691399,126.9167,47.45,0.87,315,3.183330059,452.8529968,584.6890259,134459008,10.12129974,10.12129974,322.0119934,336.4339905,591.1539917,8156.390137,88.33630371,222,57.3362999,3605.550049,2236.070068,2112,173264,6,5920,64,285,105
B3516,0.0316,215.5379944,33,234,2006,83,8.162910461,32,35,0.666019976,41,1.264909983,-3,-0.049382702,126.9167,47.45,0.8594,311,2.433330059,565.7420044,567.25,129880000,8.818750381,8.818750381,285.4060059,345.5979919,590.6370239,285.4060059,83.45439911,237,100.6169968,3605.550049,2236.070068,2645,251036,6,5920,64,285,105
B3517,0.0388,215.5379944,33,234,2008,83,8.162910461,32,35,0.666019976,41,1.264909983,-3,-0.049382702,126.9167,47.45,0.8672,263.6000061,3.866669893,499.302002,588.6019897,136740992,10.44830036,10.44830036,307.7380066,406.6149902,868.473999,8338.570313,89.64800262,232,208.9230042,3605.550049,2236.070068,2550,231697,6,5920,64,285,105
B3518,0.0331,215.5379944,33,234,2010,83,8.162910461,32,35,0.666019976,41,1.264909983,-3,-0.049382702,126.9167,47.45,0.8918,331.2000122,1.791669965,523.9619751,576.8939819,121246000,7.589310169,7.589310169,287.1640015,624.5939941,937.6160278,8606.599609,89.79190063,224,317.2290039,3605.550049,2236.070068,2967,270582,6,5920,64,285,105
B3519,0.0567,180,21,52,2003,45,5.736030102,50,29,0.154853001,29,1.612450004,16,-0.049382702,114.6833,37.8833,0.6815,299.1719971,13.13329983,569.052002,501.9689941,146708992,19.70140076,19.70140076,1893.400024,9232,6380.069824,145145,1015.820007,331,2444.600098,10770.2998,4123.109863,1294,39956.60156,6,1179,80,189,134
B3520,0.0568,180,21,52,2004,45,5.736030102,50,29,0.154853001,29,1.612450004,16,-0.049382702,114.6833,37.8833,0.662,354.0230103,13.86670017,464.1499939,640.1350098,157700000,20.55690002,20.55690002,1926.079956,11065.09961,6578.279785,161590,1144.109985,748,2842.949951,10770.2998,4123.109863,1736,46506.30078,6,1179,80,189,134
B3521,0.0582,180,21,52,2005,45,5.736030102,50,29,0.154853001,29,1.612450004,16,-0.049382702,114.6833,37.8833,0.6689,293.1570129,13.48330021,432.776001,496.3680115,163248000,20.47739983,20.47739983,1867.430054,12893.7002,6732.419922,177607,1177.109985,752,2859.149902,10770.2998,4123.109863,2060,53739.89844,6,1179,80,189,134
B3522,0.0475,180,21,52,2006,45,5.736030102,50,29,0.154853001,29,1.612450004,16,-0.049382702,114.6833,37.8833,0.6649,286.4049988,14.18330002,419.8760071,426.1870117,159432000,20.56780052,20.56780052,1928.359985,14640.7998,6725.839844,1928.359985,1248.290039,752,3505.310059,10770.2998,4123.109863,1599,57691.39844,6,1179,80,189,134
B3523,0.0517,180,21,52,2007,45,5.736030102,50,29,0.154853001,29,1.612450004,16,-0.049382702,114.6833,37.8833,0.6827,260.5979919,14.25829983,478.3250122,427.105011,162534000,20.4803009,20.4803009,2028.890015,16677.30078,6701.370117,218715,1345.589966,740,3769.330078,10770.2998,4123.109863,1499,58704.80078,6,1179,80,189,134
B3524,0.0429,180,21,52,2008,45,5.736030102,50,29,0.154853001,29,1.612450004,16,-0.049382702,114.6833,37.8833,0.7142,343.2290039,13.55830002,570.414978,538.5549927,161167008,21.52190018,21.52190018,2060.389893,17922.30078,6776.990234,229425,1390.219971,734,4033.350098,10770.2998,4123.109863,1553,82487.20313,6,1179,80,189,134
B3525,0.0359,180,21,52,2009,45,5.736030102,50,29,0.154853001,29,1.612450004,16,-0.049382702,114.6833,37.8833,0.5637,306.6759949,13.74170017,571.2700195,448.3280029,161595008,20.65099907,20.65099907,2014.689941,17650.09961,6327.890137,218822,1371.819946,738,4297.370117,10770.2998,4123.109863,1604,86200.29688,6,1179,80,189,134
B3526,0.0372,180,21,52,2010,45,5.736030102,50,29,0.154853001,29,1.612450004,16,0.074074097,114.6833,37.8833,0.5471,293.2590027,13.47500038,435.1830139,446.730011,158979008,20.76510048,20.76510048,2032.310059,18762.30078,5977.700195,210965,1355.630005,732,4561.399902,10770.2998,4123.109863,803,93262.70313,6,1179,80,189,134
B3551,0.1851,347.0050049,13,3693,2003,0,3.984869957,64,23,1.032889962,209,1.341639996,16,0.037037,91.3436,29.6778,0.2254,260.7000122,7.733329773,584.9559937,562.9470215,204826000,20.25349998,20.25349998,35.39720154,190.0549927,710.8709717,1312.48999,15.49450016,32,13.86880016,25709.90039,1414.209961,690,2355.429932,6,1064,73,68,139
B3552,0.4317,347.0050049,13,3693,2004,0,3.984869957,64,23,1.032889962,209,1.341639996,16,0.037037,91.3436,29.6778,0.1309,225,7.583330154,599.3950195,557.8460083,198952000,20.10420036,20.10420036,41.94680023,312.0950012,728.914978,1727.839966,22.11870003,30,16.1807003,25709.90039,1414.209961,967,2838.050049,6,1064,73,68,139
B3553,0.1349,347.0050049,13,3693,2005,0,3.984869957,64,23,1.032889962,209,1.341639996,16,0.037037,91.3436,29.6778,0.122,282,7.983329773,481.2390137,538.1669922,203011008,20.66749954,20.66749954,40.59629822,275.4159851,732.440979,1386.819946,19.96839905,30,18.90940094,25709.90039,1414.209961,967,3038.300049,6,1064,73,68,139
B3554,0.1061,347.0050049,13,3693,2006,0,3.984869957,64,23,1.032889962,209,1.341639996,16,0.037037,91.3436,29.6778,0.1514,292.6000061,8.391670227,447.506012,570.4420166,208582000,21.9640007,21.9640007,48.42739868,305.946991,749.3189697,48.42739868,22.22680092,30,147.6349945,25709.90039,1414.209961,866,3253.120117,6,1064,73,68,139
B3555,0.0561,347.0050049,13,3693,2009,0,3.984869957,64,23,1.032889962,209,1.341639996,16,0.037037,91.3436,29.6778,0.1603,273.2999878,8.649999619,328.7990112,567.0579834,205888000,24.03639984,24.03639984,48.3506012,348.5599976,1115.359985,1532.380005,20.64509964,31,535.0629883,25709.90039,1414.209961,336,3917.530029,6,1064,73,68,139
B3556,0.0971,347.0050049,13,3693,2010,0,3.984869957,64,23,1.032889962,209,1.341639996,16,0.037037,91.3436,29.6778,0.1383,239.3999939,8.541669846,421.5769958,530.9349976,205784992,22.99010086,22.99010086,48.89220047,299.7919922,853.210022,1359.599976,17.97669983,31,664.2050171,25709.90039,1414.209961,625,4228.290039,6,1064,73,68,139
B3558,0.0623,347.0050049,13,3693,2007,0,3.984869957,64,23,1.032889962,209,1.341639996,16,0.037037,91.3436,29.6778,0.1487,257.1000061,8.316670418,478.6499939,532.7080078,206030000,23.03750038,23.03750038,49.70080185,391.0450134,850.7399902,1672.630005,26.22999954,30,276.7780151,25709.90039,1414.209961,758,3450.929932,6,1064,73,68,139
B3559,0.0662,347.0050049,13,3693,2008,0,3.984869957,64,23,1.032889962,209,1.341639996,16,0.037037,91.3436,29.6778,0.1594,268.2000122,7.983329773,585.7009888,534.2160034,185988000,20.16650009,20.16650009,48.3125,354.7739868,1086.839966,1695.97998,22.72470093,31,405.9200134,25709.90039,1414.209961,668,3871.590088,6,1064,73,68,139
B3560,0.0775,0,7,360,2004,93,6.581039906,80,13,0.154853001,101,0.632456005,16,-0.0123457,120.7,42.9167,0.5546,220.6000061,8.358329773,362.7669983,371.1900024,143255008,18.76790047,18.76790047,95.38379669,212.9440002,356.3699951,3625.75,43.74819946,8,36.7120018,1000,13928.40039,0,507.0409851,6,1974,79,214,141
B3561,0.132,0,7,360,2006,93,6.581039906,80,13,0.154853001,101,0.632456005,16,-0.0123457,120.7,42.9167,0.5284,203,7.691669941,354.4289856,347.901001,144963008,18.10880089,18.10880089,88.37409973,201.5910034,396.769989,88.37409973,41.72819901,7,54.84180069,1000,13928.40039,2,554.8530273,6,1974,79,214,141
B3562,0.1711,0,7,360,2005,93,6.581039906,80,13,0.154853001,101,0.632456005,16,-0.0123457,120.7,42.9167,0.6351,256.7000122,7.366670132,422.2680054,432.8559875,142820000,17.19580078,17.19580078,80.0970993,181.4669952,372.322998,2906.679932,36.82109833,8,45.5644989,1000,13928.40039,2,526.8649902,6,1974,79,214,141
B3564,0.3657,0,7,360,2007,93,6.581039906,80,13,0.154853001,101,0.632456005,16,0.037037,120.7,42.9167,0.5636,196.1999969,8.741669655,348.7909851,365.0400085,144192000,19.10849953,19.10849953,81.1207962,188.9190063,691.7559814,3002.830078,39.27560043,7,67.30539703,1000,13928.40039,6,560.4060059,6,1974,79,214,141
B3565,0.2126,0,7,360,2008,93,6.581039906,80,13,0.154853001,101,0.632456005,16,0.037037,120.7,42.9167,0.5492,223.5,8.283329964,344.803009,423.1679993,143758000,18.13999939,18.13999939,76.96140289,225.5420074,676.6539917,3011.560059,39.13010025,7,79.76909637,1000,13928.40039,24,592.9970093,6,1974,79,214,141
B3566,0.1785,0,7,360,2009,93,6.581039906,80,13,0.154853001,101,0.632456005,16,0.037037,120.7,42.9167,0.4874,210.1999969,7.458330154,274.1260071,273.6480103,146888992,18.01779938,18.01779938,84.98120117,238.8439941,706.2030029,3413.949951,44.12179947,7,92.23269653,1000,13928.40039,0,624.3049927,6,1974,79,214,141
B3567,0.0315,0,7,360,2010,93,6.581039906,80,13,0.154853001,101,0.632456005,16,0.037037,120.7,42.9167,0.5579,216.8000031,6.724999905,433.5339966,393.0109863,137271008,16.44260025,16.44260025,95.83809662,349.7120056,693.1900024,4348.129883,51.35010147,7,104.6959991,1000,13928.40039,0,668.2609863,6,1974,79,214,141
B3568,0.0709,315,29,71,2003,48,5.323470116,33,38,0.656958997,176,0.632456005,16,0.037037,115.0703,26.7467,0.7599,566.2000122,19,1022.330017,959.7819824,158168992,23.91819954,23.91819954,426.2799988,432.177002,1609.300049,11671.09961,137.2460022,19,128.4909973,10000,3605.550049,0,10532.90039,6,1670,56,188,123
B3569,0.0748,315,29,71,2004,48,5.323470116,33,38,0.656958997,176,0.632456005,16,0.037037,115.0703,26.7467,0.6946,531.7999878,18.9083004,1483.780029,1037.380005,163596000,22.69190025,22.69190025,423.506012,455.5859985,1689.550049,10851.90039,133.0970001,19,147.8009949,10000,3605.550049,0,12224.7998,6,1670,56,188,123
B3570,0.0558,315,29,71,2005,48,5.323470116,33,38,0.656958997,176,0.632456005,16,0.037037,115.0703,26.7467,0.8127,557.5,18.61669922,1626.140015,1001.559998,143955008,22.18390083,22.18390083,442.6319885,498.0159912,1698.839966,11809.5,145.2610016,19,150.5110016,10000,3605.550049,1,12785.90039,6,1670,56,188,123
B3571,0.0525,315,29,71,2006,48,5.323470116,33,38,0.656958997,176,0.632456005,16,0.037037,115.0703,26.7467,0.8016,542,19.125,1663.780029,1027.680054,146992000,23.74530029,23.74530029,482.8900146,566.8439941,1667.98999,482.8900146,157.1040039,19,183.3970032,10000,3605.550049,1,12978,6,1670,56,188,123
B3572,0.0765,315,29,71,2007,48,5.323470116,33,38,0.656958997,176,0.632456005,16,0.037037,115.0703,26.7467,0.7606,802.7000122,19.35829926,1392.640015,971.1439819,158142000,24.3852005,24.3852005,347.5020142,517.6110229,1575.550049,10240.40039,127.1159973,19,199.6840057,10000,3605.550049,1,13016,6,1670,56,188,123
B3573,0.0655,315,29,71,2008,48,5.323470116,33,38,0.656958997,176,0.632456005,16,0.037037,115.0703,26.7467,0.8056,777.0999756,18.70000076,1482.680054,1022.77002,153491008,23.68959999,23.68959999,318.8890076,537.5540161,1549.27002,9547.820313,119.5459976,19,215.9700012,10000,3605.550049,0,13200,6,1670,56,188,123
B3574,0.079,315,29,71,2009,48,5.323470116,33,38,0.656958997,176,0.632456005,16,0.061728399,115.0703,26.7467,0.7985,852.5999756,19.04170036,1316.660034,966.8720093,154366000,23.31529999,23.31529999,311.605011,533.0830078,1532.199951,9771.219727,121.4110031,19,232.2570038,10000,3605.550049,5,12781.7998,6,1670,56,188,123
B3575,0.0601,315,29,71,2010,48,5.323470116,33,38,0.656958997,176,0.632456005,16,-0.0123457,115.0703,26.7467,0.7719,744.7000122,18.7166996,1823.670044,928.6220093,142620992,23.9151001,23.9151001,307.677002,611.5380249,1517.579956,9905.389648,123.9339981,19,248.5429993,10000,3605.550049,1,12673.7998,6,1670,56,188,123
B3576,0.0884,116.5650024,20,56,2003,0,9.612270355,44,36,0.692492008,25,0.894427001,16,-0.172839999,133.5167,47.5833,0.6928,368.6000061,2.883330107,523.0910034,580.7520142,130245000,7.823329926,7.823329926,18.4769001,42.74349976,58.58869934,587.6500244,6.181250095,18,28.65769958,1000,3162.280029,895,763.4580078,6,5853,63,242,112
B3577,0.0633,116.5650024,20,56,2004,0,9.612270355,44,36,0.692492008,25,0.894427001,16,-0.0123457,133.5167,47.5833,0.65,395.5,2.816669941,579.1370239,617.1820068,121955000,7.091390133,7.091390133,15.63710022,43.10089874,63.80540085,512.2210083,5.523290157,49,32.52330017,1000,3162.280029,905,845.8519897,6,5853,63,242,112
B3578,0.0172,116.5650024,20,56,2005,0,9.612270355,44,36,0.692492008,25,0.894427001,16,0.024691399,133.5167,47.5833,0.6888,385.2000122,2.224999905,528.0739746,593.4710083,121837000,7.900829792,7.900829792,11.80970001,46.93970108,61.12319946,430.0610046,4.756090164,50,36.38890076,1000,3162.280029,744,772.6699829,6,5853,63,242,112
B3579,0.0216,116.5650024,20,56,2010,0,9.612270355,44,36,0.692492008,25,0.894427001,16,0.074074097,133.5167,47.5833,0.5523,415.6000061,2.116669893,694.7139893,616.164978,118263000,5.410689831,5.410689831,12.21560001,70.84999847,87.85839844,493.32901,5.410850048,55,200.9640045,1000,3162.280029,818,781.4910278,6,5853,63,242,112
B3586,0.0735,143.7460022,11,1417,2003,0,0.054069601,69,20,2.878020048,78,3.286339998,2,0.049382702,104.95,37.45,0.1655,115.1999969,9.233329773,242.003006,381.9719849,161242000,25.13349915,25.13349915,83.53019714,453.17099,340.0169983,4950.720215,53.34320068,42,40.17179871,0,1000,216,35174.19922,6,952,83,187,135
B3587,0.0843,143.7460022,11,1417,2004,0,0.054069601,69,20,2.878020048,78,3.286339998,2,0.111111,104.95,37.45,0.1242,100,9.458330154,136.6210022,259.776001,169400992,27.11030006,27.11030006,85.00350189,474.7690125,360.321991,4951.470215,57.26739883,40,43.97850037,0,1000,0,37895.80078,6,952,83,187,135
B3588,0.0563,143.7460022,11,1417,2005,0,0.054069601,69,20,2.878020048,78,3.286339998,2,0.074074097,104.95,37.45,0.1138,79.09999847,9.166669846,76.87879944,194.2189941,167427008,27.35560036,27.35560036,93.13110352,711.0380249,365.0379944,6398.419922,70.50430298,40,41.44839859,0,1000,3,42240.60156,6,952,83,187,135
B3589,0.0681,143.7460022,11,1417,2006,0,0.054069601,69,20,2.878020048,78,3.286339998,2,0.074074097,104.95,37.45,0.1109,79.40000153,9.875,144.5480042,271.1390076,169950000,25.63129997,25.63129997,86.27519989,776.4329834,367.6199951,86.27519989,62.51729965,39,67.57980347,0,1000,0,48463.19922,6,952,83,187,135
B3590,0.0613,143.7460022,11,1417,2007,0,0.054069601,69,20,2.878020048,78,3.286339998,2,-0.098765403,104.95,37.45,0.1224,108.1999969,9.616669655,265.303009,337.7479858,159496000,25.17889977,25.17889977,83.20030212,920.1790161,286.5509949,6496.75,65.48829651,39,87.37449646,0,1000,89,50213,6,952,83,187,135
B3591,0.0848,143.7460022,11,1417,2008,0,0.054069601,69,20,2.878020048,78,3.286339998,2,-0.0123457,104.95,37.45,0.1143,89,9.041669846,152.348999,215.7899933,168576992,24.83539963,24.83539963,83.00119781,1013.969971,304.9729919,6391.129883,64.74009705,39,107.1689987,0,1000,180,43457.60156,6,952,83,187,135
B3592,0.0856,143.7460022,11,1417,2009,0,0.054069601,69,20,2.878020048,78,3.286339998,2,0,104.95,37.45,0.1177,89.69999695,9.616669655,141.7859955,176.697998,164878000,25.70079994,25.70079994,86.5644989,980.5390015,351.598999,5971.160156,63.76509857,39,126.9639969,0,1000,63,45598.5,6,952,83,187,135
B3593,0.0585,143.7460022,11,1417,2010,0,0.054069601,69,20,2.878020048,78,3.286339998,2,0.037037,104.95,37.45,0.1139,99.30000305,9.591670036,154.9340057,256.3909912,164120992,25.88929939,25.88929939,92.79740143,970.6719971,344.2210083,6003.029785,64.80200195,39,146.7579956,0,1000,160,49028.69922,6,952,83,187,135
B3618,0.1267,161.5650024,22,40,2003,28,5.677239895,49,29,0.244843006,13,0.447214007,16,-0.098765403,123.4,41.5167,0.8501,347.8999939,8.958330154,737.3209839,634.8640137,144578000,14.74059963,14.74059963,637.8859863,9847.929688,1124.119995,63565.19922,452.1260071,37,2006.670044,2000,6000,573,2235740,6,1956,64,298,132
B3619,0.0446,161.5650024,22,40,2005,28,5.677239895,49,29,0.244843006,13,0.447214007,16,-0.0123457,123.4,41.5167,0.8965,366.3999939,8.166669846,788.6599731,693.6049805,143255008,13.30959988,13.30959988,713.9000244,12085.09961,1170.880005,84463.5,563.565979,34,1816.780029,2000,6000,744,2992990,6,1956,64,298,132
B3620,0.0869,161.5650024,22,40,2006,28,5.677239895,49,29,0.244843006,13,0.447214007,16,-0.197531,123.4,41.5167,0.8766,380.2000122,8.708330154,647.2689819,651.9530029,146355008,14.09389973,14.09389973,743.15802,13759.59961,1169.920044,743.15802,593.8319702,18,2065.169922,2000,6000,867,3217780,6,1956,64,298,132
B3621,0.108,161.5650024,22,40,2007,28,5.677239895,49,29,0.244843006,13,0.447214007,16,-0.098765403,123.4,41.5167,0.879,343,9.508330345,628.492981,657.3120117,146700992,15.99820042,15.99820042,754.5980225,14607.7002,906.9660034,88624,600.039978,18,2342.790039,2000,6000,1041,3518770,6,1956,64,298,132
B3622,0.0625,161.5650024,22,40,2008,28,5.677239895,49,29,0.244843006,13,0.447214007,16,-0.0123457,123.4,41.5167,0.905,366.7000122,9.066670418,720.4489746,665.2960205,150084000,15.73029995,15.73029995,771.3270264,15716.7002,1286.689941,89253,624.2919922,17,2620.409912,2000,6000,959,3672270,6,1956,64,298,132
B3623,0.092,161.5650024,22,40,2009,28,5.677239895,49,29,0.244843006,13,0.447214007,16,0.074074097,123.4,41.5167,0.8677,352.3999939,8.458330154,674.2520142,674.6069946,144552000,14.0958004,14.0958004,758.4949951,15740,1394.189941,88363.70313,612.3120117,18,2898.030029,2000,6000,745,3920550,6,1956,64,298,132
B3624,0.0551,161.5650024,22,40,2010,28,5.677239895,49,29,0.244843006,13,0.447214007,16,0,123.4,41.5167,0.9182,317.3999939,7.783329964,306.696991,632.9699707,133349000,12.71080017,12.71080017,721.5339966,18029.09961,1383.349976,89062,592.3389893,13,3175.659912,2000,6000,717,4180410,6,1956,64,298,132
B3632,0.1455,161.5650024,22,40,2004,28,5.677239895,49,29,0.244843006,13,0.447214007,16,-0.481480986,123.4,41.5167,0.8861,322.6000061,9.341670036,681.5269775,646.072998,147988000,16.25600052,16.25600052,660.9470215,11038.7998,1170.810059,71966.10156,491.5669861,34,1897.109985,2000,6000,705,2678580,6,1956,64,298,132
B3635,0.0385,129.6849976,36,65,2003,39,4.995200157,39,25,4.718050003,219,5.310369968,16,-0.320987999,111.45,28.9167,0.6801,486.2999878,17.79170036,1443.23999,909.8829956,130133000,22.9803009,22.9803009,715.7230225,1823.359985,2668.800049,36612.89844,415.6170044,163,216.2070007,2000,10000,763,13714.40039,6,2404,60,190,121
B3636,0.0355,129.6849976,36,65,2004,39,4.995200157,39,25,4.718050003,219,5.310369968,16,-0.0123457,111.45,28.9167,0.7018,518.0999756,17.99169922,1491.300049,981.9910278,140671008,24.16860008,24.16860008,744.2160034,2082.26001,2836.01001,38608.80078,435.526001,169,226.8650055,2000,10000,1175,15286.7998,6,2404,60,190,121
B3637,0.0645,129.6849976,36,65,2005,39,4.995200157,39,25,4.718050003,219,5.310369968,16,0.209876999,111.45,28.9167,0.8238,470,17.625,1339.48999,975.2550049,134698000,22.33180046,22.33180046,916.4810181,2771.97998,2801.870117,46090.10156,534.9810181,170,237.423996,2000,10000,878,16028.59961,6,2404,60,190,121
B3638,0.0538,129.6849976,36,65,2007,39,4.995200157,39,25,4.718050003,219,5.310369968,16,-0.444444001,111.45,28.9167,0.7254,475.1000061,18.36669922,1319.630005,1004.369995,140051008,23.03289986,23.03289986,787.2440186,3129.800049,2804.350098,44052.30078,512.802002,167,346.2120056,2000,10000,1502,16985.40039,6,2404,60,190,121
B3639,0.0296,129.6849976,36,65,2009,39,4.995200157,39,25,4.718050003,219,5.310369968,16,0,111.45,28.9167,0.7449,535.2000122,18.05830002,1222.300049,942.8049927,137498000,23.30060005,23.30060005,803.9869995,2759.560059,2760.75,41730.80078,507.6900024,167,454.8999939,2000,10000,1433,16545.09961,6,2404,60,190,121
B3643,0.058,129.6849976,36,65,2006,39,4.995200157,39,25,4.718050003,219,5.310369968,16,-0.086419798,111.45,28.9167,0.7351,473.5,18.24169922,1375.73999,1012.200012,140960000,23.24889946,23.24889946,817.4500122,2912.290039,2750.070068,817.4500122,511.9339905,167,291.8680115,2000,10000,1140,16784.59961,6,2404,60,190,121
B3645,0.0265,129.6849976,36,65,2008,39,4.995200157,39,25,4.718050003,219,5.310369968,16,-0.037037,111.45,28.9167,0.8248,468.2000122,17.60829926,1428.619995,1050.150024,144186000,22.39830017,22.39830017,829.8530273,2932.409912,2736.209961,43736.80078,521.7399902,166,400.5559998,2000,10000,1606,15957.7002,6,2404,60,190,121
B3647,0.0369,129.6849976,36,65,2010,39,4.995200157,39,25,4.718050003,219,5.310369968,16,0.037037,111.45,28.9167,0.735,530.5,17.64999962,1775.599976,975.3239746,134176000,23.00469971,23.00469971,749.1359863,2824.51001,2726.73999,39464.89844,470.1440125,165,509.2449951,2000,10000,1553,17183.40039,6,2404,60,190,121
B3657,0.1979,71.56500244,22,30,2003,0,7.650360107,47,31,0.244843006,142,0.632456005,16,-0.037037,116.3667,36.6667,0.7687,315.1000061,13.4083004,840.6049805,598.1389771,143563008,19.09429932,19.09429932,685.7440186,4156.470215,5207.569824,35976.89844,416.3009949,88,1483.050049,1000,2000,573,18908.90039,6,1164,77,207,136
B3659,0.0348,71.56500244,22,30,2004,0,7.650360107,47,31,0.244843006,142,0.632456005,16,-0.024691399,116.3667,36.6667,0.8063,402.3999939,14.2833004,790.098999,752.1140137,155735008,19.69639969,19.69639969,673.8140259,4201.740234,5301.609863,38251.5,382.5650024,66,1869.079956,1000,2000,629,21745.80078,6,1164,77,207,136
B3660,0.0145,71.56500244,22,30,2005,0,7.650360107,47,31,0.244843006,142,0.632456005,16,-0.320987999,116.3667,36.6667,0.7764,350.2999878,13.75,696.5780029,677.7089844,159500992,19.37140083,19.37140083,697.0310059,5135.160156,5344.140137,46048.69922,426.5280151,67,2255.110107,1000,2000,533,24708.30078,6,1164,77,207,136
B3661,0.0161,71.56500244,22,30,2006,0,7.650360107,47,31,0.244843006,142,0.632456005,16,0.024691399,116.3667,36.6667,0.8317,335.8999939,14.375,511.70401,673.835022,160872992,20.01040077,20.01040077,726.6220093,5869.910156,5058.779785,726.6220093,471.7829895,69,2285.76001,1000,2000,637,26332.69922,6,1164,77,207,136
B3662,0.0442,71.56500244,22,30,2007,0,7.650360107,47,31,0.244843006,142,0.632456005,16,0.037037,116.3667,36.6667,0.821,297.8999939,14.56669998,589.0219727,605.6069946,158907008,19.43390083,19.43390083,769.1220093,6466.299805,5877.799805,50405.10156,479.5830078,69,2316.419922,1000,2000,628,26676.40039,6,1164,77,207,136
B3663,0.0434,71.56500244,22,30,2008,0,7.650360107,47,31,0.244843006,142,0.632456005,16,-0.320987999,116.3667,36.6667,0.7532,416.2999878,13.89169979,577.5859985,610.9530029,158571008,19.99650002,19.99650002,726.4030151,6522.140137,5667.5,47948.5,460.4729919,69,2347.080078,1000,2000,638,25539.09961,6,1164,77,207,136
B3664,0.0473,71.56500244,22,30,2009,0,7.650360107,47,31,0.244843006,142,0.632456005,16,0.086419798,116.3667,36.6667,0.8535,322.1000061,14.0333004,717.5599976,624.0720215,158019008,19.04929924,19.04929924,717.664978,7218.970215,4351.169922,50971,475.6679993,70,2377.72998,1000,2000,629,26740.30078,6,1164,77,207,136
B3665,0.0463,71.56500244,22,30,2010,0,7.650360107,47,31,0.244843006,142,0.632456005,16,0.197531,116.3667,36.6667,0.7213,318.6000061,13.7166996,649.6190186,565.3270264,155639008,19.5461998,19.5461998,729.0040283,7997.52002,4348.390137,54516.39844,493.1340027,69,2408.389893,1000,2000,687,28462.19922,6,1164,77,207,136
B3674,0.0398,247.7359924,22,435,2003,105,0.00571444,51,27,12.27460003,112,16.43169975,-2,-0.259258986,105.45,31.2667,0.7574,420.7999878,17.16670036,910.815979,846.1350098,119507000,21.43429947,21.43429947,760.8449707,586.8540039,2667.790039,21381.69922,219.8480072,568,126.2770004,49030.60156,3000,0,6732.149902,6,2966,72,250,133
B3675,0.0018,247.7359924,22,435,2004,105,0.00571444,51,27,12.27460003,112,16.43169975,-2,-0.185185,105.45,31.2667,0.7676,432.7999878,16.97500038,914.4719849,887.822998,127352000,20.83279991,20.83279991,736.2030029,578.8560181,2709.629883,20373.59961,216.2590027,583,130.5269928,49030.60156,3000,0,7245.589844,6,2966,72,250,133
B3676,0.0224,247.7359924,22,435,2005,105,0.00571444,51,27,12.27460003,112,16.43169975,-2,0.111111,105.45,31.2667,0.747,460.2000122,16.9083004,984.3909912,835.28302,122197000,19.45789909,19.45789909,694.0510254,544.473999,2734.790039,18391.5,198.0350037,587,160.5559998,49030.60156,3000,8,7043.370117,6,2966,72,250,133
B3677,0.0168,247.7359924,22,435,2006,105,0.00571444,51,27,12.27460003,112,16.43169975,-2,0,105.45,31.2667,0.7047,373.6000061,17.45000076,674.7189941,904.0280151,136296992,21.9720993,21.9720993,684.1489868,533.9489746,2713.679932,684.1489868,194.776001,570,148.6959991,49030.60156,3000,0,7421.720215,6,2966,72,250,133
B3678,0.0303,247.7359924,22,435,2007,105,0.00571444,51,27,12.27460003,112,16.43169975,-2,0.135802001,105.45,31.2667,0.7713,404.2999878,17.2166996,989.9559937,826.9060059,131129000,22.09889984,22.09889984,634.2000122,526.4550171,2967.790039,16701.19922,183.9160004,570,162.6159973,49030.60156,3000,0,7465.850098,6,2966,72,250,133
B3679,0.0282,247.7359924,22,435,2008,105,0.00571444,51,27,12.27460003,112,16.43169975,-2,-0.111111,105.45,31.2667,0.8005,464.7999878,16.66670036,1104.72998,887.6959839,131333000,20.98489952,20.98489952,605.1729736,579.5739746,3075.100098,16930.80078,185.503006,585,176.5359955,49030.60156,3000,12,7078.52002,6,2966,72,250,133
B3680,0.0218,247.7359924,22,435,2009,105,0.00571444,51,27,12.27460003,112,16.43169975,-2,-0.123457,105.45,31.2667,0.8075,431.7000122,17.25,1109.48999,825.0579834,125124000,20.88209915,20.88209915,576.8579712,527.4110107,3019.600098,15865.2998,176.7460022,589,190.4550018,49030.60156,3000,18,7533.529785,6,2966,72,250,133
B3681,0.0199,247.7359924,22,435,2010,105,0.00571444,51,27,12.27460003,112,16.43169975,-2,0.234568,105.45,31.2667,0.8066,473.7999878,17.10829926,1032.459961,812.7700195,123675000,20.36429977,20.36429977,555.7999878,612.9160156,2936.939941,15956.7002,171.5090027,585,204.375,49030.60156,3000,216,7758.180176,6,2966,72,250,133
B3691,0.0355,247.7359924,22,435,2006,105,0.00571444,51,27,12.27460003,112,16.43169975,-2,0.148148,105.45,31.2667,0.7047,373.6000061,17.45000076,674.7189941,904.0280151,136296992,21.9720993,21.9720993,684.1489868,533.9489746,2713.679932,684.1489868,194.776001,570,148.6959991,49030.60156,3000,0,7421.720215,6,2966,72,250,133
B3693,0.0392,288.4349976,36,47,2003,3,5.977920055,39,25,0.979283988,219,1.673320055,16,-0.197531,116.9283,28.2058,0.6421,440.6000061,19.07500076,1509.160034,981.3859863,154024992,22.82749939,22.82749939,458.9219971,944.7979736,1109.5,20631.69922,222.9940033,160,128.701004,1000,0,498,10524.59961,6,947,51,120,134
B3694,0.0349,288.4349976,36,47,2004,3,5.977920055,39,25,0.979283988,219,1.673320055,16,-0.049382702,116.9283,28.2058,0.6896,479.3999939,19.07500076,1584.390015,1093.589966,157320992,22.37389946,22.37389946,441.4200134,1051.589966,1165.969971,19715.09961,214.7640076,83,136.2899933,1000,0,553,11614,6,947,51,120,134
B3695,0.0371,288.4349976,36,47,2005,3,5.977920055,39,25,0.979283988,219,1.673320055,16,-0.209876999,116.9283,28.2058,0.665,456.6000061,18.80830002,1844.130005,1011.559998,141202000,20.2064991,20.2064991,472.4930115,1144.040039,1179.109985,22145.19922,236.2799988,83,143.878006,1000,0,584,11892,6,947,51,120,134
B3696,0.0382,288.4349976,36,47,2006,3,5.977920055,39,25,0.979283988,219,1.673320055,16,-0.037037,116.9283,28.2058,0.6653,424.1000061,19.29999924,1960.410034,1051.800049,142484992,21.61650085,21.61650085,527.8740234,1474.420044,1163.349976,527.8740234,277.1199951,81,227.6419983,1000,0,530,12409.2998,6,947,51,120,134
B3697,0.0316,288.4349976,36,47,2007,3,5.977920055,39,25,0.979283988,219,1.673320055,16,-0.271605015,116.9283,28.2058,0.7335,459.5,19.5333004,1360.780029,1037.920044,153762000,22.41390038,22.41390038,447.6390076,1777.880005,1112.369995,27242,288.625,82,311.4049988,1000,0,516,12600.90039,6,947,51,120,134
B3698,0.0293,288.4349976,36,47,2008,3,5.977920055,39,25,0.979283988,219,1.673320055,16,-0.049382702,116.9283,28.2058,0.7111,479.7999878,18.80830002,1675.040039,1106.959961,150796992,22.62870026,22.62870026,416.3269958,2038.699951,1442.160034,26817.80078,276.8200073,81,395.1679993,1000,0,578,12716.5,6,947,51,120,134
B3699,0.0272,288.4349976,36,47,2009,3,5.977920055,39,25,0.979283988,219,1.673320055,16,0.283951014,116.9283,28.2058,0.7398,470.2000122,19.14999962,1549.77002,1046.849976,149860000,22.98240089,22.98240089,393.7999878,1780.5,993.4819946,26216.90039,245.3760071,82,478.9309998,1000,0,606,13280.09961,6,947,51,120,134
B3700,0.0325,288.4349976,36,47,2010,3,5.977920055,39,25,0.979283988,219,1.673320055,16,-0.037037,116.9283,28.2058,0.688,445.2000122,18.73329926,2634.969971,932.1300049,137320000,21.88559914,21.88559914,401.7520142,1884.619995,1001.73999,26914.69922,255.0700073,81,562.6950073,1000,0,649,13787.2002,6,947,51,120,134
B3707,0.0665,135,4,1031,2007,65,6.974420071,73,23,0.328489989,159,1.732049942,0,-0.172839999,80.85,40.6167,0.6919,33.79999924,12.93330002,269.7909851,30.01079941,170052992,19.0625,19.0625,76.98960114,469.1220093,461.1929932,4356.549805,43.45769882,86,163.3359985,1414.209961,72006.89844,684,9761.179688,6,2423,72,148,145
B3708,0.0627,135,4,1031,2008,65,6.974420071,73,23,0.328489989,159,1.732049942,0,-0.382716,80.85,40.6167,0.8357,54.5,12.24170017,74.09919739,57.31689835,168208000,17.74469948,17.74469948,73.98970032,442.0209961,525.8939819,3980.459961,40.23130035,86,199.5859985,1414.209961,72006.89844,868,11096.5,6,2423,72,148,145
B3709,0.0825,135,4,1031,2009,65,6.974420071,73,23,0.328489989,159,1.732049942,0,0.111111,80.85,40.6167,0.7445,66,12.3416996,61.41109848,33.44079971,170656992,18.77739906,18.77739906,77.72660065,456.5400085,505.4140015,4023.939941,42.23590088,86,235.8370056,1414.209961,72006.89844,696,11271.59961,6,2423,72,148,145
B3710,0.052,135,4,1031,2010,65,6.974420071,73,23,0.328489989,159,1.732049942,0,0.0123457,80.85,40.6167,0.7633,73.30000305,12.27499962,120.3130035,143.2189941,161728000,19.0007,19.0007,78.23100281,573.9890137,514.09198,4396.759766,43.79639816,82,272.0870056,1414.209961,72006.89844,617,12342.40039,6,2423,72,148,145
B3711,0.0652,26.56509972,4,1365,2005,168,3.54192996,93,3,0.346258998,100,0.632456005,-4,-0.123457,80.7292,37.0158,0.2586,142.8000031,13.13329983,56.30979919,93.45960236,165954000,26.72710037,26.72710037,29.31419945,110.2639999,74.80590057,1484.630005,14.59969997,22,8.699899673,2000,11000,5,2125.73999,6,1924,77,196,139
B3712,0.0616,26.56509972,4,1365,2006,168,3.54192996,93,3,0.346258998,100,0.632456005,-4,0.024691399,80.7292,37.0158,0.1991,106.6999969,13.92500019,44.48410034,67.70110321,168200000,26.42320061,26.42320061,24.03319931,116.2300034,77.8451004,24.03319931,11.71119976,21,10.55130005,2000,11000,1,2353.719971,6,1924,77,196,139
B3713,0.0225,26.56509972,4,1365,2007,168,3.54192996,93,3,0.346258998,100,0.632456005,-4,-0.345678985,80.7292,37.0158,0.1625,108,14.2833004,81.17169952,49.16279984,172316000,27.14579964,27.14579964,23.09280014,115.1070023,81.81330109,1161.689941,11.18019962,20,12.40439987,2000,11000,1,2521.929932,6,1924,77,196,139
B3714,0.0228,26.56509972,4,1365,2008,168,3.54192996,93,3,0.346258998,100,0.632456005,-4,-0.037037,80.7292,37.0158,0.1576,112.5999985,13.47500038,45.55870056,44.88069916,170248000,27.71240044,27.71240044,22.55179977,124.8430023,67.69609833,1183.72998,11.25720024,20,14.25749969,2000,11000,3,3213.879883,6,1924,77,196,139
B3715,0.0191,26.56509972,4,1365,2009,168,3.54192996,93,3,0.346258998,100,0.632456005,-4,-0.0123457,80.7292,37.0158,0.1723,139.3999939,13.64999962,31.00670052,32.76549911,172579008,25.99620056,25.99620056,22.54560089,123.4499969,61.34069824,1157.069946,11.0298996,20,16.11059952,2000,11000,2,3192.929932,6,1924,77,196,139
B3716,0.0184,26.56509972,4,1365,2010,168,3.54192996,93,3,0.346258998,100,0.632456005,-4,-0.0123457,80.7292,37.0158,0.1525,197.1000061,13.61670017,156.9779968,138.0659943,161420000,26.16309929,26.16309929,22.18619919,131.2859955,61.98350143,1154.839966,10.61149979,20,17.96360016,2000,11000,87,3373.060059,6,1924,77,196,139
B3717,0.0048,184.0859985,43,260,2010,53,1.916640043,24,33,2.172430038,104,2.236069918,16,0.0123457,108.3333,24.7333,0.8106,938.7999878,19.94169998,1453.050049,931.1920166,125075000,24.3416996,24.3416996,198.8500061,556.375,840.0130005,7644.850098,67.0759964,18,181.9429932,4000,6082.759766,205,34947.69922,6,2171,58,196,123
B3718,0.0844,233.1300049,4,1381,2005,0,6.361889839,93,3,0.77421999,100,1.897369981,16,-0.037037,100.1167,39.35,0.662,194.1999969,8.058329582,163.5559998,149.9380035,169703008,22.21829987,22.21829987,197.8589935,1460.790039,1895.97998,9636.099609,103.439003,26,111.0009995,21377.59961,21587,13,10554.5,6,1291,84,168,147
B3719,0.0958,233.1300049,4,1381,2007,0,6.361889839,93,3,0.77421999,100,1.897369981,16,-0.111111,100.1167,39.35,0.6935,211.8000031,8.458330154,206.6849976,211.701004,165667008,21.93320084,21.93320084,232.5659943,9012.179688,1956.170044,23823.09961,103.4420013,25,116.8639984,21377.59961,21587,42,11325.7002,6,1291,84,168,147
B3720,0.0689,233.1300049,4,1381,2009,0,6.361889839,93,3,0.77421999,100,1.897369981,16,-0.0123457,100.1167,39.35,0.6556,231,8.508330345,162.4389954,188.1549988,169746000,21.00580025,21.00580025,234.6959991,7115.689941,1724.790039,20830.80078,107.2529984,25,110.6940002,21377.59961,21587,1,10403.40039,6,1291,84,168,147
B3722,0.0692,233.1300049,4,1381,2006,0,6.361889839,93,3,0.77421999,100,1.897369981,16,0.185185,100.1167,39.35,0.7055,192.8000031,8.741669655,124.5820007,157.7949982,167278000,21.9307003,21.9307003,216.9380035,6665.279785,1892.689941,216.9380035,99.97650146,25,119.9489975,21377.59961,21587,1,11146,6,1291,84,168,147
B3723,0.0504,233.1300049,4,1381,2008,0,6.361889839,93,3,0.77421999,100,1.897369981,16,-0.160494,100.1167,39.35,0.6166,199.3000031,7.783329964,148.6199951,190.9940033,171934000,20.20359993,20.20359993,241.4989929,8536.290039,1663.280029,23399.30078,110.8170013,25,113.7789993,21377.59961,21587,119,10284.2002,6,1291,84,168,147
B3724,0.039,233.1300049,4,1381,2010,0,6.361889839,93,3,0.77421999,100,1.897369981,16,0.061728399,100.1167,39.35,0.6001,186.3999939,8.558329582,200.6860046,206.4629974,164592000,20.76569939,20.76569939,243.3139954,7767.689941,1739.319946,22388,109.8619995,25,107.6100006,21377.59961,21587,91,10981,6,1291,84,168,147
